0 verbose cli /usr/local/Cellar/node/25.2.1/bin/node /usr/local/bin/npm
1 info using npm@11.6.4
2 info using node@v25.2.1
3 silly config load:file:/usr/local/lib/node_modules/npm/npmrc
4 silly config load:file:/Users/timofey/Downloads/download (1)/.npmrc
5 silly config load:file:/Users/timofey/.npmrc
6 silly config load:file:/usr/local/etc/npmrc
7 verbose title npm install
8 verbose argv "install" "--cache" "./.npm-cache"
9 verbose logfile logs-max:10 dir:/Users/timofey/Downloads/download (1)/.npm-cache/_logs/2026-01-08T17_19_22_476Z-
10 verbose logfile /Users/timofey/Downloads/download (1)/.npm-cache/_logs/2026-01-08T17_19_22_476Z-debug-0.log
11 silly logfile done cleaning log files
12 silly packumentCache heap:4496293888 maxSize:1124073472 maxEntrySize:562036736
13 silly idealTree buildDeps
14 silly fetch manifest firebase-admin@^12.5.0
15 silly packumentCache full:https://registry.npmjs.org/firebase-admin cache-miss
16 http cache https://registry.npmjs.org/firebase-admin 28ms (cache hit)
17 silly packumentCache full:https://registry.npmjs.org/firebase-admin set size:716837 disposed:false
18 silly fetch manifest mongodb@^6.13.0
19 silly packumentCache full:https://registry.npmjs.org/mongodb cache-miss
20 http cache https://registry.npmjs.org/mongodb 25ms (cache hit)
21 silly packumentCache full:https://registry.npmjs.org/mongodb set size:3931535 disposed:false
22 silly fetch manifest @aws-sdk/credential-providers@^3.188.0
23 silly packumentCache full:https://registry.npmjs.org/@aws-sdk%2fcredential-providers cache-miss
24 http cache https://registry.npmjs.org/@aws-sdk%2fcredential-providers 15ms (cache hit)
25 silly packumentCache full:https://registry.npmjs.org/@aws-sdk%2fcredential-providers set size:1810987 disposed:false
26 silly fetch manifest @mongodb-js/zstd@^1.1.0 || ^2.0.0
27 silly packumentCache full:https://registry.npmjs.org/@mongodb-js%2fzstd cache-miss
28 http cache https://registry.npmjs.org/@mongodb-js%2fzstd 5ms (cache hit)
29 silly packumentCache full:https://registry.npmjs.org/@mongodb-js%2fzstd set size:99210 disposed:false
30 silly fetch manifest gcp-metadata@^5.2.0
31 silly packumentCache full:https://registry.npmjs.org/gcp-metadata cache-miss
32 http cache https://registry.npmjs.org/gcp-metadata 8ms (cache hit)
33 silly packumentCache full:https://registry.npmjs.org/gcp-metadata set size:191448 disposed:false
34 silly fetch manifest kerberos@^2.0.1
35 silly packumentCache full:https://registry.npmjs.org/kerberos cache-miss
36 http cache https://registry.npmjs.org/kerberos 4ms (cache hit)
37 silly packumentCache full:https://registry.npmjs.org/kerberos set size:117635 disposed:false
38 silly fetch manifest mongodb-client-encryption@>=6.0.0 <7
39 silly packumentCache full:https://registry.npmjs.org/mongodb-client-encryption cache-miss
40 http cache https://registry.npmjs.org/mongodb-client-encryption 5ms (cache hit)
41 silly packumentCache full:https://registry.npmjs.org/mongodb-client-encryption set size:262485 disposed:false
42 silly fetch manifest snappy@^7.3.2
43 silly packumentCache full:https://registry.npmjs.org/snappy cache-miss
44 http cache https://registry.npmjs.org/snappy 5ms (cache hit)
45 silly packumentCache full:https://registry.npmjs.org/snappy set size:185121 disposed:false
46 silly fetch manifest socks@^2.7.1
47 silly packumentCache full:https://registry.npmjs.org/socks cache-miss
48 http cache https://registry.npmjs.org/socks 5ms (cache hit)
49 silly packumentCache full:https://registry.npmjs.org/socks set size:168523 disposed:false
50 silly fetch manifest next-auth@^4.24.11
51 silly packumentCache full:https://registry.npmjs.org/next-auth cache-miss
52 http cache https://registry.npmjs.org/next-auth 20ms (cache hit)
53 silly packumentCache full:https://registry.npmjs.org/next-auth set size:3623524 disposed:false
54 silly fetch manifest @auth/core@0.34.3
55 silly packumentCache full:https://registry.npmjs.org/@auth%2fcore cache-miss
56 http cache https://registry.npmjs.org/@auth%2fcore 5ms (cache hit)
57 silly packumentCache full:https://registry.npmjs.org/@auth%2fcore set size:375031 disposed:false
58 silly fetch manifest @simplewebauthn/browser@^9.0.1
59 silly packumentCache full:https://registry.npmjs.org/@simplewebauthn%2fbrowser cache-miss
60 http cache https://registry.npmjs.org/@simplewebauthn%2fbrowser 4ms (cache hit)
61 silly packumentCache full:https://registry.npmjs.org/@simplewebauthn%2fbrowser set size:177539 disposed:false
62 silly fetch manifest @simplewebauthn/server@^9.0.2
63 silly packumentCache full:https://registry.npmjs.org/@simplewebauthn%2fserver cache-miss
64 http cache https://registry.npmjs.org/@simplewebauthn%2fserver 9ms (cache hit)
65 silly packumentCache full:https://registry.npmjs.org/@simplewebauthn%2fserver set size:275630 disposed:false
66 silly fetch manifest nodemailer@^7.0.7
67 silly packumentCache full:https://registry.npmjs.org/nodemailer cache-miss
68 http cache https://registry.npmjs.org/nodemailer 8ms (cache hit)
69 silly packumentCache full:https://registry.npmjs.org/nodemailer set size:555947 disposed:false
70 silly fetch manifest next@14.2.35
71 silly packumentCache full:https://registry.npmjs.org/next cache-miss
72 http cache https://registry.npmjs.org/next 117ms (cache hit)
73 silly packumentCache full:https://registry.npmjs.org/next set size:28345642 disposed:false
74 silly fetch manifest @opentelemetry/api@^1.1.0
75 silly packumentCache full:https://registry.npmjs.org/@opentelemetry%2fapi cache-miss
76 http cache https://registry.npmjs.org/@opentelemetry%2fapi 44ms (cache hit)
77 silly packumentCache full:https://registry.npmjs.org/@opentelemetry%2fapi set size:455567 disposed:false
78 silly fetch manifest @playwright/test@^1.41.2
79 silly packumentCache full:https://registry.npmjs.org/@playwright%2ftest cache-miss
80 http cache https://registry.npmjs.org/@playwright%2ftest 42ms (cache hit)
81 silly packumentCache full:https://registry.npmjs.org/@playwright%2ftest set size:8604058 disposed:false
82 silly fetch manifest react@18.3.1
83 silly packumentCache full:https://registry.npmjs.org/react cache-miss
84 http cache https://registry.npmjs.org/react 34ms (cache hit)
85 silly packumentCache full:https://registry.npmjs.org/react set size:6366570 disposed:false
86 silly fetch manifest react-dom@18.3.1
87 silly packumentCache full:https://registry.npmjs.org/react-dom cache-miss
88 http cache https://registry.npmjs.org/react-dom 37ms (cache hit)
89 silly packumentCache full:https://registry.npmjs.org/react-dom set size:8382055 disposed:false
90 silly fetch manifest sass@^1.3.0
91 silly packumentCache full:https://registry.npmjs.org/sass cache-miss
92 http cache https://registry.npmjs.org/sass 7ms (cache hit)
93 silly packumentCache full:https://registry.npmjs.org/sass set size:719969 disposed:false
94 silly fetch manifest bcryptjs@^2.4.3
95 silly packumentCache full:https://registry.npmjs.org/bcryptjs cache-miss
96 http fetch GET 200 https://registry.npmjs.org/bcryptjs 1366ms (cache miss)
97 silly packumentCache full:https://registry.npmjs.org/bcryptjs set size:undefined disposed:false
98 silly placeDep ROOT bcryptjs@2.4.3 OK for: ai-smetchik-v3-gemini@0.1.0 want: ^2.4.3
99 silly placeDep ROOT firebase-admin@12.7.0 OK for: ai-smetchik-v3-gemini@0.1.0 want: ^12.5.0
100 silly placeDep ROOT mongodb@6.21.0 OK for: ai-smetchik-v3-gemini@0.1.0 want: ^6.13.0
101 silly placeDep ROOT next-auth@4.24.13 OK for: ai-smetchik-v3-gemini@0.1.0 want: ^4.24.11
102 silly placeDep ROOT nodemailer@7.0.12 OK for: ai-smetchik-v3-gemini@0.1.0 want: ^7.0.7
103 silly fetch manifest jwks-rsa@^3.1.0
104 silly packumentCache full:https://registry.npmjs.org/jwks-rsa cache-miss
105 silly fetch manifest node-forge@^1.3.1
106 silly packumentCache full:https://registry.npmjs.org/node-forge cache-miss
107 silly fetch manifest @types/node@^22.0.1
108 silly packumentCache full:https://registry.npmjs.org/@types%2fnode cache-miss
109 silly fetch manifest jsonwebtoken@^9.0.0
110 silly packumentCache full:https://registry.npmjs.org/jsonwebtoken cache-miss
111 silly fetch manifest @fastify/busboy@^3.0.0
112 silly packumentCache full:https://registry.npmjs.org/@fastify%2fbusboy cache-miss
113 silly fetch manifest farmhash-modern@^1.1.0
114 silly packumentCache full:https://registry.npmjs.org/farmhash-modern cache-miss
115 silly fetch manifest @google-cloud/storage@^7.7.0
116 silly packumentCache full:https://registry.npmjs.org/@google-cloud%2fstorage cache-miss
117 http fetch GET 200 https://registry.npmjs.org/jwks-rsa 519ms (cache miss)
118 silly packumentCache full:https://registry.npmjs.org/jwks-rsa set size:undefined disposed:false
119 silly fetch manifest @google-cloud/firestore@^7.7.0
120 silly packumentCache full:https://registry.npmjs.org/@google-cloud%2ffirestore cache-miss
121 http fetch GET 200 https://registry.npmjs.org/@google-cloud%2ffirestore 856ms (cache miss)
122 silly packumentCache full:https://registry.npmjs.org/@google-cloud%2ffirestore set size:undefined disposed:false
123 silly fetch manifest bson@^6.10.4
124 silly packumentCache full:https://registry.npmjs.org/bson cache-miss
125 http fetch GET 200 https://registry.npmjs.org/bson 818ms (cache miss)
126 silly packumentCache full:https://registry.npmjs.org/bson set size:undefined disposed:false
127 silly fetch manifest @mongodb-js/saslprep@^1.3.0
128 silly packumentCache full:https://registry.npmjs.org/@mongodb-js%2fsaslprep cache-miss
129 http fetch GET 200 https://registry.npmjs.org/farmhash-modern 2219ms (cache miss)
130 silly packumentCache full:https://registry.npmjs.org/farmhash-modern set size:undefined disposed:false
131 silly fetch manifest mongodb-connection-string-url@^3.0.2
132 silly packumentCache full:https://registry.npmjs.org/mongodb-connection-string-url cache-miss
133 http fetch GET 200 https://registry.npmjs.org/@fastify%2fbusboy 2652ms (cache miss)
134 silly packumentCache full:https://registry.npmjs.org/@fastify%2fbusboy set size:undefined disposed:false
135 silly fetch manifest @panva/hkdf@^1.0.2
136 silly packumentCache full:https://registry.npmjs.org/@panva%2fhkdf cache-miss
137 http fetch GET 200 https://registry.npmjs.org/jsonwebtoken 2698ms (cache miss)
138 silly packumentCache full:https://registry.npmjs.org/jsonwebtoken set size:undefined disposed:false
139 silly fetch manifest cookie@^0.7.0
140 silly packumentCache full:https://registry.npmjs.org/cookie cache-miss
141 http fetch GET 200 https://registry.npmjs.org/node-forge 2999ms (cache miss)
142 silly packumentCache full:https://registry.npmjs.org/node-forge set size:undefined disposed:false
143 silly fetch manifest jose@^4.15.5
144 silly packumentCache full:https://registry.npmjs.org/jose cache-miss
145 http fetch GET 200 https://registry.npmjs.org/@mongodb-js%2fsaslprep 1706ms (cache miss)
146 silly packumentCache full:https://registry.npmjs.org/@mongodb-js%2fsaslprep set size:undefined disposed:false
147 silly fetch manifest oauth@^0.9.15
148 silly packumentCache full:https://registry.npmjs.org/oauth cache-miss
149 http fetch GET 200 https://registry.npmjs.org/@google-cloud%2fstorage 4105ms (cache miss)
150 silly packumentCache full:https://registry.npmjs.org/@google-cloud%2fstorage set size:undefined disposed:false
151 silly fetch manifest openid-client@^5.4.0
152 silly packumentCache full:https://registry.npmjs.org/openid-client cache-miss
153 http fetch GET 200 https://registry.npmjs.org/@panva%2fhkdf 1579ms (cache miss)
154 silly packumentCache full:https://registry.npmjs.org/@panva%2fhkdf set size:undefined disposed:false
155 silly fetch manifest preact@^10.6.3
156 silly packumentCache full:https://registry.npmjs.org/preact cache-miss
157 http fetch GET 200 https://registry.npmjs.org/mongodb-connection-string-url 2233ms (cache miss)
158 silly packumentCache full:https://registry.npmjs.org/mongodb-connection-string-url set size:undefined disposed:false
159 silly fetch manifest preact-render-to-string@^5.1.19
160 silly packumentCache full:https://registry.npmjs.org/preact-render-to-string cache-miss
161 http fetch GET 200 https://registry.npmjs.org/cookie 1861ms (cache miss)
162 silly packumentCache full:https://registry.npmjs.org/cookie set size:undefined disposed:false
163 silly fetch manifest uuid@^8.3.2
164 silly packumentCache full:https://registry.npmjs.org/uuid cache-miss
165 http fetch GET 200 https://registry.npmjs.org/oauth 1232ms (cache miss)
166 silly packumentCache full:https://registry.npmjs.org/oauth set size:undefined disposed:false
167 http fetch GET 200 https://registry.npmjs.org/jose 3204ms (cache miss)
168 silly packumentCache full:https://registry.npmjs.org/jose set size:undefined disposed:false
169 http fetch GET 200 https://registry.npmjs.org/uuid 2020ms (cache miss)
170 silly packumentCache full:https://registry.npmjs.org/uuid set size:undefined disposed:false
171 http fetch GET 200 https://registry.npmjs.org/preact-render-to-string 2455ms (cache miss)
172 silly packumentCache full:https://registry.npmjs.org/preact-render-to-string set size:undefined disposed:false
173 http fetch GET 200 https://registry.npmjs.org/openid-client 2985ms (cache miss)
174 silly packumentCache full:https://registry.npmjs.org/openid-client set size:undefined disposed:false
175 http fetch GET 200 https://registry.npmjs.org/preact 3287ms (cache miss)
176 silly packumentCache full:https://registry.npmjs.org/preact set size:undefined disposed:false
177 http fetch GET 200 https://registry.npmjs.org/@types%2fnode 9118ms (cache miss)
178 silly packumentCache full:https://registry.npmjs.org/@types%2fnode set size:undefined disposed:false
179 silly placeDep ROOT @fastify/busboy@3.2.0 OK for: firebase-admin@12.7.0 want: ^3.0.0
180 silly placeDep ROOT @google-cloud/firestore@7.11.6 OK for: firebase-admin@12.7.0 want: ^7.7.0
181 silly placeDep ROOT @google-cloud/storage@7.18.0 OK for: firebase-admin@12.7.0 want: ^7.7.0
182 silly placeDep node_modules/firebase-admin @types/node@22.19.3 OK for: firebase-admin@12.7.0 want: ^22.0.1
183 silly placeDep ROOT farmhash-modern@1.1.0 OK for: firebase-admin@12.7.0 want: ^1.1.0
184 silly placeDep ROOT jsonwebtoken@9.0.3 OK for: firebase-admin@12.7.0 want: ^9.0.0
185 silly placeDep ROOT jwks-rsa@3.2.0 OK for: firebase-admin@12.7.0 want: ^3.1.0
186 silly placeDep ROOT node-forge@1.3.3 OK for: firebase-admin@12.7.0 want: ^1.3.1
187 silly fetch manifest google-gax@^4.3.3
188 silly packumentCache full:https://registry.npmjs.org/google-gax cache-miss
189 silly fetch manifest @opentelemetry/api@^1.3.0
190 silly packumentCache full:https://registry.npmjs.org/@opentelemetry%2fapi cache-hit
191 silly fetch manifest functional-red-black-tree@^1.0.1
192 silly packumentCache full:https://registry.npmjs.org/functional-red-black-tree cache-miss
193 silly fetch manifest @google-cloud/paginator@^5.0.0
194 silly packumentCache full:https://registry.npmjs.org/@google-cloud%2fpaginator cache-miss
195 silly fetch manifest @google-cloud/projectify@^4.0.0
196 silly packumentCache full:https://registry.npmjs.org/@google-cloud%2fprojectify cache-miss
197 silly fetch manifest @google-cloud/promisify@<4.1.0
198 silly packumentCache full:https://registry.npmjs.org/@google-cloud%2fpromisify cache-miss
199 silly fetch manifest abort-controller@^3.0.0
200 silly packumentCache full:https://registry.npmjs.org/abort-controller cache-miss
201 silly fetch manifest async-retry@^1.3.3
202 silly packumentCache full:https://registry.npmjs.org/async-retry cache-miss
203 http fetch GET 200 https://registry.npmjs.org/@google-cloud%2fpromisify 660ms (cache miss)
204 silly packumentCache full:https://registry.npmjs.org/@google-cloud%2fpromisify set size:undefined disposed:false
205 silly fetch manifest duplexify@^4.1.3
206 silly packumentCache full:https://registry.npmjs.org/duplexify cache-miss
207 http fetch GET 200 https://registry.npmjs.org/@google-cloud%2fpaginator 722ms (cache miss)
208 silly packumentCache full:https://registry.npmjs.org/@google-cloud%2fpaginator set size:undefined disposed:false
209 silly fetch manifest gaxios@^6.0.2
210 silly packumentCache full:https://registry.npmjs.org/gaxios cache-miss
211 http fetch GET 200 https://registry.npmjs.org/@google-cloud%2fprojectify 744ms (cache miss)
212 silly packumentCache full:https://registry.npmjs.org/@google-cloud%2fprojectify set size:undefined disposed:false
213 silly fetch manifest google-auth-library@^9.6.3
214 silly packumentCache full:https://registry.npmjs.org/google-auth-library cache-miss
215 http fetch GET 200 https://registry.npmjs.org/functional-red-black-tree 1123ms (cache miss)
216 silly packumentCache full:https://registry.npmjs.org/functional-red-black-tree set size:undefined disposed:false
217 silly fetch manifest html-entities@^2.5.2
218 silly packumentCache full:https://registry.npmjs.org/html-entities cache-miss
219 http fetch GET 200 https://registry.npmjs.org/google-gax 1346ms (cache miss)
220 silly packumentCache full:https://registry.npmjs.org/google-gax set size:undefined disposed:false
221 silly fetch manifest mime@^3.0.0
222 silly packumentCache full:https://registry.npmjs.org/mime cache-miss
223 http fetch GET 200 https://registry.npmjs.org/abort-controller 1408ms (cache miss)
224 silly packumentCache full:https://registry.npmjs.org/abort-controller set size:undefined disposed:false
225 silly fetch manifest retry-request@^7.0.0
226 silly packumentCache full:https://registry.npmjs.org/retry-request cache-miss
227 http fetch GET 200 https://registry.npmjs.org/duplexify 752ms (cache miss)
228 silly packumentCache full:https://registry.npmjs.org/duplexify set size:undefined disposed:false
229 silly fetch manifest teeny-request@^9.0.0
230 silly packumentCache full:https://registry.npmjs.org/teeny-request cache-miss
231 http fetch GET 200 https://registry.npmjs.org/async-retry 1460ms (cache miss)
232 silly packumentCache full:https://registry.npmjs.org/async-retry set size:undefined disposed:false
233 silly fetch manifest uuid@^8.0.0
234 silly packumentCache full:https://registry.npmjs.org/uuid cache-miss
235 http cache https://registry.npmjs.org/uuid 7ms (cache hit)
236 silly packumentCache full:https://registry.npmjs.org/uuid set size:224608 disposed:false
237 silly fetch manifest jws@^4.0.1
238 silly packumentCache full:https://registry.npmjs.org/jws cache-miss
239 http fetch GET 200 https://registry.npmjs.org/jws 626ms (cache miss)
240 silly packumentCache full:https://registry.npmjs.org/jws set size:undefined disposed:false
241 silly fetch manifest lodash.once@^4.0.0
242 silly packumentCache full:https://registry.npmjs.org/lodash.once cache-miss
243 http fetch GET 200 https://registry.npmjs.org/google-auth-library 1618ms (cache miss)
244 silly packumentCache full:https://registry.npmjs.org/google-auth-library set size:undefined disposed:false
245 silly fetch manifest lodash.includes@^4.3.0
246 silly packumentCache full:https://registry.npmjs.org/lodash.includes cache-miss
247 http fetch GET 200 https://registry.npmjs.org/html-entities 1259ms (cache miss)
248 silly packumentCache full:https://registry.npmjs.org/html-entities set size:undefined disposed:false
249 silly fetch manifest lodash.isnumber@^3.0.3
250 silly packumentCache full:https://registry.npmjs.org/lodash.isnumber cache-miss
251 http fetch GET 200 https://registry.npmjs.org/mime 1023ms (cache miss)
252 silly packumentCache full:https://registry.npmjs.org/mime set size:undefined disposed:false
253 silly fetch manifest lodash.isstring@^4.0.1
254 silly packumentCache full:https://registry.npmjs.org/lodash.isstring cache-miss
255 http fetch GET 200 https://registry.npmjs.org/gaxios 1759ms (cache miss)
256 silly packumentCache full:https://registry.npmjs.org/gaxios set size:undefined disposed:false
257 silly fetch manifest lodash.isboolean@^3.0.3
258 silly packumentCache full:https://registry.npmjs.org/lodash.isboolean cache-miss
259 http fetch GET 200 https://registry.npmjs.org/retry-request 1161ms (cache miss)
260 silly packumentCache full:https://registry.npmjs.org/retry-request set size:undefined disposed:false
261 silly fetch manifest lodash.isinteger@^4.0.4
262 silly packumentCache full:https://registry.npmjs.org/lodash.isinteger cache-miss
263 http fetch GET 200 https://registry.npmjs.org/lodash.once 472ms (cache miss)
264 silly packumentCache full:https://registry.npmjs.org/lodash.once set size:undefined disposed:false
265 silly fetch manifest lodash.isplainobject@^4.0.6
266 silly packumentCache full:https://registry.npmjs.org/lodash.isplainobject cache-miss
267 http fetch GET 200 https://registry.npmjs.org/lodash.isnumber 208ms (cache miss)
268 silly packumentCache full:https://registry.npmjs.org/lodash.isnumber set size:undefined disposed:false
269 silly fetch manifest jose@^4.15.4
270 silly packumentCache full:https://registry.npmjs.org/jose cache-miss
271 http cache https://registry.npmjs.org/jose 9ms (cache hit)
272 silly packumentCache full:https://registry.npmjs.org/jose set size:1390941 disposed:false
273 silly fetch manifest limiter@^1.1.5
274 silly packumentCache full:https://registry.npmjs.org/limiter cache-miss
275 http fetch GET 200 https://registry.npmjs.org/lodash.includes 252ms (cache miss)
276 silly packumentCache full:https://registry.npmjs.org/lodash.includes set size:undefined disposed:false
277 silly fetch manifest lru-memoizer@^2.2.0
278 silly packumentCache full:https://registry.npmjs.org/lru-memoizer cache-miss
279 http fetch GET 200 https://registry.npmjs.org/teeny-request 1211ms (cache miss)
280 silly packumentCache full:https://registry.npmjs.org/teeny-request set size:undefined disposed:false
281 silly fetch manifest @types/express@^4.17.20
282 silly packumentCache full:https://registry.npmjs.org/@types%2fexpress cache-miss
283 http fetch GET 200 https://registry.npmjs.org/lodash.isboolean 145ms (cache miss)
284 silly packumentCache full:https://registry.npmjs.org/lodash.isboolean set size:undefined disposed:false
285 silly fetch manifest @types/jsonwebtoken@^9.0.4
286 silly packumentCache full:https://registry.npmjs.org/@types%2fjsonwebtoken cache-miss
287 http fetch GET 200 https://registry.npmjs.org/lodash.isstring 277ms (cache miss)
288 silly packumentCache full:https://registry.npmjs.org/lodash.isstring set size:undefined disposed:false
289 http fetch GET 200 https://registry.npmjs.org/limiter 180ms (cache miss)
290 silly packumentCache full:https://registry.npmjs.org/limiter set size:undefined disposed:false
291 http fetch GET 200 https://registry.npmjs.org/lodash.isinteger 236ms (cache miss)
292 silly packumentCache full:https://registry.npmjs.org/lodash.isinteger set size:undefined disposed:false
293 http fetch GET 200 https://registry.npmjs.org/lodash.isplainobject 237ms (cache miss)
294 silly packumentCache full:https://registry.npmjs.org/lodash.isplainobject set size:undefined disposed:false
295 http fetch GET 200 https://registry.npmjs.org/lru-memoizer 284ms (cache miss)
296 silly packumentCache full:https://registry.npmjs.org/lru-memoizer set size:undefined disposed:false
297 http fetch GET 200 https://registry.npmjs.org/@types%2fexpress 299ms (cache miss)
298 silly packumentCache full:https://registry.npmjs.org/@types%2fexpress set size:undefined disposed:false
299 http fetch GET 200 https://registry.npmjs.org/@types%2fjsonwebtoken 358ms (cache miss)
300 silly packumentCache full:https://registry.npmjs.org/@types%2fjsonwebtoken set size:undefined disposed:false
301 silly placeDep ROOT @opentelemetry/api@1.9.0 OK for: @google-cloud/firestore@7.11.6 want: ^1.3.0
302 silly placeDep ROOT functional-red-black-tree@1.0.1 OK for: @google-cloud/firestore@7.11.6 want: ^1.0.1
303 silly placeDep ROOT google-gax@4.6.1 OK for: @google-cloud/firestore@7.11.6 want: ^4.3.3
304 silly fetch manifest uuid@^9.0.1
305 silly packumentCache full:https://registry.npmjs.org/uuid cache-hit
306 silly fetch manifest duplexify@^4.0.0
307 silly packumentCache full:https://registry.npmjs.org/duplexify cache-miss
308 silly fetch manifest @types/long@^4.0.0
309 silly packumentCache full:https://registry.npmjs.org/@types%2flong cache-miss
310 silly fetch manifest @grpc/grpc-js@^1.10.9
311 silly packumentCache full:https://registry.npmjs.org/@grpc%2fgrpc-js cache-miss
312 silly fetch manifest google-auth-library@^9.3.0
313 silly packumentCache full:https://registry.npmjs.org/google-auth-library cache-miss
314 silly fetch manifest proto3-json-serializer@^2.0.2
315 silly packumentCache full:https://registry.npmjs.org/proto3-json-serializer cache-miss
316 http cache https://registry.npmjs.org/duplexify 10ms (cache hit)
317 silly packumentCache full:https://registry.npmjs.org/duplexify set size:73064 disposed:false
318 http cache https://registry.npmjs.org/google-auth-library 13ms (cache hit)
319 silly packumentCache full:https://registry.npmjs.org/google-auth-library set size:717468 disposed:false
320 http fetch GET 200 https://registry.npmjs.org/@types%2flong 145ms (cache miss)
321 silly packumentCache full:https://registry.npmjs.org/@types%2flong set size:undefined disposed:false
322 http fetch GET 200 https://registry.npmjs.org/proto3-json-serializer 186ms (cache miss)
323 silly packumentCache full:https://registry.npmjs.org/proto3-json-serializer set size:undefined disposed:false
324 http fetch GET 200 https://registry.npmjs.org/@grpc%2fgrpc-js 418ms (cache miss)
325 silly packumentCache full:https://registry.npmjs.org/@grpc%2fgrpc-js set size:undefined disposed:false
326 silly placeDep ROOT @google-cloud/paginator@5.0.2 OK for: @google-cloud/storage@7.18.0 want: ^5.0.0
327 silly placeDep ROOT @google-cloud/projectify@4.0.0 OK for: @google-cloud/storage@7.18.0 want: ^4.0.0
328 silly placeDep ROOT @google-cloud/promisify@4.0.0 OK for: @google-cloud/storage@7.18.0 want: <4.1.0
329 silly placeDep ROOT abort-controller@3.0.0 OK for: @google-cloud/storage@7.18.0 want: ^3.0.0
330 silly placeDep ROOT async-retry@1.3.3 OK for: @google-cloud/storage@7.18.0 want: ^1.3.3
331 silly placeDep ROOT duplexify@4.1.3 OK for: @google-cloud/storage@7.18.0 want: ^4.1.3
332 silly placeDep ROOT gaxios@6.7.1 OK for: @google-cloud/storage@7.18.0 want: ^6.0.2
333 silly placeDep ROOT google-auth-library@9.15.1 OK for: @google-cloud/storage@7.18.0 want: ^9.6.3
334 silly placeDep ROOT html-entities@2.6.0 OK for: @google-cloud/storage@7.18.0 want: ^2.5.2
335 silly placeDep node_modules/@google-cloud/storage mime@3.0.0 OK for: @google-cloud/storage@7.18.0 want: ^3.0.0
336 silly placeDep ROOT retry-request@7.0.2 OK for: @google-cloud/storage@7.18.0 want: ^7.0.0
337 silly placeDep ROOT teeny-request@9.0.0 OK for: @google-cloud/storage@7.18.0 want: ^9.0.0
338 silly placeDep node_modules/@google-cloud/storage uuid@8.3.2 OK for: @google-cloud/storage@7.18.0 want: ^8.0.0
339 silly fetch manifest arrify@^2.0.0
340 silly packumentCache full:https://registry.npmjs.org/arrify cache-miss
341 silly fetch manifest event-target-shim@^5.0.0
342 silly packumentCache full:https://registry.npmjs.org/event-target-shim cache-miss
343 silly fetch manifest retry@0.13.1
344 silly packumentCache full:https://registry.npmjs.org/retry cache-miss
345 silly fetch manifest readable-stream@^3.1.1
346 silly packumentCache full:https://registry.npmjs.org/readable-stream cache-miss
347 silly fetch manifest stream-shift@^1.0.2
348 silly packumentCache full:https://registry.npmjs.org/stream-shift cache-miss
349 silly fetch manifest is-stream@^2.0.0
350 silly packumentCache full:https://registry.npmjs.org/is-stream cache-miss
351 silly fetch manifest https-proxy-agent@^7.0.1
352 silly packumentCache full:https://registry.npmjs.org/https-proxy-agent cache-miss
353 http fetch GET 200 https://registry.npmjs.org/stream-shift 258ms (cache miss)
354 silly packumentCache full:https://registry.npmjs.org/stream-shift set size:undefined disposed:false
355 silly fetch manifest jws@^4.0.0
356 silly packumentCache full:https://registry.npmjs.org/jws cache-miss
357 http fetch GET 200 https://registry.npmjs.org/https-proxy-agent 259ms (cache miss)
358 silly packumentCache full:https://registry.npmjs.org/https-proxy-agent set size:undefined disposed:false
359 silly fetch manifest gtoken@^7.0.0
360 silly packumentCache full:https://registry.npmjs.org/gtoken cache-miss
361 http fetch GET 200 https://registry.npmjs.org/event-target-shim 264ms (cache miss)
362 silly packumentCache full:https://registry.npmjs.org/event-target-shim set size:undefined disposed:false
363 silly fetch manifest gcp-metadata@^6.1.0
364 silly packumentCache full:https://registry.npmjs.org/gcp-metadata cache-hit
365 silly fetch manifest ecdsa-sig-formatter@^1.0.11
366 silly packumentCache full:https://registry.npmjs.org/ecdsa-sig-formatter cache-miss
367 http cache https://registry.npmjs.org/jws 13ms (cache hit)
368 silly packumentCache full:https://registry.npmjs.org/jws set size:48919 disposed:false
369 silly fetch manifest uuid@^9.0.0
370 silly packumentCache full:https://registry.npmjs.org/uuid cache-hit
371 silly fetch manifest stream-events@^1.0.5
372 silly packumentCache full:https://registry.npmjs.org/stream-events cache-miss
373 http fetch GET 200 https://registry.npmjs.org/readable-stream 334ms (cache miss)
374 silly packumentCache full:https://registry.npmjs.org/readable-stream set size:undefined disposed:false
375 silly fetch manifest http-proxy-agent@^5.0.0
376 silly packumentCache full:https://registry.npmjs.org/http-proxy-agent cache-miss
377 http fetch GET 200 https://registry.npmjs.org/retry 352ms (cache miss)
378 silly packumentCache full:https://registry.npmjs.org/retry set size:undefined disposed:false
379 silly fetch manifest https-proxy-agent@^5.0.0
380 silly packumentCache full:https://registry.npmjs.org/https-proxy-agent cache-miss
381 http cache https://registry.npmjs.org/https-proxy-agent 3ms (cache hit)
382 silly packumentCache full:https://registry.npmjs.org/https-proxy-agent set size:76241 disposed:false
383 http fetch GET 200 https://registry.npmjs.org/arrify 370ms (cache miss)
384 silly packumentCache full:https://registry.npmjs.org/arrify set size:undefined disposed:false
385 http fetch GET 200 https://registry.npmjs.org/is-stream 370ms (cache miss)
386 silly packumentCache full:https://registry.npmjs.org/is-stream set size:undefined disposed:false
387 http fetch GET 200 https://registry.npmjs.org/gtoken 200ms (cache miss)
388 silly packumentCache full:https://registry.npmjs.org/gtoken set size:undefined disposed:false
389 http fetch GET 200 https://registry.npmjs.org/ecdsa-sig-formatter 203ms (cache miss)
390 silly packumentCache full:https://registry.npmjs.org/ecdsa-sig-formatter set size:undefined disposed:false
391 http fetch GET 200 https://registry.npmjs.org/stream-events 283ms (cache miss)
392 silly packumentCache full:https://registry.npmjs.org/stream-events set size:undefined disposed:false
393 http fetch GET 200 https://registry.npmjs.org/http-proxy-agent 394ms (cache miss)
394 silly packumentCache full:https://registry.npmjs.org/http-proxy-agent set size:undefined disposed:false
395 silly placeDep ROOT arrify@2.0.1 OK for: @google-cloud/paginator@5.0.2 want: ^2.0.0
396 silly placeDep ROOT event-target-shim@5.0.1 OK for: abort-controller@3.0.0 want: ^5.0.0
397 silly placeDep ROOT retry@0.13.1 OK for: async-retry@1.3.3 want: 0.13.1
398 silly placeDep node_modules/duplexify readable-stream@3.6.2 OK for: duplexify@4.1.3 want: ^3.1.1
399 silly placeDep ROOT stream-shift@1.0.3 OK for: duplexify@4.1.3 want: ^1.0.2
400 silly placeDep ROOT https-proxy-agent@7.0.6 OK for: gaxios@6.7.1 want: ^7.0.1
401 silly placeDep ROOT is-stream@2.0.1 OK for: gaxios@6.7.1 want: ^2.0.0
402 silly placeDep node_modules/gaxios uuid@9.0.1 OK for: gaxios@6.7.1 want: ^9.0.1
403 silly fetch manifest agent-base@^7.1.2
404 silly packumentCache full:https://registry.npmjs.org/agent-base cache-miss
405 http fetch GET 200 https://registry.npmjs.org/agent-base 228ms (cache miss)
406 silly packumentCache full:https://registry.npmjs.org/agent-base set size:undefined disposed:false
407 silly placeDep ROOT ecdsa-sig-formatter@1.0.11 OK for: google-auth-library@9.15.1 want: ^1.0.11
408 silly placeDep ROOT gcp-metadata@6.1.1 OK for: google-auth-library@9.15.1 want: ^6.1.0
409 silly placeDep ROOT gtoken@7.1.0 OK for: google-auth-library@9.15.1 want: ^7.0.0
410 silly placeDep ROOT jws@4.0.1 OK for: google-auth-library@9.15.1 want: ^4.0.0
411 silly fetch manifest json-bigint@^1.0.0
412 silly packumentCache full:https://registry.npmjs.org/json-bigint cache-miss
413 silly fetch manifest google-logging-utils@^0.0.2
414 silly packumentCache full:https://registry.npmjs.org/google-logging-utils cache-miss
415 silly fetch manifest jwa@^2.0.1
416 silly packumentCache full:https://registry.npmjs.org/jwa cache-miss
417 http fetch GET 200 https://registry.npmjs.org/google-logging-utils 194ms (cache miss)
418 silly packumentCache full:https://registry.npmjs.org/google-logging-utils set size:undefined disposed:false
419 http fetch GET 200 https://registry.npmjs.org/jwa 274ms (cache miss)
420 silly packumentCache full:https://registry.npmjs.org/jwa set size:undefined disposed:false
421 http fetch GET 200 https://registry.npmjs.org/json-bigint 303ms (cache miss)
422 silly packumentCache full:https://registry.npmjs.org/json-bigint set size:undefined disposed:false
423 silly placeDep ROOT google-logging-utils@0.0.2 OK for: gcp-metadata@6.1.1 want: ^0.0.2
424 silly placeDep ROOT json-bigint@1.0.0 OK for: gcp-metadata@6.1.1 want: ^1.0.0
425 silly fetch manifest bignumber.js@^9.0.0
426 silly packumentCache full:https://registry.npmjs.org/bignumber.js cache-miss
427 http fetch GET 200 https://registry.npmjs.org/bignumber.js 196ms (cache miss)
428 silly packumentCache full:https://registry.npmjs.org/bignumber.js set size:undefined disposed:false
429 silly placeDep node_modules/google-gax @grpc/grpc-js@1.14.3 OK for: google-gax@4.6.1 want: ^1.10.9
430 silly placeDep ROOT @types/long@4.0.2 OK for: google-gax@4.6.1 want: ^4.0.0
431 silly placeDep ROOT proto3-json-serializer@2.0.2 OK for: google-gax@4.6.1 want: ^2.0.2
432 silly placeDep node_modules/google-gax uuid@9.0.1 OK for: google-gax@4.6.1 want: ^9.0.1
433 silly fetch manifest @grpc/proto-loader@^0.8.0
434 silly packumentCache full:https://registry.npmjs.org/@grpc%2fproto-loader cache-miss
435 silly fetch manifest @js-sdsl/ordered-map@^4.4.2
436 silly packumentCache full:https://registry.npmjs.org/@js-sdsl%2fordered-map cache-miss
437 http fetch GET 200 https://registry.npmjs.org/@grpc%2fproto-loader 321ms (cache miss)
438 silly packumentCache full:https://registry.npmjs.org/@grpc%2fproto-loader set size:undefined disposed:false
439 http fetch GET 200 https://registry.npmjs.org/@js-sdsl%2fordered-map 324ms (cache miss)
440 silly packumentCache full:https://registry.npmjs.org/@js-sdsl%2fordered-map set size:undefined disposed:false
441 silly placeDep ROOT agent-base@7.1.4 OK for: https-proxy-agent@7.0.6 want: ^7.1.2
442 silly placeDep ROOT bignumber.js@9.3.1 OK for: json-bigint@1.0.0 want: ^9.0.0
443 silly placeDep ROOT lodash.includes@4.3.0 OK for: jsonwebtoken@9.0.3 want: ^4.3.0
444 silly placeDep ROOT lodash.isboolean@3.0.3 OK for: jsonwebtoken@9.0.3 want: ^3.0.3
445 silly placeDep ROOT lodash.isinteger@4.0.4 OK for: jsonwebtoken@9.0.3 want: ^4.0.4
446 silly placeDep ROOT lodash.isnumber@3.0.3 OK for: jsonwebtoken@9.0.3 want: ^3.0.3
447 silly placeDep ROOT lodash.isplainobject@4.0.6 OK for: jsonwebtoken@9.0.3 want: ^4.0.6
448 silly placeDep ROOT lodash.isstring@4.0.1 OK for: jsonwebtoken@9.0.3 want: ^4.0.1
449 silly placeDep ROOT lodash.once@4.1.1 OK for: jsonwebtoken@9.0.3 want: ^4.0.0
450 silly placeDep ROOT @types/express@4.17.25 OK for: jwks-rsa@3.2.0 want: ^4.17.20
451 silly placeDep ROOT @types/jsonwebtoken@9.0.10 OK for: jwks-rsa@3.2.0 want: ^9.0.4
452 silly placeDep node_modules/jwks-rsa jose@4.15.9 OK for: jwks-rsa@3.2.0 want: ^4.15.4
453 silly placeDep ROOT limiter@1.1.5 OK for: jwks-rsa@3.2.0 want: ^1.1.5
454 silly placeDep ROOT lru-memoizer@2.3.0 OK for: jwks-rsa@3.2.0 want: ^2.2.0
455 silly fetch manifest @types/qs@*
456 silly packumentCache full:https://registry.npmjs.org/@types%2fqs cache-miss
457 silly fetch manifest @types/body-parser@*
458 silly packumentCache full:https://registry.npmjs.org/@types%2fbody-parser cache-miss
459 silly fetch manifest @types/serve-static@^1
460 silly packumentCache full:https://registry.npmjs.org/@types%2fserve-static cache-miss
461 silly fetch manifest @types/express-serve-static-core@^4.17.33
462 silly packumentCache full:https://registry.npmjs.org/@types%2fexpress-serve-static-core cache-miss
463 silly fetch manifest lru-cache@6.0.0
464 silly packumentCache full:https://registry.npmjs.org/lru-cache cache-miss
465 silly fetch manifest lodash.clonedeep@^4.5.0
466 silly packumentCache full:https://registry.npmjs.org/lodash.clonedeep cache-miss
467 http fetch GET 200 https://registry.npmjs.org/@types%2fqs 237ms (cache miss)
468 silly packumentCache full:https://registry.npmjs.org/@types%2fqs set size:undefined disposed:false
469 http fetch GET 200 https://registry.npmjs.org/@types%2fbody-parser 254ms (cache miss)
470 silly packumentCache full:https://registry.npmjs.org/@types%2fbody-parser set size:undefined disposed:false
471 http fetch GET 200 https://registry.npmjs.org/lodash.clonedeep 259ms (cache miss)
472 silly packumentCache full:https://registry.npmjs.org/lodash.clonedeep set size:undefined disposed:false
473 http fetch GET 200 https://registry.npmjs.org/@types%2fexpress-serve-static-core 547ms (cache miss)
474 silly packumentCache full:https://registry.npmjs.org/@types%2fexpress-serve-static-core set size:undefined disposed:false
475 http fetch GET 200 https://registry.npmjs.org/@types%2fserve-static 564ms (cache miss)
476 silly packumentCache full:https://registry.npmjs.org/@types%2fserve-static set size:undefined disposed:false
477 http fetch GET 200 https://registry.npmjs.org/lru-cache 571ms (cache miss)
478 silly packumentCache full:https://registry.npmjs.org/lru-cache set size:undefined disposed:false
479 silly placeDep ROOT @types/body-parser@1.19.6 OK for: @types/express@4.17.25 want: *
480 silly placeDep ROOT @types/express-serve-static-core@4.19.7 OK for: @types/express@4.17.25 want: ^4.17.33
481 silly placeDep ROOT @types/qs@6.14.0 OK for: @types/express@4.17.25 want: *
482 silly placeDep ROOT @types/serve-static@1.15.10 OK for: @types/express@4.17.25 want: ^1
483 silly fetch manifest @types/connect@*
484 silly packumentCache full:https://registry.npmjs.org/@types%2fconnect cache-miss
485 silly fetch manifest @types/send@*
486 silly packumentCache full:https://registry.npmjs.org/@types%2fsend cache-miss
487 silly fetch manifest @types/range-parser@*
488 silly packumentCache full:https://registry.npmjs.org/@types%2frange-parser cache-miss
489 silly fetch manifest @types/send@<1
490 silly packumentCache full:https://registry.npmjs.org/@types%2fsend cache-miss
491 silly fetch manifest @types/http-errors@*
492 silly packumentCache full:https://registry.npmjs.org/@types%2fhttp-errors cache-miss
493 http fetch GET 200 https://registry.npmjs.org/@types%2fsend 409ms (cache miss)
494 silly packumentCache full:https://registry.npmjs.org/@types%2fsend set size:undefined disposed:false
495 http fetch GET 200 https://registry.npmjs.org/@types%2frange-parser 487ms (cache miss)
496 silly packumentCache full:https://registry.npmjs.org/@types%2frange-parser set size:undefined disposed:false
497 http fetch GET 200 https://registry.npmjs.org/@types%2fhttp-errors 487ms (cache miss)
498 silly packumentCache full:https://registry.npmjs.org/@types%2fhttp-errors set size:undefined disposed:false
499 http fetch GET 200 https://registry.npmjs.org/@types%2fsend 504ms (cache miss)
500 silly packumentCache full:https://registry.npmjs.org/@types%2fsend set size:undefined disposed:false
501 http fetch GET 200 https://registry.npmjs.org/@types%2fconnect 508ms (cache miss)
502 silly packumentCache full:https://registry.npmjs.org/@types%2fconnect set size:undefined disposed:false
503 silly placeDep ROOT @types/connect@3.4.38 OK for: @types/body-parser@1.19.6 want: *
504 silly placeDep ROOT @types/range-parser@1.2.7 OK for: @types/express-serve-static-core@4.19.7 want: *
505 silly placeDep ROOT @types/send@1.2.1 OK for: @types/express-serve-static-core@4.19.7 want: *
506 silly placeDep ROOT @types/http-errors@2.0.5 OK for: @types/serve-static@1.15.10 want: *
507 silly placeDep node_modules/@types/serve-static @types/send@0.17.6 OK for: @types/serve-static@1.15.10 want: <1
508 silly fetch manifest @types/mime@^1
509 silly packumentCache full:https://registry.npmjs.org/@types%2fmime cache-miss
510 http fetch GET 200 https://registry.npmjs.org/@types%2fmime 250ms (cache miss)
511 silly packumentCache full:https://registry.npmjs.org/@types%2fmime set size:undefined disposed:false
512 silly placeDep ROOT jwa@2.0.1 OK for: jws@4.0.1 want: ^2.0.1
513 silly fetch manifest buffer-equal-constant-time@^1.0.1
514 silly packumentCache full:https://registry.npmjs.org/buffer-equal-constant-time cache-miss
515 http fetch GET 200 https://registry.npmjs.org/buffer-equal-constant-time 143ms (cache miss)
516 silly packumentCache full:https://registry.npmjs.org/buffer-equal-constant-time set size:undefined disposed:false
517 silly placeDep ROOT buffer-equal-constant-time@1.0.1 OK for: jwa@2.0.1 want: ^1.0.1
518 silly placeDep ROOT lodash.clonedeep@4.5.0 OK for: lru-memoizer@2.3.0 want: ^4.5.0
519 silly placeDep node_modules/lru-memoizer lru-cache@6.0.0 OK for: lru-memoizer@2.3.0 want: 6.0.0
520 silly fetch manifest yallist@^4.0.0
521 silly packumentCache full:https://registry.npmjs.org/yallist cache-miss
522 http fetch GET 200 https://registry.npmjs.org/yallist 145ms (cache miss)
523 silly packumentCache full:https://registry.npmjs.org/yallist set size:undefined disposed:false
524 silly placeDep ROOT @mongodb-js/saslprep@1.4.4 OK for: mongodb@6.21.0 want: ^1.3.0
525 silly placeDep ROOT bson@6.10.4 OK for: mongodb@6.21.0 want: ^6.10.4
526 silly placeDep ROOT gcp-metadata@5.3.0 REPLACE for: mongodb@6.21.0 want: ^5.2.0
527 silly placeDep ROOT mongodb-connection-string-url@3.0.2 OK for: mongodb@6.21.0 want: ^3.0.2
528 silly fetch manifest sparse-bitfield@^3.0.3
529 silly packumentCache full:https://registry.npmjs.org/sparse-bitfield cache-miss
530 silly fetch manifest gaxios@^5.0.0
531 silly packumentCache full:https://registry.npmjs.org/gaxios cache-miss
532 silly fetch manifest whatwg-url@^14.1.0 || ^13.0.0
533 silly packumentCache full:https://registry.npmjs.org/whatwg-url cache-miss
534 silly fetch manifest @types/whatwg-url@^11.0.2
535 silly packumentCache full:https://registry.npmjs.org/@types%2fwhatwg-url cache-miss
536 http cache https://registry.npmjs.org/gaxios 12ms (cache hit)
537 silly packumentCache full:https://registry.npmjs.org/gaxios set size:341801 disposed:false
538 http fetch GET 200 https://registry.npmjs.org/sparse-bitfield 186ms (cache miss)
539 silly packumentCache full:https://registry.npmjs.org/sparse-bitfield set size:undefined disposed:false
540 http fetch GET 200 https://registry.npmjs.org/whatwg-url 219ms (cache miss)
541 silly packumentCache full:https://registry.npmjs.org/whatwg-url set size:undefined disposed:false
542 http fetch GET 200 https://registry.npmjs.org/@types%2fwhatwg-url 243ms (cache miss)
543 silly packumentCache full:https://registry.npmjs.org/@types%2fwhatwg-url set size:undefined disposed:false
544 silly placeDep ROOT sparse-bitfield@3.0.3 OK for: @mongodb-js/saslprep@1.4.4 want: ^3.0.3
545 silly fetch manifest memory-pager@^1.0.2
546 silly packumentCache full:https://registry.npmjs.org/memory-pager cache-miss
547 http fetch GET 200 https://registry.npmjs.org/memory-pager 243ms (cache miss)
548 silly packumentCache full:https://registry.npmjs.org/memory-pager set size:undefined disposed:false
549 silly placeDep node_modules/gcp-metadata gaxios@5.1.3 OK for: gcp-metadata@5.3.0 want: ^5.0.0
550 silly placeDep node_modules/google-auth-library gcp-metadata@6.1.1 OK for: google-auth-library@9.15.1 want: ^6.1.0
551 silly placeDep ROOT @types/whatwg-url@11.0.5 OK for: mongodb-connection-string-url@3.0.2 want: ^11.0.2
552 silly placeDep node_modules/mongodb-connection-string-url whatwg-url@14.2.0 OK for: mongodb-connection-string-url@3.0.2 want: ^14.1.0 || ^13.0.0
553 silly fetch manifest @types/webidl-conversions@*
554 silly packumentCache full:https://registry.npmjs.org/@types%2fwebidl-conversions cache-miss
555 silly fetch manifest tr46@^5.1.0
556 silly packumentCache full:https://registry.npmjs.org/tr46 cache-miss
557 silly fetch manifest webidl-conversions@^7.0.0
558 silly packumentCache full:https://registry.npmjs.org/webidl-conversions cache-miss
559 http fetch GET 200 https://registry.npmjs.org/webidl-conversions 165ms (cache miss)
560 silly packumentCache full:https://registry.npmjs.org/webidl-conversions set size:undefined disposed:false
561 http fetch GET 200 https://registry.npmjs.org/@types%2fwebidl-conversions 169ms (cache miss)
562 silly packumentCache full:https://registry.npmjs.org/@types%2fwebidl-conversions set size:undefined disposed:false
563 http fetch GET 200 https://registry.npmjs.org/tr46 190ms (cache miss)
564 silly packumentCache full:https://registry.npmjs.org/tr46 set size:undefined disposed:false
565 silly placeDep ROOT @types/webidl-conversions@7.0.3 OK for: @types/whatwg-url@11.0.5 want: *
566 silly placeDep ROOT @panva/hkdf@1.2.1 OK for: next-auth@4.24.13 want: ^1.0.2
567 silly placeDep ROOT cookie@0.7.2 OK for: next-auth@4.24.13 want: ^0.7.0
568 silly placeDep node_modules/next-auth jose@4.15.9 OK for: next-auth@4.24.13 want: ^4.15.5
569 silly placeDep ROOT oauth@0.9.15 OK for: next-auth@4.24.13 want: ^0.9.15
570 silly placeDep ROOT openid-client@5.7.1 OK for: next-auth@4.24.13 want: ^5.4.0
571 silly placeDep ROOT preact@10.28.2 OK for: next-auth@4.24.13 want: ^10.6.3
572 silly placeDep ROOT preact-render-to-string@5.2.6 OK for: next-auth@4.24.13 want: ^5.1.19
573 silly placeDep node_modules/next-auth uuid@8.3.2 OK for: next-auth@4.24.13 want: ^8.3.2
574 silly fetch manifest jose@^4.15.9
575 silly packumentCache full:https://registry.npmjs.org/jose cache-miss
576 silly fetch manifest lru-cache@^6.0.0
577 silly packumentCache full:https://registry.npmjs.org/lru-cache cache-miss
578 silly fetch manifest object-hash@^2.2.0
579 silly packumentCache full:https://registry.npmjs.org/object-hash cache-miss
580 silly fetch manifest oidc-token-hash@^5.0.3
581 silly packumentCache full:https://registry.npmjs.org/oidc-token-hash cache-miss
582 silly fetch manifest pretty-format@^3.8.0
583 silly packumentCache full:https://registry.npmjs.org/pretty-format cache-miss
584 http cache https://registry.npmjs.org/lru-cache 8ms (cache hit)
585 silly packumentCache full:https://registry.npmjs.org/lru-cache set size:406394 disposed:false
586 http cache https://registry.npmjs.org/jose 17ms (cache hit)
587 silly packumentCache full:https://registry.npmjs.org/jose set size:1390941 disposed:false
588 http fetch GET 200 https://registry.npmjs.org/object-hash 282ms (cache miss)
589 silly packumentCache full:https://registry.npmjs.org/object-hash set size:undefined disposed:false
590 http fetch GET 200 https://registry.npmjs.org/oidc-token-hash 498ms (cache miss)
591 silly packumentCache full:https://registry.npmjs.org/oidc-token-hash set size:undefined disposed:false
592 http fetch GET 200 https://registry.npmjs.org/pretty-format 662ms (cache miss)
593 silly packumentCache full:https://registry.npmjs.org/pretty-format set size:undefined disposed:false
594 silly placeDep node_modules/openid-client jose@4.15.9 OK for: openid-client@5.7.1 want: ^4.15.9
595 silly placeDep node_modules/openid-client lru-cache@6.0.0 OK for: openid-client@5.7.1 want: ^6.0.0
596 silly placeDep node_modules/openid-client object-hash@2.2.0 OK for: openid-client@5.7.1 want: ^2.2.0
597 silly placeDep ROOT oidc-token-hash@5.2.0 OK for: openid-client@5.7.1 want: ^5.0.3
598 silly placeDep ROOT pretty-format@3.8.0 OK for: preact-render-to-string@5.2.6 want: ^3.8.0
599 silly placeDep ROOT memory-pager@1.5.0 OK for: sparse-bitfield@3.0.3 want: ^1.0.2
600 silly placeDep ROOT http-proxy-agent@5.0.0 OK for: teeny-request@9.0.0 want: ^5.0.0
601 silly placeDep node_modules/teeny-request https-proxy-agent@5.0.1 OK for: teeny-request@9.0.0 want: ^5.0.0
602 silly placeDep ROOT stream-events@1.0.5 OK for: teeny-request@9.0.0 want: ^1.0.5
603 silly placeDep node_modules/teeny-request uuid@9.0.1 OK for: teeny-request@9.0.0 want: ^9.0.0
604 silly fetch manifest @tootallnate/once@2
605 silly packumentCache full:https://registry.npmjs.org/@tootallnate%2fonce cache-miss
606 silly fetch manifest agent-base@6
607 silly packumentCache full:https://registry.npmjs.org/agent-base cache-miss
608 silly fetch manifest agent-base@6
609 silly packumentCache full:https://registry.npmjs.org/agent-base cache-miss
610 silly fetch manifest stubs@^3.0.0
611 silly packumentCache full:https://registry.npmjs.org/stubs cache-miss
612 http cache https://registry.npmjs.org/agent-base 7ms (cache hit)
613 silly packumentCache full:https://registry.npmjs.org/agent-base set size:67460 disposed:false
614 http cache https://registry.npmjs.org/agent-base 8ms (cache hit)
615 silly packumentCache full:https://registry.npmjs.org/agent-base set size:67460 disposed:false
616 silly packumentCache full:https://registry.npmjs.org/agent-base dispose
617 http fetch GET 200 https://registry.npmjs.org/stubs 175ms (cache miss)
618 silly packumentCache full:https://registry.npmjs.org/stubs set size:undefined disposed:false
619 http fetch GET 200 https://registry.npmjs.org/@tootallnate%2fonce 237ms (cache miss)
620 silly packumentCache full:https://registry.npmjs.org/@tootallnate%2fonce set size:undefined disposed:false
621 silly placeDep ROOT @tootallnate/once@2.0.0 OK for: http-proxy-agent@5.0.0 want: 2
622 silly placeDep node_modules/http-proxy-agent agent-base@6.0.2 OK for: http-proxy-agent@5.0.0 want: 6
623 silly placeDep ROOT stubs@3.0.0 OK for: stream-events@1.0.5 want: ^3.0.0
624 silly placeDep ROOT @types/mime@1.3.5 OK for: @types/send@0.17.6 want: ^1
625 silly placeDep node_modules/gcp-metadata https-proxy-agent@5.0.1 OK for: gaxios@5.1.3 want: ^5.0.0
626 silly placeDep node_modules/gcp-metadata agent-base@6.0.2 OK for: https-proxy-agent@5.0.1 want: 6
627 silly placeDep ROOT google-logging-utils@0.0.2 OK for: gcp-metadata@6.1.1 want: ^0.0.2
628 silly placeDep node_modules/google-gax/node_modules/@grpc/grpc-js @grpc/proto-loader@0.8.0 OK for: @grpc/grpc-js@1.14.3 want: ^0.8.0
629 silly placeDep ROOT @js-sdsl/ordered-map@4.4.2 OK for: @grpc/grpc-js@1.14.3 want: ^4.4.2
630 silly placeDep ROOT yallist@4.0.0 OK for: lru-cache@6.0.0 want: ^4.0.0
631 silly placeDep node_modules/mongodb-connection-string-url tr46@5.1.1 OK for: whatwg-url@14.2.0 want: ^5.1.0
632 silly placeDep node_modules/mongodb-connection-string-url webidl-conversions@7.0.0 OK for: whatwg-url@14.2.0 want: ^7.0.0
633 silly placeDep node_modules/teeny-request agent-base@6.0.2 OK for: https-proxy-agent@5.0.1 want: 6
634 silly reify moves {}
635 silly audit bulk request {
635 silly audit   uuid: [ '8.3.2', '3.4.0', '10.0.0', '9.0.1' ],
635 silly audit   '@alloc/quick-lru': [ '5.2.0' ],
635 silly audit   '@aws-crypto/crc32': [ '5.2.0' ],
635 silly audit   '@aws-crypto/crc32c': [ '5.2.0' ],
635 silly audit   '@aws-crypto/sha1-browser': [ '5.2.0' ],
635 silly audit   '@smithy/is-array-buffer': [ '2.2.0', '4.2.0' ],
635 silly audit   '@smithy/util-buffer-from': [ '2.2.0', '4.2.0' ],
635 silly audit   '@smithy/util-utf8': [ '2.3.0', '4.2.0' ],
635 silly audit   '@aws-crypto/sha256-browser': [ '5.2.0' ],
635 silly audit   '@aws-crypto/sha256-js': [ '5.2.0' ],
635 silly audit   '@aws-crypto/supports-web-crypto': [ '5.2.0' ],
635 silly audit   '@aws-crypto/util': [ '5.2.0' ],
635 silly audit   '@aws-sdk/client-s3': [ '3.926.0' ],
635 silly audit   '@aws-sdk/client-sso': [ '3.926.0' ],
635 silly audit   '@aws-sdk/core': [ '3.926.0' ],
635 silly audit   '@aws-sdk/credential-provider-env': [ '3.926.0' ],
635 silly audit   '@aws-sdk/credential-provider-http': [ '3.926.0' ],
635 silly audit   '@aws-sdk/credential-provider-ini': [ '3.926.0' ],
635 silly audit   '@aws-sdk/credential-provider-node': [ '3.926.0' ],
635 silly audit   '@aws-sdk/credential-provider-process': [ '3.926.0' ],
635 silly audit   '@aws-sdk/credential-provider-sso': [ '3.926.0' ],
635 silly audit   '@aws-sdk/credential-provider-web-identity': [ '3.926.0' ],
635 silly audit   '@aws-sdk/middleware-bucket-endpoint': [ '3.922.0' ],
635 silly audit   '@aws-sdk/middleware-expect-continue': [ '3.922.0' ],
635 silly audit   '@aws-sdk/middleware-flexible-checksums': [ '3.926.0' ],
635 silly audit   '@aws-sdk/middleware-host-header': [ '3.922.0' ],
635 silly audit   '@aws-sdk/middleware-location-constraint': [ '3.922.0' ],
635 silly audit   '@aws-sdk/middleware-logger': [ '3.922.0' ],
635 silly audit   '@aws-sdk/middleware-recursion-detection': [ '3.922.0' ],
635 silly audit   '@aws-sdk/middleware-sdk-s3': [ '3.926.0' ],
635 silly audit   '@aws-sdk/middleware-ssec': [ '3.922.0' ],
635 silly audit   '@aws-sdk/middleware-user-agent': [ '3.926.0' ],
635 silly audit   '@aws-sdk/nested-clients': [ '3.926.0' ],
635 silly audit   '@aws-sdk/region-config-resolver': [ '3.925.0' ],
635 silly audit   '@aws-sdk/s3-request-presigner': [ '3.926.0' ],
635 silly audit   '@aws-sdk/signature-v4-multi-region': [ '3.926.0' ],
635 silly audit   '@aws-sdk/token-providers': [ '3.926.0' ],
635 silly audit   '@aws-sdk/types': [ '3.922.0' ],
635 silly audit   '@aws-sdk/util-arn-parser': [ '3.893.0' ],
635 silly audit   '@aws-sdk/util-endpoints': [ '3.922.0' ],
635 silly audit   '@aws-sdk/util-format-url': [ '3.922.0' ],
635 silly audit   '@aws-sdk/util-locate-window': [ '3.893.0' ],
635 silly audit   '@aws-sdk/util-user-agent-browser': [ '3.922.0' ],
635 silly audit   '@aws-sdk/util-user-agent-node': [ '3.926.0' ],
635 silly audit   '@aws-sdk/xml-builder': [ '3.921.0' ],
635 silly audit   'fast-xml-parser': [ '5.2.5', '4.5.3' ],
635 silly audit   strnum: [ '2.1.1', '1.1.2' ],
635 silly audit   '@aws/lambda-invoke-store': [ '0.1.1' ],
635 silly audit   '@babel/runtime': [ '7.28.4' ],
635 silly audit   '@cypress/request': [ '3.0.9' ],
635 silly audit   '@cypress/request-promise': [ '5.0.0' ],
635 silly audit   'tough-cookie': [ '4.1.4', '2.5.0', '5.1.2' ],
635 silly audit   universalify: [ '0.2.0', '2.0.1' ],
635 silly audit   'form-data': [ '4.0.4', '2.5.5', '2.3.3' ],
635 silly audit   '@emnapi/core': [ '1.6.0' ],
635 silly audit   '@emnapi/runtime': [ '1.6.0' ],
635 silly audit   '@emnapi/wasi-threads': [ '1.1.0' ],
635 silly audit   '@eslint-community/eslint-utils': [ '4.9.0' ],
635 silly audit   '@eslint-community/regexpp': [ '4.12.1' ],
635 silly audit   '@eslint/eslintrc': [ '2.1.4' ],
635 silly audit   '@eslint/js': [ '8.57.1' ],
635 silly audit   '@firebase/app-check-interop-types': [ '0.3.2' ],
635 silly audit   '@firebase/app-types': [ '0.9.2' ],
635 silly audit   '@firebase/auth-interop-types': [ '0.2.3' ],
635 silly audit   '@firebase/component': [ '0.6.9' ],
635 silly audit   '@firebase/database': [ '1.0.8' ],
635 silly audit   '@firebase/database-compat': [ '1.0.8' ],
635 silly audit   '@firebase/database-types': [ '1.0.5' ],
635 silly audit   '@firebase/logger': [ '0.4.2' ],
635 silly audit   '@firebase/util': [ '1.10.0' ],
635 silly audit   '@floating-ui/core': [ '1.7.3' ],
635 silly audit   '@floating-ui/dom': [ '1.7.4' ],
635 silly audit   '@floating-ui/react-dom': [ '2.1.6' ],
635 silly audit   '@floating-ui/utils': [ '0.2.10' ],
635 silly audit   '@google/generative-ai': [ '0.16.1' ],
635 silly audit   '@grpc/grpc-js': [ '1.14.3' ],
635 silly audit   '@grpc/proto-loader': [ '0.7.15', '0.8.0' ],
635 silly audit   '@hookform/resolvers': [ '3.10.0' ],
635 silly audit   '@humanwhocodes/config-array': [ '0.13.0' ],
635 silly audit   '@humanwhocodes/module-importer': [ '1.0.1' ],
635 silly audit   '@humanwhocodes/object-schema': [ '2.0.3' ],
635 silly audit   '@isaacs/cliui': [ '8.0.2' ],
635 silly audit   'ansi-regex': [ '6.2.2', '5.0.1' ],
635 silly audit   'strip-ansi': [ '7.1.2', '6.0.1' ],
635 silly audit   '@jridgewell/gen-mapping': [ '0.3.13' ],
635 silly audit   '@jridgewell/resolve-uri': [ '3.1.2' ],
635 silly audit   '@jridgewell/source-map': [ '0.3.11' ],
635 silly audit   '@jridgewell/sourcemap-codec': [ '1.5.5' ],
635 silly audit   '@jridgewell/trace-mapping': [ '0.3.31' ],
635 silly audit   '@napi-rs/canvas': [ '0.1.80' ],
635 silly audit   '@napi-rs/canvas-android-arm64': [ '0.1.80' ],
635 silly audit   '@napi-rs/canvas-darwin-arm64': [ '0.1.80' ],
635 silly audit   '@napi-rs/canvas-darwin-x64': [ '0.1.80' ],
635 silly audit   '@napi-rs/canvas-linux-arm-gnueabihf': [ '0.1.80' ],
635 silly audit   '@napi-rs/canvas-linux-arm64-gnu': [ '0.1.80' ],
635 silly audit   '@napi-rs/canvas-linux-arm64-musl': [ '0.1.80' ],
635 silly audit   '@napi-rs/canvas-linux-riscv64-gnu': [ '0.1.80' ],
635 silly audit   '@napi-rs/canvas-linux-x64-gnu': [ '0.1.80' ],
635 silly audit   '@napi-rs/canvas-linux-x64-musl': [ '0.1.80' ],
635 silly audit   '@napi-rs/canvas-win32-x64-msvc': [ '0.1.80' ],
635 silly audit   '@napi-rs/wasm-runtime': [ '0.2.12' ],
635 silly audit   '@next/env': [ '14.2.35' ],
635 silly audit   '@next/eslint-plugin-next': [ '14.2.5' ],
635 silly audit   '@next/swc-darwin-arm64': [ '14.2.33' ],
635 silly audit   '@next/swc-darwin-x64': [ '14.2.33' ],
635 silly audit   '@next/swc-linux-arm64-gnu': [ '14.2.33' ],
635 silly audit   '@next/swc-linux-arm64-musl': [ '14.2.33' ],
635 silly audit   '@next/swc-linux-x64-gnu': [ '14.2.33' ],
635 silly audit   '@next/swc-linux-x64-musl': [ '14.2.33' ],
635 silly audit   '@next/swc-win32-arm64-msvc': [ '14.2.33' ],
635 silly audit   '@next/swc-win32-ia32-msvc': [ '14.2.33' ],
635 silly audit   '@next/swc-win32-x64-msvc': [ '14.2.33' ],
635 silly audit   '@nodelib/fs.scandir': [ '2.1.5' ],
635 silly audit   '@nodelib/fs.stat': [ '2.0.5' ],
635 silly audit   '@nodelib/fs.walk': [ '1.2.8' ],
635 silly audit   '@nolyfill/is-core-module': [ '1.0.39' ],
635 silly audit   '@pdf-lib/standard-fonts': [ '1.0.0' ],
635 silly audit   '@pdf-lib/upng': [ '1.0.1' ],
635 silly audit   '@pkgjs/parseargs': [ '0.11.0' ],
635 silly audit   '@protobufjs/aspromise': [ '1.1.2' ],
635 silly audit   '@protobufjs/base64': [ '1.1.2' ],
635 silly audit   '@protobufjs/codegen': [ '2.0.4' ],
635 silly audit   '@protobufjs/eventemitter': [ '1.1.0' ],
635 silly audit   '@protobufjs/fetch': [ '1.1.0' ],
635 silly audit   '@protobufjs/float': [ '1.0.2' ],
635 silly audit   '@protobufjs/inquire': [ '1.1.0' ],
635 silly audit   '@protobufjs/path': [ '1.1.2' ],
635 silly audit   '@protobufjs/pool': [ '1.1.0' ],
635 silly audit   '@protobufjs/utf8': [ '1.1.0' ],
635 silly audit   '@radix-ui/number': [ '1.1.1' ],
635 silly audit   '@radix-ui/primitive': [ '1.1.3' ],
635 silly audit   '@radix-ui/react-accordion': [ '1.2.12' ],
635 silly audit   '@radix-ui/react-alert-dialog': [ '1.1.15' ],
635 silly audit   '@radix-ui/react-arrow': [ '1.1.7' ],
635 silly audit   '@radix-ui/react-avatar': [ '1.1.10' ],
635 silly audit   '@radix-ui/react-checkbox': [ '1.3.3' ],
635 silly audit   '@radix-ui/react-collapsible': [ '1.1.12' ],
635 silly audit   '@radix-ui/react-collection': [ '1.1.7' ],
635 silly audit   '@radix-ui/react-compose-refs': [ '1.1.2' ],
635 silly audit   '@radix-ui/react-context': [ '1.1.2' ],
635 silly audit   '@radix-ui/react-dialog': [ '1.1.15' ],
635 silly audit   '@radix-ui/react-direction': [ '1.1.1' ],
635 silly audit   '@radix-ui/react-dismissable-layer': [ '1.1.11' ],
635 silly audit   '@radix-ui/react-dropdown-menu': [ '2.1.16' ],
635 silly audit   '@radix-ui/react-focus-guards': [ '1.1.3' ],
635 silly audit   '@radix-ui/react-focus-scope': [ '1.1.7' ],
635 silly audit   '@radix-ui/react-id': [ '1.1.1' ],
635 silly audit   '@radix-ui/react-label': [ '2.1.7' ],
635 silly audit   '@radix-ui/react-menu': [ '2.1.16' ],
635 silly audit   '@radix-ui/react-menubar': [ '1.1.16' ],
635 silly audit   '@radix-ui/react-popover': [ '1.1.15' ],
635 silly audit   '@radix-ui/react-popper': [ '1.2.8' ],
635 silly audit   '@radix-ui/react-portal': [ '1.1.9' ],
635 silly audit   '@radix-ui/react-presence': [ '1.1.5' ],
635 silly audit   '@radix-ui/react-primitive': [ '2.1.3' ],
635 silly audit   '@radix-ui/react-progress': [ '1.1.7' ],
635 silly audit   '@radix-ui/react-radio-group': [ '1.3.8' ],
635 silly audit   '@radix-ui/react-roving-focus': [ '1.1.11' ],
635 silly audit   '@radix-ui/react-scroll-area': [ '1.2.10' ],
635 silly audit   '@radix-ui/react-select': [ '2.2.6' ],
635 silly audit   '@radix-ui/react-separator': [ '1.1.7' ],
635 silly audit   '@radix-ui/react-slider': [ '1.3.6' ],
635 silly audit   '@radix-ui/react-slot': [ '1.2.3' ],
635 silly audit   '@radix-ui/react-switch': [ '1.2.6' ],
635 silly audit   '@radix-ui/react-tabs': [ '1.1.13' ],
635 silly audit   '@radix-ui/react-toast': [ '1.2.15' ],
635 silly audit   '@radix-ui/react-tooltip': [ '1.2.8' ],
635 silly audit   '@radix-ui/react-use-callback-ref': [ '1.1.1' ],
635 silly audit   '@radix-ui/react-use-controllable-state': [ '1.2.2' ],
635 silly audit   '@radix-ui/react-use-effect-event': [ '0.0.2' ],
635 silly audit   '@radix-ui/react-use-escape-keydown': [ '1.1.1' ],
635 silly audit   '@radix-ui/react-use-is-hydrated': [ '0.1.0' ],
635 silly audit   '@radix-ui/react-use-layout-effect': [ '1.1.1' ],
635 silly audit   '@radix-ui/react-use-previous': [ '1.1.1' ],
635 silly audit   '@radix-ui/react-use-rect': [ '1.1.1' ],
635 silly audit   '@radix-ui/react-use-size': [ '1.1.1' ],
635 silly audit   '@radix-ui/react-visually-hidden': [ '1.2.3' ],
635 silly audit   '@radix-ui/rect': [ '1.1.1' ],
635 silly audit   '@react-pdf/fns': [ '2.2.1', '3.1.2' ],
635 silly audit   '@react-pdf/font': [ '2.5.2', '4.0.3' ],
635 silly audit   '@react-pdf/image': [ '2.3.6' ],
635 silly audit   '@react-pdf/layout': [ '3.13.0' ],
635 silly audit   '@react-pdf/pdfkit': [ '3.2.0', '4.0.4' ],
635 silly audit   '@react-pdf/png-js': [ '2.3.1', '3.0.0' ],
635 silly audit   '@react-pdf/primitives': [ '3.1.1', '4.1.1' ],
635 silly audit   '@react-pdf/render': [ '3.5.0' ],
635 silly audit   '@react-pdf/renderer': [ '3.4.5' ],
635 silly audit   '@react-pdf/stylesheet': [ '4.3.0', '6.1.1' ],
635 silly audit   '@react-pdf/textkit': [ '4.4.1' ],
635 silly audit   '@react-pdf/types': [ '2.9.1' ],
635 silly audit   '@rtsao/scc': [ '1.1.0' ],
635 silly audit   '@rushstack/eslint-patch': [ '1.14.0' ],
635 silly audit   '@smithy/abort-controller': [ '4.2.4' ],
635 silly audit   '@smithy/chunked-blob-reader': [ '5.2.0' ],
635 silly audit   '@smithy/chunked-blob-reader-native': [ '4.2.1' ],
635 silly audit   '@smithy/config-resolver': [ '4.4.2' ],
635 silly audit   '@smithy/core': [ '3.17.2' ],
635 silly audit   '@smithy/credential-provider-imds': [ '4.2.4' ],
635 silly audit   '@smithy/eventstream-codec': [ '4.2.4' ],
635 silly audit   '@smithy/eventstream-serde-browser': [ '4.2.4' ],
635 silly audit   '@smithy/eventstream-serde-config-resolver': [ '4.3.4' ],
635 silly audit   '@smithy/eventstream-serde-node': [ '4.2.4' ],
635 silly audit   '@smithy/eventstream-serde-universal': [ '4.2.4' ],
635 silly audit   '@smithy/fetch-http-handler': [ '5.3.5' ],
635 silly audit   '@smithy/hash-blob-browser': [ '4.2.5' ],
635 silly audit   '@smithy/hash-node': [ '4.2.4' ],
635 silly audit   '@smithy/hash-stream-node': [ '4.2.4' ],
635 silly audit   '@smithy/invalid-dependency': [ '4.2.4' ],
635 silly audit   '@smithy/md5-js': [ '4.2.4' ],
635 silly audit   '@smithy/middleware-content-length': [ '4.2.4' ],
635 silly audit   '@smithy/middleware-endpoint': [ '4.3.6' ],
635 silly audit   '@smithy/middleware-retry': [ '4.4.6' ],
635 silly audit   '@smithy/middleware-serde': [ '4.2.4' ],
635 silly audit   '@smithy/middleware-stack': [ '4.2.4' ],
635 silly audit   '@smithy/node-config-provider': [ '4.3.4' ],
635 silly audit   '@smithy/node-http-handler': [ '4.4.4' ],
635 silly audit   '@smithy/property-provider': [ '4.2.4' ],
635 silly audit   '@smithy/protocol-http': [ '5.3.4' ],
635 silly audit   '@smithy/querystring-builder': [ '4.2.4' ],
635 silly audit   '@smithy/querystring-parser': [ '4.2.4' ],
635 silly audit   '@smithy/service-error-classification': [ '4.2.4' ],
635 silly audit   '@smithy/shared-ini-file-loader': [ '4.3.4' ],
635 silly audit   '@smithy/signature-v4': [ '5.3.4' ],
635 silly audit   '@smithy/smithy-client': [ '4.9.2' ],
635 silly audit   '@smithy/types': [ '4.8.1' ],
635 silly audit   '@smithy/url-parser': [ '4.2.4' ],
635 silly audit   '@smithy/util-base64': [ '4.3.0' ],
635 silly audit   '@smithy/util-body-length-browser': [ '4.2.0' ],
635 silly audit   '@smithy/util-body-length-node': [ '4.2.1' ],
635 silly audit   '@smithy/util-config-provider': [ '4.2.0' ],
635 silly audit   '@smithy/util-defaults-mode-browser': [ '4.3.5' ],
635 silly audit   '@smithy/util-defaults-mode-node': [ '4.2.8' ],
635 silly audit   '@smithy/util-endpoints': [ '3.2.4' ],
635 silly audit   '@smithy/util-hex-encoding': [ '4.2.0' ],
635 silly audit   '@smithy/util-middleware': [ '4.2.4' ],
635 silly audit   '@smithy/util-retry': [ '4.2.4' ],
635 silly audit   '@smithy/util-stream': [ '4.5.5' ],
635 silly audit   '@smithy/util-uri-escape': [ '4.2.0' ],
635 silly audit   '@smithy/util-waiter': [ '4.2.4' ],
635 silly audit   '@smithy/uuid': [ '1.1.0' ],
635 silly audit   '@swc/counter': [ '0.1.3' ],
635 silly audit   '@swc/helpers': [ '0.5.17', '0.5.5' ],
635 silly audit   '@tabler/icons': [ '3.35.0' ],
635 silly audit   '@tabler/icons-react': [ '3.35.0' ],
635 silly audit   '@tailwindcss/typography': [ '0.5.19' ],
635 silly audit   '@tanstack/query-core': [ '5.90.5' ],
635 silly audit   '@tanstack/react-query': [ '5.90.5' ],
635 silly audit   '@telegram-apps/init-data-node': [ '2.0.10' ],
635 silly audit   '@telegram-apps/toolkit': [ '2.1.3' ],
635 silly audit   '@telegram-apps/transformers': [ '2.2.6' ],
635 silly audit   '@telegram-apps/types': [ '2.0.3' ],
635 silly audit   '@tybys/wasm-util': [ '0.10.1' ],
635 silly audit   '@types/caseless': [ '0.12.5' ],
635 silly audit   '@types/d3-array': [ '3.2.2' ],
635 silly audit   '@types/d3-color': [ '3.1.3' ],
635 silly audit   '@types/d3-ease': [ '3.0.2' ],
635 silly audit   '@types/d3-interpolate': [ '3.0.4' ],
635 silly audit   '@types/d3-path': [ '3.1.1' ],
635 silly audit   '@types/d3-scale': [ '4.0.9' ],
635 silly audit   '@types/d3-shape': [ '3.1.7' ],
635 silly audit   '@types/d3-time': [ '3.0.4' ],
635 silly audit   '@types/d3-timer': [ '3.0.2' ],
635 silly audit   '@types/debug': [ '4.1.12' ],
635 silly audit   '@types/eslint': [ '9.6.1' ],
635 silly audit   '@types/eslint-scope': [ '3.7.7' ],
635 silly audit   '@types/estree': [ '1.0.8' ],
635 silly audit   '@types/estree-jsx': [ '1.0.5' ],
635 silly audit   '@types/file-saver': [ '2.0.7' ],
635 silly audit   '@types/hast': [ '3.0.4' ],
635 silly audit   '@types/json-schema': [ '7.0.15' ],
635 silly audit   '@types/json5': [ '0.0.29' ],
635 silly audit   '@types/lodash': [ '4.17.20' ],
635 silly audit   '@types/mdast': [ '4.0.4' ],
635 silly audit   '@types/ms': [ '2.1.0' ],
635 silly audit   '@types/node': [ '20.19.23', '22.19.3' ],
635 silly audit   '@types/node-telegram-bot-api': [ '0.64.11' ],
635 silly audit   '@types/prop-types': [ '15.7.15' ],
635 silly audit   '@types/react': [ '18.3.26' ],
635 silly audit   '@types/react-dom': [ '18.3.7' ],
635 silly audit   '@types/react-pdf': [ '7.0.0' ],
635 silly audit   '@types/request': [ '2.48.13' ],
635 silly audit   '@types/tough-cookie': [ '4.0.5' ],
635 silly audit   '@types/unist': [ '3.0.3', '2.0.11' ],
635 silly audit   '@types/uuid': [ '10.0.0' ],
635 silly audit   '@typescript-eslint/parser': [ '7.2.0' ],
635 silly audit   '@typescript-eslint/scope-manager': [ '7.2.0' ],
635 silly audit   '@typescript-eslint/types': [ '7.2.0' ],
635 silly audit   '@typescript-eslint/typescript-estree': [ '7.2.0' ],
635 silly audit   'brace-expansion': [ '2.0.2', '1.1.12' ],
635 silly audit   minimatch: [ '9.0.3', '9.0.5', '3.1.2' ],
635 silly audit   '@typescript-eslint/visitor-keys': [ '7.2.0' ],
635 silly audit   '@ungap/structured-clone': [ '1.3.0' ],
635 silly audit   '@unrs/resolver-binding-android-arm-eabi': [ '1.11.1' ],
635 silly audit   '@unrs/resolver-binding-android-arm64': [ '1.11.1' ],
635 silly audit   '@unrs/resolver-binding-darwin-arm64': [ '1.11.1' ],
635 silly audit   '@unrs/resolver-binding-darwin-x64': [ '1.11.1' ],
635 silly audit   '@unrs/resolver-binding-freebsd-x64': [ '1.11.1' ],
635 silly audit   '@unrs/resolver-binding-linux-arm-gnueabihf': [ '1.11.1' ],
635 silly audit   '@unrs/resolver-binding-linux-arm-musleabihf': [ '1.11.1' ],
635 silly audit   '@unrs/resolver-binding-linux-arm64-gnu': [ '1.11.1' ],
635 silly audit   '@unrs/resolver-binding-linux-arm64-musl': [ '1.11.1' ],
635 silly audit   '@unrs/resolver-binding-linux-ppc64-gnu': [ '1.11.1' ],
635 silly audit   '@unrs/resolver-binding-linux-riscv64-gnu': [ '1.11.1' ],
635 silly audit   '@unrs/resolver-binding-linux-riscv64-musl': [ '1.11.1' ],
635 silly audit   '@unrs/resolver-binding-linux-s390x-gnu': [ '1.11.1' ],
635 silly audit   '@unrs/resolver-binding-linux-x64-gnu': [ '1.11.1' ],
635 silly audit   '@unrs/resolver-binding-linux-x64-musl': [ '1.11.1' ],
635 silly audit   '@unrs/resolver-binding-wasm32-wasi': [ '1.11.1' ],
635 silly audit   '@unrs/resolver-binding-win32-arm64-msvc': [ '1.11.1' ],
635 silly audit   '@unrs/resolver-binding-win32-ia32-msvc': [ '1.11.1' ],
635 silly audit   '@unrs/resolver-binding-win32-x64-msvc': [ '1.11.1' ],
635 silly audit   '@webassemblyjs/ast': [ '1.14.1' ],
635 silly audit   '@webassemblyjs/floating-point-hex-parser': [ '1.13.2' ],
635 silly audit   '@webassemblyjs/helper-api-error': [ '1.13.2' ],
635 silly audit   '@webassemblyjs/helper-buffer': [ '1.14.1' ],
635 silly audit   '@webassemblyjs/helper-numbers': [ '1.13.2' ],
635 silly audit   '@webassemblyjs/helper-wasm-bytecode': [ '1.13.2' ],
635 silly audit   '@webassemblyjs/helper-wasm-section': [ '1.14.1' ],
635 silly audit   '@webassemblyjs/ieee754': [ '1.13.2' ],
635 silly audit   '@webassemblyjs/leb128': [ '1.13.2' ],
635 silly audit   '@webassemblyjs/utf8': [ '1.13.2' ],
635 silly audit   '@webassemblyjs/wasm-edit': [ '1.14.1' ],
635 silly audit   '@webassemblyjs/wasm-gen': [ '1.14.1' ],
635 silly audit   '@webassemblyjs/wasm-opt': [ '1.14.1' ],
635 silly audit   '@webassemblyjs/wasm-parser': [ '1.14.1' ],
635 silly audit   '@webassemblyjs/wast-printer': [ '1.14.1' ],
635 silly audit   '@xtuc/ieee754': [ '1.2.0' ],
635 silly audit   '@xtuc/long': [ '4.2.2' ],
635 silly audit   '@yarnpkg/lockfile': [ '1.1.0' ],
635 silly audit   'abs-svg-path': [ '0.1.1' ],
635 silly audit   acorn: [ '8.15.0' ],
635 silly audit   'acorn-import-phases': [ '1.0.4' ],
635 silly audit   'acorn-jsx': [ '5.3.2' ],
635 silly audit   'adler-32': [ '1.3.1' ],
635 silly audit   ajv: [ '6.12.6', '8.17.1' ],
635 silly audit   'ajv-formats': [ '2.1.1' ],
635 silly audit   'json-schema-traverse': [ '1.0.0', '0.4.1' ],
635 silly audit   'ajv-keywords': [ '3.5.2', '5.1.0' ],
635 silly audit   'ansi-styles': [ '4.3.0', '6.2.3' ],
635 silly audit   'any-promise': [ '1.3.0' ],
635 silly audit   anymatch: [ '3.1.3' ],
635 silly audit   arg: [ '5.0.2' ],
635 silly audit   argparse: [ '2.0.1' ],
635 silly audit   'aria-hidden': [ '1.2.6' ],
635 silly audit   'aria-query': [ '5.3.2' ],
635 silly audit   'array-buffer-byte-length': [ '1.0.2' ],
635 silly audit   'array-includes': [ '3.1.9' ],
635 silly audit   'array-union': [ '2.1.0' ],
635 silly audit   'array.prototype.findindex': [ '2.2.4' ],
635 silly audit   'array.prototype.findlast': [ '1.2.5' ],
635 silly audit   'array.prototype.findlastindex': [ '1.2.6' ],
635 silly audit   'array.prototype.flat': [ '1.3.3' ],
635 silly audit   'array.prototype.flatmap': [ '1.3.3' ],
635 silly audit   'array.prototype.tosorted': [ '1.1.4' ],
635 silly audit   'arraybuffer.prototype.slice': [ '1.0.4' ],
635 silly audit   asn1: [ '0.2.6' ],
635 silly audit   'assert-plus': [ '1.0.0' ],
635 silly audit   'ast-types-flow': [ '0.0.8' ],
635 silly audit   'async-function': [ '1.0.0' ],
635 silly audit   asynckit: [ '0.4.0' ],
635 silly audit   'attr-accept': [ '2.2.5' ],
635 silly audit   'available-typed-arrays': [ '1.0.7' ],
635 silly audit   'aws-sign2': [ '0.7.0' ],
635 silly audit   aws4: [ '1.13.2' ],
635 silly audit   'axe-core': [ '4.11.0' ],
635 silly audit   axios: [ '1.12.2' ],
635 silly audit   'axobject-query': [ '4.1.0' ],
635 silly audit   bail: [ '2.0.2' ],
635 silly audit   'balanced-match': [ '1.0.2' ],
635 silly audit   'base64-js': [ '1.5.1', '0.0.8' ],
635 silly audit   'bcrypt-pbkdf': [ '1.0.2' ],
635 silly audit   'bidi-js': [ '1.0.3' ],
635 silly audit   'big.js': [ '5.2.2' ],
635 silly audit   'binary-extensions': [ '2.3.0' ],
635 silly audit   bl: [ '1.2.3' ],
635 silly audit   bluebird: [ '3.7.2' ],
635 silly audit   bowser: [ '2.12.1' ],
635 silly audit   braces: [ '3.0.3' ],
635 silly audit   brotli: [ '1.3.3' ],
635 silly audit   'browserify-zlib': [ '0.2.0' ],
635 silly audit   browserslist: [ '4.23.1' ],
635 silly audit   'buffer-from': [ '1.1.2' ],
635 silly audit   busboy: [ '1.6.0' ],
635 silly audit   'call-bind': [ '1.0.8' ],
635 silly audit   'call-bind-apply-helpers': [ '1.0.2' ],
635 silly audit   'call-bound': [ '1.0.4' ],
635 silly audit   callsites: [ '3.1.0' ],
635 silly audit   'camelcase-css': [ '2.0.1' ],
635 silly audit   'caniuse-lite': [ '1.0.30001751' ],
635 silly audit   caseless: [ '0.12.0' ],
635 silly audit   ccount: [ '2.0.1' ],
635 silly audit   cfb: [ '1.2.2' ],
635 silly audit   chalk: [ '4.1.2' ],
635 silly audit   'character-entities': [ '2.0.2' ],
635 silly audit   'character-entities-html4': [ '2.1.0' ],
635 silly audit   'character-entities-legacy': [ '3.0.0' ],
635 silly audit   'character-reference-invalid': [ '2.0.1' ],
635 silly audit   chokidar: [ '3.6.0' ],
635 silly audit   'glob-parent': [ '5.1.2', '6.0.2' ],
635 silly audit   'chrome-trace-event': [ '1.0.4' ],
635 silly audit   'ci-info': [ '3.9.0' ],
635 silly audit   'class-variance-authority': [ '0.7.1' ],
635 silly audit   'client-only': [ '0.0.1' ],
635 silly audit   cliui: [ '8.0.1' ],
635 silly audit   'emoji-regex': [ '8.0.0', '10.6.0', '9.2.2' ],
635 silly audit   'string-width': [ '4.2.3', '5.1.2' ],
635 silly audit   'wrap-ansi': [ '7.0.0', '8.1.0' ],
635 silly audit   clone: [ '2.1.2' ],
635 silly audit   clsx: [ '2.1.1' ],
635 silly audit   codepage: [ '1.15.0' ],
635 silly audit   'color-convert': [ '2.0.1' ],
635 silly audit   'color-name': [ '1.1.4' ],
635 silly audit   'color-string': [ '1.9.1' ],
635 silly audit   'combined-stream': [ '1.0.8' ],
635 silly audit   'comma-separated-tokens': [ '2.0.3' ],
635 silly audit   commander: [ '4.1.1', '2.20.3' ],
635 silly audit   'concat-map': [ '0.0.1' ],
635 silly audit   'core-util-is': [ '1.0.3', '1.0.2' ],
635 silly audit   'crc-32': [ '1.2.2' ],
635 silly audit   'cross-fetch': [ '3.2.0' ],
635 silly audit   'cross-spawn': [ '7.0.6' ],
635 silly audit   'crypto-js': [ '4.2.0' ],
635 silly audit   cssesc: [ '3.0.0' ],
635 silly audit   csstype: [ '3.1.3' ],
635 silly audit   'd3-array': [ '3.2.4' ],
635 silly audit   'd3-color': [ '3.1.0' ],
635 silly audit   'd3-ease': [ '3.0.1' ],
635 silly audit   'd3-format': [ '3.1.0' ],
635 silly audit   'd3-interpolate': [ '3.0.1' ],
635 silly audit   'd3-path': [ '3.1.0' ],
635 silly audit   'd3-scale': [ '4.0.2' ],
635 silly audit   'd3-shape': [ '3.2.0' ],
635 silly audit   'd3-time': [ '3.1.0' ],
635 silly audit   'd3-time-format': [ '4.1.0' ],
635 silly audit   'd3-timer': [ '3.0.1' ],
635 silly audit   'damerau-levenshtein': [ '1.0.8' ],
635 silly audit   dashdash: [ '1.14.1' ],
635 silly audit   'data-view-buffer': [ '1.0.2' ],
635 silly audit   'data-view-byte-length': [ '1.0.2' ],
635 silly audit   'data-view-byte-offset': [ '1.0.1' ],
635 silly audit   'date-fns': [ '3.6.0' ],
635 silly audit   debug: [ '4.4.3', '3.2.7' ],
635 silly audit   'decimal.js-light': [ '2.5.1' ],
635 silly audit   'decode-named-character-reference': [ '1.2.0' ],
635 silly audit   'deep-is': [ '0.1.4' ],
635 silly audit   'define-data-property': [ '1.1.4' ],
635 silly audit   'define-properties': [ '1.2.1' ],
635 silly audit   'delayed-stream': [ '1.0.0' ],
635 silly audit   dequal: [ '2.0.3' ],
635 silly audit   'detect-node-es': [ '1.1.0' ],
635 silly audit   devlop: [ '1.1.0' ],
635 silly audit   dfa: [ '1.2.0' ],
635 silly audit   didyoumean: [ '1.2.2' ],
635 silly audit   'dir-glob': [ '3.0.1' ],
635 silly audit   dlv: [ '1.1.3' ],
635 silly audit   doctrine: [ '3.0.0', '2.1.0' ],
635 silly audit   docx: [ '8.5.0' ],
635 silly audit   'dom-helpers': [ '5.2.1' ],
635 silly audit   dotenv: [ '16.6.1' ],
635 silly audit   'dunder-proto': [ '1.0.1' ],
635 silly audit   eastasianwidth: [ '0.2.0' ],
635 silly audit   'ecc-jsbn': [ '0.1.2' ],
635 silly audit   'electron-to-chromium': [ '1.5.237' ],
635 silly audit   'emojis-list': [ '3.0.0' ],
635 silly audit   'end-of-stream': [ '1.4.5' ],
635 silly audit   'enhanced-resolve': [ '5.18.3' ],
635 silly audit   'error-kid': [ '0.0.7' ],
635 silly audit   'es-abstract': [ '1.24.0' ],
635 silly audit   'es-define-property': [ '1.0.1' ],
635 silly audit   'es-errors': [ '1.3.0' ],
635 silly audit   'es-iterator-helpers': [ '1.2.1' ],
635 silly audit   'es-module-lexer': [ '1.7.0' ],
635 silly audit   'es-object-atoms': [ '1.1.1' ],
635 silly audit   'es-set-tostringtag': [ '2.1.0' ],
635 silly audit   'es-shim-unscopables': [ '1.1.0' ],
635 silly audit   'es-to-primitive': [ '1.3.0' ],
635 silly audit   escalade: [ '3.2.0' ],
635 silly audit   'escape-string-regexp': [ '4.0.0', '5.0.0' ],
635 silly audit   eslint: [ '8.57.1' ],
635 silly audit   'eslint-config-next': [ '14.2.5' ],
635 silly audit   'eslint-import-resolver-node': [ '0.3.9' ],
635 silly audit   'eslint-import-resolver-typescript': [ '3.10.1' ],
635 silly audit   'eslint-module-utils': [ '2.12.1' ],
635 silly audit   'eslint-plugin-import': [ '2.32.0' ],
635 silly audit   semver: [ '6.3.1', '7.7.3' ],
635 silly audit   'eslint-plugin-jsx-a11y': [ '6.10.2' ],
635 silly audit   'eslint-plugin-react': [ '7.37.5' ],
635 silly audit   'eslint-plugin-react-hooks': [ '5.0.0-canary-7118f5dd7-20230705' ],
635 silly audit   resolve: [ '2.0.0-next.5', '1.22.11' ],
635 silly audit   'eslint-scope': [ '7.2.2', '5.1.1' ],
635 silly audit   'eslint-visitor-keys': [ '3.4.3' ],
635 silly audit   espree: [ '9.6.1' ],
635 silly audit   esquery: [ '1.6.0' ],
635 silly audit   esrecurse: [ '4.3.0' ],
635 silly audit   estraverse: [ '5.3.0', '4.3.0' ],
635 silly audit   'estree-util-is-identifier-name': [ '3.0.0' ],
635 silly audit   esutils: [ '2.0.3' ],
635 silly audit   eventemitter3: [ '3.1.2', '4.0.7' ],
635 silly audit   events: [ '3.3.0' ],
635 silly audit   extend: [ '3.0.2' ],
635 silly audit   extsprintf: [ '1.3.0' ],
635 silly audit   'fast-deep-equal': [ '3.1.3' ],
635 silly audit   'fast-equals': [ '5.3.2' ],
635 silly audit   'fast-glob': [ '3.3.3' ],
635 silly audit   'fast-json-stable-stringify': [ '2.1.0' ],
635 silly audit   'fast-levenshtein': [ '2.0.6' ],
635 silly audit   'fast-uri': [ '3.1.0' ],
635 silly audit   fastq: [ '1.19.1' ],
635 silly audit   'faye-websocket': [ '0.11.4' ],
635 silly audit   'file-entry-cache': [ '6.0.1' ],
635 silly audit   'file-saver': [ '2.0.5' ],
635 silly audit   'file-selector': [ '2.1.2' ],
635 silly audit   'file-type': [ '3.9.0' ],
635 silly audit   'fill-range': [ '7.1.1' ],
635 silly audit   'find-up': [ '5.0.0' ],
635 silly audit   'find-yarn-workspace-root': [ '2.0.0' ],
635 silly audit   'flat-cache': [ '3.2.0' ],
635 silly audit   flatted: [ '3.3.3' ],
635 silly audit   'follow-redirects': [ '1.15.11' ],
635 silly audit   fontkit: [ '2.0.4' ],
635 silly audit   'for-each': [ '0.3.5' ],
635 silly audit   'foreground-child': [ '3.3.1' ],
635 silly audit   'forever-agent': [ '0.6.1' ],
635 silly audit   frac: [ '1.1.2' ],
635 silly audit   'framer-motion': [ '11.18.2' ],
635 silly audit   'fs-extra': [ '10.1.0' ],
635 silly audit   'fs.realpath': [ '1.0.0' ],
635 silly audit   fsevents: [ '2.3.3' ],
635 silly audit   'function-bind': [ '1.1.2' ],
635 silly audit   'function.prototype.name': [ '1.1.8' ],
635 silly audit   'functions-have-names': [ '1.2.3' ],
635 silly audit   'generator-function': [ '2.0.1' ],
635 silly audit   'get-caller-file': [ '2.0.5' ],
635 silly audit   'get-intrinsic': [ '1.3.0' ],
635 silly audit   'get-nonce': [ '1.0.1' ],
635 silly audit   'get-proto': [ '1.0.1' ],
635 silly audit   'get-symbol-description': [ '1.1.0' ],
635 silly audit   'get-tsconfig': [ '4.12.0' ],
635 silly audit   getpass: [ '0.1.7' ],
635 silly audit   glob: [ '10.3.10', '7.2.3' ],
635 silly audit   'glob-to-regexp': [ '0.4.1' ],
635 silly audit   globals: [ '13.24.0' ],
635 silly audit   globalthis: [ '1.0.4' ],
635 silly audit   globby: [ '11.1.0' ],
635 silly audit   gopd: [ '1.2.0' ],
635 silly audit   'graceful-fs': [ '4.2.11' ],
635 silly audit   graphemer: [ '1.4.0' ],
635 silly audit   'har-schema': [ '2.0.0' ],
635 silly audit   'har-validator': [ '5.1.5' ],
635 silly audit   'has-bigints': [ '1.1.0' ],
635 silly audit   'has-flag': [ '4.0.0' ],
635 silly audit   'has-property-descriptors': [ '1.0.2' ],
635 silly audit   'has-proto': [ '1.2.0' ],
635 silly audit   'has-symbols': [ '1.1.0' ],
635 silly audit   'has-tostringtag': [ '1.0.2' ],
635 silly audit   hasown: [ '2.0.2' ],
635 silly audit   'hast-util-to-jsx-runtime': [ '2.3.6' ],
635 silly audit   'hast-util-whitespace': [ '3.0.0' ],
635 silly audit   'hsl-to-hex': [ '1.0.0' ],
635 silly audit   'hsl-to-rgb-for-reals': [ '1.1.1' ],
635 silly audit   'html-url-attributes': [ '3.0.1' ],
635 silly audit   'http-parser-js': [ '0.5.10' ],
635 silly audit   'http-signature': [ '1.4.0', '1.2.0' ],
635 silly audit   hyphen: [ '1.10.6' ],
635 silly audit   ignore: [ '5.3.2' ],
635 silly audit   immediate: [ '3.0.6' ],
635 silly audit   'import-fresh': [ '3.3.1' ],
635 silly audit   imurmurhash: [ '0.1.4' ],
635 silly audit   inflight: [ '1.0.6' ],
635 silly audit   inherits: [ '2.0.4' ],
635 silly audit   'inline-style-parser': [ '0.2.4' ],
635 silly audit   'internal-slot': [ '1.1.0' ],
635 silly audit   internmap: [ '2.0.3' ],
635 silly audit   'is-alphabetical': [ '2.0.1' ],
635 silly audit   'is-alphanumerical': [ '2.0.1' ],
635 silly audit   'is-array-buffer': [ '3.0.5' ],
635 silly audit   'is-arrayish': [ '0.3.4' ],
635 silly audit   'is-async-function': [ '2.1.1' ],
635 silly audit   'is-bigint': [ '1.1.0' ],
635 silly audit   'is-binary-path': [ '2.1.0' ],
635 silly audit   'is-boolean-object': [ '1.2.2' ],
635 silly audit   'is-bun-module': [ '2.0.0' ],
635 silly audit   'is-callable': [ '1.2.7' ],
635 silly audit   'is-core-module': [ '2.16.1' ],
635 silly audit   'is-data-view': [ '1.0.2' ],
635 silly audit   'is-date-object': [ '1.1.0' ],
635 silly audit   'is-decimal': [ '2.0.1' ],
635 silly audit   'is-docker': [ '2.2.1' ],
635 silly audit   'is-extglob': [ '2.1.1' ],
635 silly audit   'is-finalizationregistry': [ '1.1.1' ],
635 silly audit   'is-fullwidth-code-point': [ '3.0.0' ],
635 silly audit   'is-generator-function': [ '1.1.2' ],
635 silly audit   'is-glob': [ '4.0.3' ],
635 silly audit   'is-hexadecimal': [ '2.0.1' ],
635 silly audit   'is-map': [ '2.0.3' ],
635 silly audit   'is-negative-zero': [ '2.0.3' ],
635 silly audit   'is-number': [ '7.0.0' ],
635 silly audit   'is-number-object': [ '1.1.1' ],
635 silly audit   'is-path-inside': [ '3.0.3' ],
635 silly audit   'is-plain-obj': [ '4.1.0' ],
635 silly audit   'is-regex': [ '1.2.1' ],
635 silly audit   'is-set': [ '2.0.3' ],
635 silly audit   'is-shared-array-buffer': [ '1.0.4' ],
635 silly audit   'is-string': [ '1.1.1' ],
635 silly audit   'is-symbol': [ '1.1.1' ],
635 silly audit   'is-typed-array': [ '1.1.15' ],
635 silly audit   'is-typedarray': [ '1.0.0' ],
635 silly audit   'is-url': [ '1.2.4' ],
635 silly audit   'is-weakmap': [ '2.0.2' ],
635 silly audit   'is-weakref': [ '1.1.1' ],
635 silly audit   'is-weakset': [ '2.0.4' ],
635 silly audit   'is-wsl': [ '2.2.0' ],
635 silly audit   isarray: [ '2.0.5', '1.0.0' ],
635 silly audit   isexe: [ '2.0.0' ],
635 silly audit   isstream: [ '0.1.2' ],
635 silly audit   'iterator.prototype': [ '1.1.5' ],
635 silly audit   jackspeak: [ '2.3.6' ],
635 silly audit   'jay-peg': [ '1.1.1' ],
635 silly audit   'jest-worker': [ '27.5.1' ],
635 silly audit   'supports-color': [ '8.1.1', '7.2.0' ],
635 silly audit   jiti: [ '1.21.7' ],
635 silly audit   jose: [ '5.10.0', '4.15.9' ],
635 silly audit   'js-tokens': [ '4.0.0' ],
635 silly audit   'js-yaml': [ '4.1.0' ],
635 silly audit   jsbn: [ '0.1.1' ],
635 silly audit   'json-buffer': [ '3.0.1' ],
635 silly audit   'json-parse-even-better-errors': [ '2.3.1' ],
635 silly audit   'json-schema': [ '0.4.0' ],
635 silly audit   'json-stable-stringify': [ '1.3.0' ],
635 silly audit   'json-stable-stringify-without-jsonify': [ '1.0.1' ],
635 silly audit   'json-stringify-safe': [ '5.0.1' ],
635 silly audit   json5: [ '2.2.3', '1.0.2' ],
635 silly audit   jsonfile: [ '6.2.0' ],
635 silly audit   jsonify: [ '0.0.1' ],
635 silly audit   jsprim: [ '2.0.2', '1.4.2' ],
635 silly audit   'jsx-ast-utils': [ '3.3.5' ],
635 silly audit   jszip: [ '3.10.1' ],
635 silly audit   keyv: [ '4.5.4' ],
635 silly audit   'klaw-sync': [ '6.0.0' ],
635 silly audit   'language-subtag-registry': [ '0.3.23' ],
635 silly audit   'language-tags': [ '1.0.9' ],
635 silly audit   levn: [ '0.4.1' ],
635 silly audit   lie: [ '3.3.0' ],
635 silly audit   lilconfig: [ '3.1.3' ],
635 silly audit   linebreak: [ '1.1.0' ],
635 silly audit   'lines-and-columns': [ '1.2.4' ],
635 silly audit   'loader-runner': [ '4.3.1' ],
635 silly audit   'loader-utils': [ '2.0.4' ],
635 silly audit   'locate-path': [ '6.0.0' ],
635 silly audit   lodash: [ '4.17.21' ],
635 silly audit   'lodash.camelcase': [ '4.3.0' ],
635 silly audit   'lodash.merge': [ '4.6.2' ],
635 silly audit   long: [ '5.3.2' ],
635 silly audit   'longest-streak': [ '3.1.0' ],
635 silly audit   'loose-envify': [ '1.4.0' ],
635 silly audit   'lru-cache': [ '10.4.3', '6.0.0' ],
635 silly audit   'lucide-react': [ '0.475.0' ],
635 silly audit   'make-cancellable-promise': [ '2.0.0' ],
635 silly audit   'make-event-props': [ '2.0.0' ],
635 silly audit   'markdown-table': [ '3.0.4' ],
635 silly audit   'math-intrinsics': [ '1.1.0' ],
635 silly audit   'mdast-util-find-and-replace': [ '3.0.2' ],
635 silly audit   'mdast-util-from-markdown': [ '2.0.2' ],
635 silly audit   'mdast-util-gfm': [ '3.1.0' ],
635 silly audit   'mdast-util-gfm-autolink-literal': [ '2.0.1' ],
635 silly audit   'mdast-util-gfm-footnote': [ '2.1.0' ],
635 silly audit   'mdast-util-gfm-strikethrough': [ '2.0.0' ],
635 silly audit   'mdast-util-gfm-table': [ '2.0.0' ],
635 silly audit   'mdast-util-gfm-task-list-item': [ '2.0.0' ],
635 silly audit   'mdast-util-mdx-expression': [ '2.0.1' ],
635 silly audit   'mdast-util-mdx-jsx': [ '3.2.0' ],
635 silly audit   'mdast-util-mdxjs-esm': [ '2.0.1' ],
635 silly audit   'mdast-util-phrasing': [ '4.1.0' ],
635 silly audit   'mdast-util-to-hast': [ '13.2.0' ],
635 silly audit   'mdast-util-to-markdown': [ '2.1.2' ],
635 silly audit   'mdast-util-to-string': [ '4.0.0' ],
635 silly audit   'media-engine': [ '1.0.3' ],
635 silly audit   'merge-refs': [ '2.0.0' ],
635 silly audit   'merge-stream': [ '2.0.0' ],
635 silly audit   merge2: [ '1.4.1' ],
635 silly audit   micromark: [ '4.0.2' ],
635 silly audit   'micromark-core-commonmark': [ '2.0.3' ],
635 silly audit   'micromark-extension-gfm': [ '3.0.0' ],
635 silly audit   'micromark-extension-gfm-autolink-literal': [ '2.1.0' ],
635 silly audit   'micromark-extension-gfm-footnote': [ '2.1.0' ],
635 silly audit   'micromark-extension-gfm-strikethrough': [ '2.1.0' ],
635 silly audit   'micromark-extension-gfm-table': [ '2.1.1' ],
635 silly audit   'micromark-extension-gfm-tagfilter': [ '2.0.0' ],
635 silly audit   'micromark-extension-gfm-task-list-item': [ '2.1.0' ],
635 silly audit   'micromark-factory-destination': [ '2.0.1' ],
635 silly audit   'micromark-factory-label': [ '2.0.1' ],
635 silly audit   'micromark-factory-space': [ '2.0.1' ],
635 silly audit   'micromark-factory-title': [ '2.0.1' ],
635 silly audit   'micromark-factory-whitespace': [ '2.0.1' ],
635 silly audit   'micromark-util-character': [ '2.1.1' ],
635 silly audit   'micromark-util-chunked': [ '2.0.1' ],
635 silly audit   'micromark-util-classify-character': [ '2.0.1' ],
635 silly audit   'micromark-util-combine-extensions': [ '2.0.1' ],
635 silly audit   'micromark-util-decode-numeric-character-reference': [ '2.0.2' ],
635 silly audit   'micromark-util-decode-string': [ '2.0.1' ],
635 silly audit   'micromark-util-encode': [ '2.0.1' ],
635 silly audit   'micromark-util-html-tag-name': [ '2.0.1' ],
635 silly audit   'micromark-util-normalize-identifier': [ '2.0.1' ],
635 silly audit   'micromark-util-resolve-all': [ '2.0.1' ],
635 silly audit   'micromark-util-sanitize-uri': [ '2.0.1' ],
635 silly audit   'micromark-util-subtokenize': [ '2.1.0' ],
635 silly audit   'micromark-util-symbol': [ '2.0.1' ],
635 silly audit   'micromark-util-types': [ '2.0.2' ],
635 silly audit   micromatch: [ '4.0.8' ],
635 silly audit   mime: [ '1.6.0', '3.0.0' ],
635 silly audit   'mime-db': [ '1.52.0' ],
635 silly audit   'mime-types': [ '2.1.35' ],
635 silly audit   minimist: [ '1.2.8' ],
635 silly audit   minipass: [ '7.1.2' ],
635 silly audit   'motion-dom': [ '11.18.1' ],
635 silly audit   'motion-utils': [ '11.18.1' ],
635 silly audit   ms: [ '2.1.3' ],
635 silly audit   mz: [ '2.7.0' ],
635 silly audit   nanoid: [ '5.1.6', '3.3.11' ],
635 silly audit   'napi-postinstall': [ '0.3.4' ],
635 silly audit   'natural-compare': [ '1.4.0' ],
635 silly audit   'neo-async': [ '2.6.2' ],
635 silly audit   next: [ '14.2.35' ],
635 silly audit   'next-themes': [ '0.3.0' ],
635 silly audit   postcss: [ '8.4.31', '8.5.6' ],
635 silly audit   'node-fetch': [ '2.7.0' ],
635 silly audit   'node-releases': [ '2.0.26' ],
635 silly audit   'node-telegram-bot-api': [ '0.66.0' ],
635 silly audit   'normalize-path': [ '3.0.0' ],
635 silly audit   'normalize-svg-path': [ '1.1.0' ],
635 silly audit   'null-loader': [ '4.0.1' ],
635 silly audit   'oauth-sign': [ '0.9.0' ],
635 silly audit   'object-assign': [ '4.1.1' ],
635 silly audit   'object-hash': [ '3.0.0', '2.2.0' ],
635 silly audit   'object-inspect': [ '1.13.4' ],
635 silly audit   'object-keys': [ '1.1.1' ],
635 silly audit   'object.assign': [ '4.1.7' ],
635 silly audit   'object.entries': [ '1.1.9' ],
635 silly audit   'object.fromentries': [ '2.0.8' ],
635 silly audit   'object.groupby': [ '1.0.3' ],
635 silly audit   'object.values': [ '1.2.1' ],
635 silly audit   once: [ '1.4.0' ],
635 silly audit   open: [ '7.4.2' ],
635 silly audit   optionator: [ '0.9.4' ],
635 silly audit   'own-keys': [ '1.0.1' ],
635 silly audit   'p-limit': [ '3.1.0' ],
635 silly audit   'p-locate': [ '5.0.0' ],
635 silly audit   pako: [ '1.0.11', '0.2.9' ],
635 silly audit   'parent-module': [ '1.0.1' ],
635 silly audit   'parse-entities': [ '4.0.2' ],
635 silly audit   'parse-svg-path': [ '0.1.2' ],
635 silly audit   'patch-package': [ '8.0.1' ],
635 silly audit   slash: [ '2.0.0', '3.0.0' ],
635 silly audit   'path-exists': [ '4.0.0' ],
635 silly audit   'path-is-absolute': [ '1.0.1' ],
635 silly audit   'path-key': [ '3.1.1' ],
635 silly audit   'path-parse': [ '1.0.7' ],
635 silly audit   'path-scurry': [ '1.11.1' ],
635 silly audit   'path-type': [ '4.0.0' ],
635 silly audit   'pdf-lib': [ '1.17.1' ],
635 silly audit   tslib: [ '1.14.1', '2.8.1' ],
635 silly audit   'pdfjs-dist': [ '5.4.296' ],
635 silly audit   'performance-now': [ '2.1.0' ],
635 silly audit   picocolors: [ '1.1.1' ],
635 silly audit   picomatch: [ '2.3.1', '4.0.3' ],
635 silly audit   pify: [ '2.3.0' ],
635 silly audit   pirates: [ '4.0.7' ],
635 silly audit   'possible-typed-array-names': [ '1.1.0' ],
635 silly audit   'postcss-import': [ '15.1.0' ],
635 silly audit   'postcss-js': [ '4.1.0' ],
635 silly audit   'postcss-load-config': [ '6.0.1' ],
635 silly audit   'postcss-nested': [ '6.2.0' ],
635 silly audit   'postcss-selector-parser': [ '6.1.2', '6.0.10' ],
635 silly audit   'postcss-value-parser': [ '4.2.0' ],
635 silly audit   'prelude-ls': [ '1.2.1' ],
635 silly audit   'process-nextick-args': [ '2.0.1' ],
635 silly audit   'prop-types': [ '15.8.1' ],
635 silly audit   'property-information': [ '7.1.0' ],
635 silly audit   protobufjs: [ '7.5.4' ],
635 silly audit   'proxy-from-env': [ '1.1.0' ],
635 silly audit   psl: [ '1.15.0' ],
635 silly audit   pump: [ '2.0.1' ],
635 silly audit   punycode: [ '2.3.1' ],
635 silly audit   qs: [ '6.14.0', '6.5.3' ],
635 silly audit   querystringify: [ '2.2.0' ],
635 silly audit   queue: [ '6.0.2' ],
635 silly audit   'queue-microtask': [ '1.2.3' ],
635 silly audit   randombytes: [ '2.1.0' ],
635 silly audit   react: [ '18.3.1' ],
635 silly audit   'react-day-picker': [ '8.10.1' ],
635 silly audit   'react-dom': [ '18.3.1' ],
635 silly audit   scheduler: [ '0.23.2', '0.17.0' ],
635 silly audit   'react-dropzone': [ '14.3.8' ],
635 silly audit   'react-hook-form': [ '7.65.0' ],
635 silly audit   'react-is': [ '16.13.1', '18.3.1' ],
635 silly audit   'react-markdown': [ '9.1.0' ],
635 silly audit   'react-pdf': [ '10.2.0' ],
635 silly audit   'react-remove-scroll': [ '2.7.1' ],
635 silly audit   'react-remove-scroll-bar': [ '2.3.8' ],
635 silly audit   'react-smooth': [ '4.0.4' ],
635 silly audit   'react-style-singleton': [ '2.2.3' ],
635 silly audit   'react-transition-group': [ '4.4.5' ],
635 silly audit   'read-cache': [ '1.0.0' ],
635 silly audit   'readable-stream': [ '2.3.8', '3.6.2' ],
635 silly audit   'safe-buffer': [ '5.1.2', '5.2.1' ],
635 silly audit   readdirp: [ '3.6.0' ],
635 silly audit   recharts: [ '2.15.4' ],
635 silly audit   'recharts-scale': [ '0.4.5' ],
635 silly audit   'reflect.getprototypeof': [ '1.0.10' ],
635 silly audit   'regexp.prototype.flags': [ '1.5.4' ],
635 silly audit   'remark-gfm': [ '4.0.1' ],
635 silly audit   'remark-parse': [ '11.0.0' ],
635 silly audit   'remark-rehype': [ '11.1.2' ],
635 silly audit   'remark-stringify': [ '11.0.0' ],
635 silly audit   request: [ '2.88.2' ],
635 silly audit   'request-promise-core': [ '1.1.3' ],
635 silly audit   'require-directory': [ '2.1.1' ],
635 silly audit   'require-from-string': [ '2.0.2' ],
635 silly audit   'requires-port': [ '1.0.0' ],
635 silly audit   'resolve-from': [ '4.0.0' ],
635 silly audit   'resolve-pkg-maps': [ '1.0.0' ],
635 silly audit   restructure: [ '3.0.2' ],
635 silly audit   reusify: [ '1.1.0' ],
635 silly audit   rimraf: [ '3.0.2' ],
635 silly audit   'run-parallel': [ '1.2.0' ],
635 silly audit   'safe-array-concat': [ '1.1.3' ],
635 silly audit   'safe-push-apply': [ '1.0.0' ],
635 silly audit   'safe-regex-test': [ '1.1.0' ],
635 silly audit   'safer-buffer': [ '2.1.2' ],
635 silly audit   sax: [ '1.4.1' ],
635 silly audit   'schema-utils': [ '3.3.0', '4.3.3' ],
635 silly audit   'serialize-javascript': [ '6.0.2' ],
635 silly audit   'set-function-length': [ '1.2.2' ],
635 silly audit   'set-function-name': [ '2.0.2' ],
635 silly audit   'set-proto': [ '1.0.0' ],
635 silly audit   setimmediate: [ '1.0.5' ],
635 silly audit   'shebang-command': [ '2.0.0' ],
635 silly audit   'shebang-regex': [ '3.0.0' ],
635 silly audit   'side-channel': [ '1.1.0' ],
635 silly audit   'side-channel-list': [ '1.0.0' ],
635 silly audit   'side-channel-map': [ '1.0.1' ],
635 silly audit   'side-channel-weakmap': [ '1.0.2' ],
635 silly audit   'signal-exit': [ '4.1.0' ],
635 silly audit   'simple-swizzle': [ '0.2.4' ],
635 silly audit   'source-map': [ '0.6.1' ],
635 silly audit   'source-map-js': [ '1.2.1' ],
635 silly audit   'source-map-support': [ '0.5.21' ],
635 silly audit   'space-separated-tokens': [ '2.0.2' ],
635 silly audit   ssf: [ '0.11.2' ],
635 silly audit   sshpk: [ '1.18.0' ],
635 silly audit   'stable-hash': [ '0.0.5' ],
635 silly audit   'stealthy-require': [ '1.1.1' ],
635 silly audit   'stop-iteration-iterator': [ '1.1.0' ],
635 silly audit   streamsearch: [ '1.1.0' ],
635 silly audit   string_decoder: [ '1.1.1' ],
635 silly audit   'string.prototype.includes': [ '2.0.1' ],
635 silly audit   'string.prototype.matchall': [ '4.0.12' ],
635 silly audit   'string.prototype.repeat': [ '1.0.0' ],
635 silly audit   'string.prototype.trim': [ '1.2.10' ],
635 silly audit   'string.prototype.trimend': [ '1.0.9' ],
635 silly audit   'string.prototype.trimstart': [ '1.0.8' ],
635 silly audit   'stringify-entities': [ '4.0.4' ],
635 silly audit   'strip-bom': [ '3.0.0' ],
635 silly audit   'strip-json-comments': [ '3.1.1' ],
635 silly audit   'style-to-js': [ '1.1.18' ],
635 silly audit   'style-to-object': [ '1.0.11' ],
635 silly audit   'styled-jsx': [ '5.1.1' ],
635 silly audit   sucrase: [ '3.35.0' ],
635 silly audit   'supports-preserve-symlinks-flag': [ '1.0.0' ],
635 silly audit   'svg-arc-to-cubic-bezier': [ '3.2.0' ],
635 silly audit   'tailwind-merge': [ '3.3.1' ],
635 silly audit   tailwindcss: [ '3.4.18' ],
635 silly audit   'tailwindcss-animate': [ '1.0.7' ],
635 silly audit   tapable: [ '2.3.0' ],
635 silly audit   terser: [ '5.44.0' ],
635 silly audit   'terser-webpack-plugin': [ '5.3.14' ],
635 silly audit   'text-table': [ '0.2.0' ],
635 silly audit   thenify: [ '3.3.1' ],
635 silly audit   'thenify-all': [ '1.6.0' ],
635 silly audit   'tiny-inflate': [ '1.0.3' ],
635 silly audit   'tiny-invariant': [ '1.3.3' ],
635 silly audit   tinyglobby: [ '0.2.15' ],
635 silly audit   fdir: [ '6.5.0' ],
635 silly audit   tldts: [ '6.1.86' ],
635 silly audit   'tldts-core': [ '6.1.86' ],
635 silly audit   tmp: [ '0.2.5' ],
635 silly audit   'to-regex-range': [ '5.0.1' ],
635 silly audit   tr46: [ '0.0.3', '5.1.1' ],
635 silly audit   'trim-lines': [ '3.0.1' ],
635 silly audit   trough: [ '2.2.0' ],
635 silly audit   'ts-api-utils': [ '1.4.3' ],
635 silly audit   'ts-interface-checker': [ '0.1.13' ],
635 silly audit   'tsconfig-paths': [ '3.15.0' ],
635 silly audit   'tunnel-agent': [ '0.6.0' ],
635 silly audit   tweetnacl: [ '0.14.5' ],
635 silly audit   'type-check': [ '0.4.0' ],
635 silly audit   'type-fest': [ '0.20.2' ],
635 silly audit   'typed-array-buffer': [ '1.0.3' ],
635 silly audit   'typed-array-byte-length': [ '1.0.3' ],
635 silly audit   'typed-array-byte-offset': [ '1.0.4' ],
635 silly audit   'typed-array-length': [ '1.0.7' ],
635 silly audit   typescript: [ '5.9.3' ],
635 silly audit   'unbox-primitive': [ '1.1.0' ],
635 silly audit   'undici-types': [ '6.21.0' ],
635 silly audit   'unicode-properties': [ '1.4.1' ],
635 silly audit   'unicode-trie': [ '2.0.0' ],
635 silly audit   unified: [ '11.0.5' ],
635 silly audit   'unist-util-is': [ '6.0.1' ],
635 silly audit   'unist-util-position': [ '5.0.0' ],
635 silly audit   'unist-util-stringify-position': [ '4.0.0' ],
635 silly audit   'unist-util-visit': [ '5.0.0' ],
635 silly audit   'unist-util-visit-parents': [ '6.0.2' ],
635 silly audit   'unrs-resolver': [ '1.11.1' ],
635 silly audit   'update-browserslist-db': [ '1.1.3' ],
635 silly audit   'uri-js': [ '4.4.1' ],
635 silly audit   'url-parse': [ '1.5.10' ],
635 silly audit   'use-callback-ref': [ '1.3.3' ],
635 silly audit   'use-sidecar': [ '1.1.3' ],
635 silly audit   'use-sync-external-store': [ '1.6.0' ],
635 silly audit   'util-deprecate': [ '1.0.2' ],
635 silly audit   valibot: [ '1.0.0-beta.14' ],
635 silly audit   verror: [ '1.10.0' ],
635 silly audit   vfile: [ '6.0.3' ],
635 silly audit   'vfile-message': [ '4.0.3' ],
635 silly audit   'victory-vendor': [ '36.9.2' ],
635 silly audit   'vite-compatible-readable-stream': [ '3.6.1' ],
635 silly audit   warning: [ '4.0.3' ],
635 silly audit   watchpack: [ '2.4.4' ],
635 silly audit   'webidl-conversions': [ '3.0.1', '7.0.0' ],
635 silly audit   webpack: [ '5.102.1' ],
635 silly audit   'webpack-sources': [ '3.3.3' ],
635 silly audit   'websocket-driver': [ '0.7.4' ],
635 silly audit   'websocket-extensions': [ '0.1.4' ],
635 silly audit   'whatwg-url': [ '5.0.0', '14.2.0' ],
635 silly audit   which: [ '2.0.2' ],
635 silly audit   'which-boxed-primitive': [ '1.1.1' ],
635 silly audit   'which-builtin-type': [ '1.2.1' ],
635 silly audit   'which-collection': [ '1.0.2' ],
635 silly audit   'which-typed-array': [ '1.1.19' ],
635 silly audit   wmf: [ '1.0.2' ],
635 silly audit   word: [ '0.3.0' ],
635 silly audit   'word-wrap': [ '1.2.5' ],
635 silly audit   wrappy: [ '1.0.2' ],
635 silly audit   xlsx: [ '0.18.5' ],
635 silly audit   xml: [ '1.0.1' ],
635 silly audit   'xml-js': [ '1.6.11' ],
635 silly audit   y18n: [ '5.0.8' ],
635 silly audit   yaml: [ '2.8.1' ],
635 silly audit   yargs: [ '17.7.2' ],
635 silly audit   'yargs-parser': [ '21.1.1' ],
635 silly audit   'yocto-queue': [ '0.1.0' ],
635 silly audit   'yoga-layout': [ '2.0.1' ],
635 silly audit   zod: [ '3.25.76' ],
635 silly audit   zwitch: [ '2.0.4' ],
635 silly audit   bcryptjs: [ '2.4.3' ],
635 silly audit   'firebase-admin': [ '12.7.0' ],
635 silly audit   mongodb: [ '6.21.0' ],
635 silly audit   'next-auth': [ '4.24.13' ],
635 silly audit   nodemailer: [ '7.0.12' ],
635 silly audit   '@fastify/busboy': [ '3.2.0' ],
635 silly audit   '@google-cloud/firestore': [ '7.11.6' ],
635 silly audit   '@google-cloud/storage': [ '7.18.0' ],
635 silly audit   'farmhash-modern': [ '1.1.0' ],
635 silly audit   jsonwebtoken: [ '9.0.3' ],
635 silly audit   'jwks-rsa': [ '3.2.0' ],
635 silly audit   'node-forge': [ '1.3.3' ],
635 silly audit   '@opentelemetry/api': [ '1.9.0' ],
635 silly audit   'functional-red-black-tree': [ '1.0.1' ],
635 silly audit   'google-gax': [ '4.6.1' ],
635 silly audit   '@google-cloud/paginator': [ '5.0.2' ],
635 silly audit   '@google-cloud/projectify': [ '4.0.0' ],
635 silly audit   '@google-cloud/promisify': [ '4.0.0' ],
635 silly audit   'abort-controller': [ '3.0.0' ],
635 silly audit   'async-retry': [ '1.3.3' ],
635 silly audit   duplexify: [ '4.1.3' ],
635 silly audit   gaxios: [ '6.7.1' ],
635 silly audit   'google-auth-library': [ '9.15.1' ],
635 silly audit   'html-entities': [ '2.6.0' ],
635 silly audit   'retry-request': [ '7.0.2' ],
635 silly audit   'teeny-request': [ '9.0.0' ],
635 silly audit   arrify: [ '2.0.1' ],
635 silly audit   'event-target-shim': [ '5.0.1' ],
635 silly audit   retry: [ '0.13.1' ],
635 silly audit   'stream-shift': [ '1.0.3' ],
635 silly audit   'https-proxy-agent': [ '7.0.6', '5.0.1' ],
635 silly audit   'is-stream': [ '2.0.1' ],
635 silly audit   'ecdsa-sig-formatter': [ '1.0.11' ],
635 silly audit   gtoken: [ '7.1.0' ],
635 silly audit   jws: [ '4.0.1' ],
635 silly audit   'json-bigint': [ '1.0.0' ],
635 silly audit   '@types/long': [ '4.0.2' ],
635 silly audit   'proto3-json-serializer': [ '2.0.2' ],
635 silly audit   'agent-base': [ '7.1.4', '6.0.2' ],
635 silly audit   'bignumber.js': [ '9.3.1' ],
635 silly audit   'lodash.includes': [ '4.3.0' ],
635 silly audit   'lodash.isboolean': [ '3.0.3' ],
635 silly audit   'lodash.isinteger': [ '4.0.4' ],
635 silly audit   'lodash.isnumber': [ '3.0.3' ],
635 silly audit   'lodash.isplainobject': [ '4.0.6' ],
635 silly audit   'lodash.isstring': [ '4.0.1' ],
635 silly audit   'lodash.once': [ '4.1.1' ],
635 silly audit   '@types/express': [ '4.17.25' ],
635 silly audit   '@types/jsonwebtoken': [ '9.0.10' ],
635 silly audit   limiter: [ '1.1.5' ],
635 silly audit   'lru-memoizer': [ '2.3.0' ],
635 silly audit   '@types/body-parser': [ '1.19.6' ],
635 silly audit   '@types/express-serve-static-core': [ '4.19.7' ],
635 silly audit   '@types/qs': [ '6.14.0' ],
635 silly audit   '@types/serve-static': [ '1.15.10' ],
635 silly audit   '@types/connect': [ '3.4.38' ],
635 silly audit   '@types/range-parser': [ '1.2.7' ],
635 silly audit   '@types/send': [ '1.2.1', '0.17.6' ],
635 silly audit   '@types/http-errors': [ '2.0.5' ],
635 silly audit   jwa: [ '2.0.1' ],
635 silly audit   'buffer-equal-constant-time': [ '1.0.1' ],
635 silly audit   'lodash.clonedeep': [ '4.5.0' ],
635 silly audit   '@mongodb-js/saslprep': [ '1.4.4' ],
635 silly audit   bson: [ '6.10.4' ],
635 silly audit   'gcp-metadata': [ '6.1.1' ],
635 silly audit   'mongodb-connection-string-url': [ '3.0.2' ],
635 silly audit   'sparse-bitfield': [ '3.0.3' ],
635 silly audit   '@types/whatwg-url': [ '11.0.5' ],
635 silly audit   '@types/webidl-conversions': [ '7.0.3' ],
635 silly audit   '@panva/hkdf': [ '1.2.1' ],
635 silly audit   cookie: [ '0.7.2' ],
635 silly audit   oauth: [ '0.9.15' ],
635 silly audit   'openid-client': [ '5.7.1' ],
635 silly audit   preact: [ '10.28.2' ],
635 silly audit   'preact-render-to-string': [ '5.2.6' ],
635 silly audit   'oidc-token-hash': [ '5.2.0' ],
635 silly audit   'pretty-format': [ '3.8.0' ],
635 silly audit   'memory-pager': [ '1.5.0' ],
635 silly audit   'http-proxy-agent': [ '5.0.0' ],
635 silly audit   'stream-events': [ '1.0.5' ],
635 silly audit   '@tootallnate/once': [ '2.0.0' ],
635 silly audit   stubs: [ '3.0.0' ],
635 silly audit   '@types/mime': [ '1.3.5' ],
635 silly audit   'google-logging-utils': [ '0.0.2' ],
635 silly audit   '@js-sdsl/ordered-map': [ '4.4.2' ],
635 silly audit   yallist: [ '4.0.0' ]
635 silly audit }
636 http cache yallist@https://registry.npmjs.org/yallist/-/yallist-4.0.0.tgz 0ms (cache hit)
637 http cache @js-sdsl/ordered-map@https://registry.npmjs.org/@js-sdsl/ordered-map/-/ordered-map-4.4.2.tgz 0ms (cache hit)
638 http cache google-logging-utils@https://registry.npmjs.org/google-logging-utils/-/google-logging-utils-0.0.2.tgz 0ms (cache hit)
639 http cache @types/mime@https://registry.npmjs.org/@types/mime/-/mime-1.3.5.tgz 0ms (cache hit)
640 http cache stubs@https://registry.npmjs.org/stubs/-/stubs-3.0.0.tgz 0ms (cache hit)
641 http cache @tootallnate/once@https://registry.npmjs.org/@tootallnate/once/-/once-2.0.0.tgz 0ms (cache hit)
642 http cache http-proxy-agent@https://registry.npmjs.org/http-proxy-agent/-/http-proxy-agent-5.0.0.tgz 0ms (cache hit)
643 http cache stream-events@https://registry.npmjs.org/stream-events/-/stream-events-1.0.5.tgz 0ms (cache hit)
644 http cache memory-pager@https://registry.npmjs.org/memory-pager/-/memory-pager-1.5.0.tgz 0ms (cache hit)
645 http cache preact-render-to-string@https://registry.npmjs.org/preact-render-to-string/-/preact-render-to-string-5.2.6.tgz 0ms (cache hit)
646 http cache pretty-format@https://registry.npmjs.org/pretty-format/-/pretty-format-3.8.0.tgz 0ms (cache hit)
647 http cache oidc-token-hash@https://registry.npmjs.org/oidc-token-hash/-/oidc-token-hash-5.2.0.tgz 0ms (cache hit)
648 http cache preact@https://registry.npmjs.org/preact/-/preact-10.28.2.tgz 0ms (cache hit)
649 http cache oauth@https://registry.npmjs.org/oauth/-/oauth-0.9.15.tgz 0ms (cache hit)
650 http cache openid-client@https://registry.npmjs.org/openid-client/-/openid-client-5.7.1.tgz 0ms (cache hit)
651 http cache cookie@https://registry.npmjs.org/cookie/-/cookie-0.7.2.tgz 0ms (cache hit)
652 http cache @panva/hkdf@https://registry.npmjs.org/@panva/hkdf/-/hkdf-1.2.1.tgz 0ms (cache hit)
653 http cache @types/webidl-conversions@https://registry.npmjs.org/@types/webidl-conversions/-/webidl-conversions-7.0.3.tgz 0ms (cache hit)
654 http cache @types/whatwg-url@https://registry.npmjs.org/@types/whatwg-url/-/whatwg-url-11.0.5.tgz 0ms (cache hit)
655 http cache sparse-bitfield@https://registry.npmjs.org/sparse-bitfield/-/sparse-bitfield-3.0.3.tgz 0ms (cache hit)
656 http cache mongodb-connection-string-url@https://registry.npmjs.org/mongodb-connection-string-url/-/mongodb-connection-string-url-3.0.2.tgz 0ms (cache hit)
657 http cache bson@https://registry.npmjs.org/bson/-/bson-6.10.4.tgz 0ms (cache hit)
658 http cache lodash.clonedeep@https://registry.npmjs.org/lodash.clonedeep/-/lodash.clonedeep-4.5.0.tgz 0ms (cache hit)
659 http cache buffer-equal-constant-time@https://registry.npmjs.org/buffer-equal-constant-time/-/buffer-equal-constant-time-1.0.1.tgz 0ms (cache hit)
660 http cache jwa@https://registry.npmjs.org/jwa/-/jwa-2.0.1.tgz 0ms (cache hit)
661 http cache @mongodb-js/saslprep@https://registry.npmjs.org/@mongodb-js/saslprep/-/saslprep-1.4.4.tgz 1ms (cache hit)
662 http cache @types/http-errors@https://registry.npmjs.org/@types/http-errors/-/http-errors-2.0.5.tgz 0ms (cache hit)
663 http cache @types/send@https://registry.npmjs.org/@types/send/-/send-1.2.1.tgz 0ms (cache hit)
664 http cache @types/range-parser@https://registry.npmjs.org/@types/range-parser/-/range-parser-1.2.7.tgz 0ms (cache hit)
665 http cache @types/connect@https://registry.npmjs.org/@types/connect/-/connect-3.4.38.tgz 0ms (cache hit)
666 http cache @types/serve-static@https://registry.npmjs.org/@types/serve-static/-/serve-static-1.15.10.tgz 0ms (cache hit)
667 http cache @types/qs@https://registry.npmjs.org/@types/qs/-/qs-6.14.0.tgz 0ms (cache hit)
668 http cache @types/express-serve-static-core@https://registry.npmjs.org/@types/express-serve-static-core/-/express-serve-static-core-4.19.7.tgz 0ms (cache hit)
669 http cache lru-memoizer@https://registry.npmjs.org/lru-memoizer/-/lru-memoizer-2.3.0.tgz 0ms (cache hit)
670 http cache @types/body-parser@https://registry.npmjs.org/@types/body-parser/-/body-parser-1.19.6.tgz 0ms (cache hit)
671 http cache limiter@https://registry.npmjs.org/limiter/-/limiter-1.1.5.tgz 0ms (cache hit)
672 http cache @types/jsonwebtoken@https://registry.npmjs.org/@types/jsonwebtoken/-/jsonwebtoken-9.0.10.tgz 0ms (cache hit)
673 http cache lodash.once@https://registry.npmjs.org/lodash.once/-/lodash.once-4.1.1.tgz 0ms (cache hit)
674 http cache @types/express@https://registry.npmjs.org/@types/express/-/express-4.17.25.tgz 0ms (cache hit)
675 http cache lodash.isstring@https://registry.npmjs.org/lodash.isstring/-/lodash.isstring-4.0.1.tgz 0ms (cache hit)
676 http cache lodash.isnumber@https://registry.npmjs.org/lodash.isnumber/-/lodash.isnumber-3.0.3.tgz 0ms (cache hit)
677 http cache lodash.isinteger@https://registry.npmjs.org/lodash.isinteger/-/lodash.isinteger-4.0.4.tgz 0ms (cache hit)
678 http cache lodash.isplainobject@https://registry.npmjs.org/lodash.isplainobject/-/lodash.isplainobject-4.0.6.tgz 0ms (cache hit)
679 http cache lodash.isboolean@https://registry.npmjs.org/lodash.isboolean/-/lodash.isboolean-3.0.3.tgz 0ms (cache hit)
680 http cache lodash.includes@https://registry.npmjs.org/lodash.includes/-/lodash.includes-4.3.0.tgz 0ms (cache hit)
681 http cache bignumber.js@https://registry.npmjs.org/bignumber.js/-/bignumber.js-9.3.1.tgz 0ms (cache hit)
682 http cache agent-base@https://registry.npmjs.org/agent-base/-/agent-base-7.1.4.tgz 0ms (cache hit)
683 http cache proto3-json-serializer@https://registry.npmjs.org/proto3-json-serializer/-/proto3-json-serializer-2.0.2.tgz 0ms (cache hit)
684 http cache @types/long@https://registry.npmjs.org/@types/long/-/long-4.0.2.tgz 0ms (cache hit)
685 http cache json-bigint@https://registry.npmjs.org/json-bigint/-/json-bigint-1.0.0.tgz 0ms (cache hit)
686 http cache jws@https://registry.npmjs.org/jws/-/jws-4.0.1.tgz 0ms (cache hit)
687 http cache gtoken@https://registry.npmjs.org/gtoken/-/gtoken-7.1.0.tgz 0ms (cache hit)
688 http cache ecdsa-sig-formatter@https://registry.npmjs.org/ecdsa-sig-formatter/-/ecdsa-sig-formatter-1.0.11.tgz 0ms (cache hit)
689 http cache is-stream@https://registry.npmjs.org/is-stream/-/is-stream-2.0.1.tgz 0ms (cache hit)
690 http cache https-proxy-agent@https://registry.npmjs.org/https-proxy-agent/-/https-proxy-agent-7.0.6.tgz 0ms (cache hit)
691 http cache stream-shift@https://registry.npmjs.org/stream-shift/-/stream-shift-1.0.3.tgz 0ms (cache hit)
692 http cache arrify@https://registry.npmjs.org/arrify/-/arrify-2.0.1.tgz 0ms (cache hit)
693 http cache retry@https://registry.npmjs.org/retry/-/retry-0.13.1.tgz 0ms (cache hit)
694 http cache event-target-shim@https://registry.npmjs.org/event-target-shim/-/event-target-shim-5.0.1.tgz 0ms (cache hit)
695 http cache teeny-request@https://registry.npmjs.org/teeny-request/-/teeny-request-9.0.0.tgz 0ms (cache hit)
696 http cache retry-request@https://registry.npmjs.org/retry-request/-/retry-request-7.0.2.tgz 0ms (cache hit)
697 http cache html-entities@https://registry.npmjs.org/html-entities/-/html-entities-2.6.0.tgz 0ms (cache hit)
698 http cache google-auth-library@https://registry.npmjs.org/google-auth-library/-/google-auth-library-9.15.1.tgz 0ms (cache hit)
699 http cache gaxios@https://registry.npmjs.org/gaxios/-/gaxios-6.7.1.tgz 0ms (cache hit)
700 http cache duplexify@https://registry.npmjs.org/duplexify/-/duplexify-4.1.3.tgz 0ms (cache hit)
701 http cache abort-controller@https://registry.npmjs.org/abort-controller/-/abort-controller-3.0.0.tgz 0ms (cache hit)
702 http cache async-retry@https://registry.npmjs.org/async-retry/-/async-retry-1.3.3.tgz 0ms (cache hit)
703 http cache @google-cloud/projectify@https://registry.npmjs.org/@google-cloud/projectify/-/projectify-4.0.0.tgz 0ms (cache hit)
704 http cache @google-cloud/paginator@https://registry.npmjs.org/@google-cloud/paginator/-/paginator-5.0.2.tgz 0ms (cache hit)
705 http cache @google-cloud/promisify@https://registry.npmjs.org/@google-cloud/promisify/-/promisify-4.0.0.tgz 0ms (cache hit)
706 http cache google-gax@https://registry.npmjs.org/google-gax/-/google-gax-4.6.1.tgz 0ms (cache hit)
707 http cache functional-red-black-tree@https://registry.npmjs.org/functional-red-black-tree/-/functional-red-black-tree-1.0.1.tgz 0ms (cache hit)
708 http cache node-forge@https://registry.npmjs.org/node-forge/-/node-forge-1.3.3.tgz 0ms (cache hit)
709 http cache @opentelemetry/api@https://registry.npmjs.org/@opentelemetry/api/-/api-1.9.0.tgz 0ms (cache hit)
710 http cache jwks-rsa@https://registry.npmjs.org/jwks-rsa/-/jwks-rsa-3.2.0.tgz 0ms (cache hit)
711 http cache jsonwebtoken@https://registry.npmjs.org/jsonwebtoken/-/jsonwebtoken-9.0.3.tgz 0ms (cache hit)
712 http cache farmhash-modern@https://registry.npmjs.org/farmhash-modern/-/farmhash-modern-1.1.0.tgz 0ms (cache hit)
713 http cache @google-cloud/firestore@https://registry.npmjs.org/@google-cloud/firestore/-/firestore-7.11.6.tgz 0ms (cache hit)
714 http cache @google-cloud/storage@https://registry.npmjs.org/@google-cloud/storage/-/storage-7.18.0.tgz 0ms (cache hit)
715 http cache nodemailer@https://registry.npmjs.org/nodemailer/-/nodemailer-7.0.12.tgz 0ms (cache hit)
716 http cache @fastify/busboy@https://registry.npmjs.org/@fastify/busboy/-/busboy-3.2.0.tgz 0ms (cache hit)
717 http cache next-auth@https://registry.npmjs.org/next-auth/-/next-auth-4.24.13.tgz 0ms (cache hit)
718 http cache mongodb@https://registry.npmjs.org/mongodb/-/mongodb-6.21.0.tgz 0ms (cache hit)
719 http cache firebase-admin@https://registry.npmjs.org/firebase-admin/-/firebase-admin-12.7.0.tgz 0ms (cache hit)
720 http cache zod@https://registry.npmjs.org/zod/-/zod-3.25.76.tgz 0ms (cache hit)
721 http cache zwitch@https://registry.npmjs.org/zwitch/-/zwitch-2.0.4.tgz 0ms (cache hit)
722 http cache yoga-layout@https://registry.npmjs.org/yoga-layout/-/yoga-layout-2.0.1.tgz 0ms (cache hit)
723 http cache bcryptjs@https://registry.npmjs.org/bcryptjs/-/bcryptjs-2.4.3.tgz 0ms (cache hit)
724 http cache yocto-queue@https://registry.npmjs.org/yocto-queue/-/yocto-queue-0.1.0.tgz 0ms (cache hit)
725 http cache yargs@https://registry.npmjs.org/yargs/-/yargs-17.7.2.tgz 0ms (cache hit)
726 http cache yargs-parser@https://registry.npmjs.org/yargs-parser/-/yargs-parser-21.1.1.tgz 0ms (cache hit)
727 http cache yaml@https://registry.npmjs.org/yaml/-/yaml-2.8.1.tgz 0ms (cache hit)
728 http cache y18n@https://registry.npmjs.org/y18n/-/y18n-5.0.8.tgz 0ms (cache hit)
729 http cache xml-js@https://registry.npmjs.org/xml-js/-/xml-js-1.6.11.tgz 0ms (cache hit)
730 http cache xlsx@https://registry.npmjs.org/xlsx/-/xlsx-0.18.5.tgz 0ms (cache hit)
731 http cache wrappy@https://registry.npmjs.org/wrappy/-/wrappy-1.0.2.tgz 0ms (cache hit)
732 http cache xml@https://registry.npmjs.org/xml/-/xml-1.0.1.tgz 0ms (cache hit)
733 http cache wrap-ansi@https://registry.npmjs.org/wrap-ansi/-/wrap-ansi-8.1.0.tgz 0ms (cache hit)
734 http cache wrap-ansi-cjs@https://registry.npmjs.org/wrap-ansi/-/wrap-ansi-7.0.0.tgz 0ms (cache hit)
735 http cache word-wrap@https://registry.npmjs.org/word-wrap/-/word-wrap-1.2.5.tgz 0ms (cache hit)
736 http cache word@https://registry.npmjs.org/word/-/word-0.3.0.tgz 0ms (cache hit)
737 http cache wmf@https://registry.npmjs.org/wmf/-/wmf-1.0.2.tgz 0ms (cache hit)
738 http cache which-typed-array@https://registry.npmjs.org/which-typed-array/-/which-typed-array-1.1.19.tgz 0ms (cache hit)
739 http cache which-collection@https://registry.npmjs.org/which-collection/-/which-collection-1.0.2.tgz 0ms (cache hit)
740 http cache which-builtin-type@https://registry.npmjs.org/which-builtin-type/-/which-builtin-type-1.2.1.tgz 0ms (cache hit)
741 http cache which-boxed-primitive@https://registry.npmjs.org/which-boxed-primitive/-/which-boxed-primitive-1.1.1.tgz 0ms (cache hit)
742 http cache which@https://registry.npmjs.org/which/-/which-2.0.2.tgz 0ms (cache hit)
743 http cache whatwg-url@https://registry.npmjs.org/whatwg-url/-/whatwg-url-5.0.0.tgz 0ms (cache hit)
744 http cache websocket-extensions@https://registry.npmjs.org/websocket-extensions/-/websocket-extensions-0.1.4.tgz 0ms (cache hit)
745 http cache webidl-conversions@https://registry.npmjs.org/webidl-conversions/-/webidl-conversions-3.0.1.tgz 0ms (cache hit)
746 http cache webpack-sources@https://registry.npmjs.org/webpack-sources/-/webpack-sources-3.3.3.tgz 0ms (cache hit)
747 http cache webpack@https://registry.npmjs.org/webpack/-/webpack-5.102.1.tgz 0ms (cache hit)
748 http cache websocket-driver@https://registry.npmjs.org/websocket-driver/-/websocket-driver-0.7.4.tgz 0ms (cache hit)
749 http cache watchpack@https://registry.npmjs.org/watchpack/-/watchpack-2.4.4.tgz 0ms (cache hit)
750 http cache warning@https://registry.npmjs.org/warning/-/warning-4.0.3.tgz 1ms (cache hit)
751 http cache victory-vendor@https://registry.npmjs.org/victory-vendor/-/victory-vendor-36.9.2.tgz 0ms (cache hit)
752 http cache vfile-message@https://registry.npmjs.org/vfile-message/-/vfile-message-4.0.3.tgz 0ms (cache hit)
753 http cache vfile@https://registry.npmjs.org/vfile/-/vfile-6.0.3.tgz 0ms (cache hit)
754 http cache verror@https://registry.npmjs.org/verror/-/verror-1.10.0.tgz 0ms (cache hit)
755 http cache valibot@https://registry.npmjs.org/valibot/-/valibot-1.0.0-beta.14.tgz 0ms (cache hit)
756 http cache vite-compatible-readable-stream@https://registry.npmjs.org/vite-compatible-readable-stream/-/vite-compatible-readable-stream-3.6.1.tgz 0ms (cache hit)
757 http cache uuid@https://registry.npmjs.org/uuid/-/uuid-10.0.0.tgz 0ms (cache hit)
758 http cache util-deprecate@https://registry.npmjs.org/util-deprecate/-/util-deprecate-1.0.2.tgz 0ms (cache hit)
759 http cache use-sync-external-store@https://registry.npmjs.org/use-sync-external-store/-/use-sync-external-store-1.6.0.tgz 0ms (cache hit)
760 http cache use-callback-ref@https://registry.npmjs.org/use-callback-ref/-/use-callback-ref-1.3.3.tgz 0ms (cache hit)
761 http cache use-sidecar@https://registry.npmjs.org/use-sidecar/-/use-sidecar-1.1.3.tgz 0ms (cache hit)
762 http cache url-parse@https://registry.npmjs.org/url-parse/-/url-parse-1.5.10.tgz 0ms (cache hit)
763 http cache uri-js@https://registry.npmjs.org/uri-js/-/uri-js-4.4.1.tgz 0ms (cache hit)
764 http cache update-browserslist-db@https://registry.npmjs.org/update-browserslist-db/-/update-browserslist-db-1.1.3.tgz 0ms (cache hit)
765 http cache unrs-resolver@https://registry.npmjs.org/unrs-resolver/-/unrs-resolver-1.11.1.tgz 0ms (cache hit)
766 http cache universalify@https://registry.npmjs.org/universalify/-/universalify-2.0.1.tgz 0ms (cache hit)
767 http cache unist-util-visit@https://registry.npmjs.org/unist-util-visit/-/unist-util-visit-5.0.0.tgz 0ms (cache hit)
768 http cache unist-util-stringify-position@https://registry.npmjs.org/unist-util-stringify-position/-/unist-util-stringify-position-4.0.0.tgz 0ms (cache hit)
769 http cache unist-util-visit-parents@https://registry.npmjs.org/unist-util-visit-parents/-/unist-util-visit-parents-6.0.2.tgz 0ms (cache hit)
770 http cache unist-util-position@https://registry.npmjs.org/unist-util-position/-/unist-util-position-5.0.0.tgz 0ms (cache hit)
771 http cache unified@https://registry.npmjs.org/unified/-/unified-11.0.5.tgz 1ms (cache hit)
772 http cache unist-util-is@https://registry.npmjs.org/unist-util-is/-/unist-util-is-6.0.1.tgz 0ms (cache hit)
773 http cache unicode-properties@https://registry.npmjs.org/unicode-properties/-/unicode-properties-1.4.1.tgz 0ms (cache hit)
774 http cache unicode-trie@https://registry.npmjs.org/unicode-trie/-/unicode-trie-2.0.0.tgz 0ms (cache hit)
775 http cache undici-types@https://registry.npmjs.org/undici-types/-/undici-types-6.21.0.tgz 0ms (cache hit)
776 http cache typescript@https://registry.npmjs.org/typescript/-/typescript-5.9.3.tgz 0ms (cache hit)
777 http cache unbox-primitive@https://registry.npmjs.org/unbox-primitive/-/unbox-primitive-1.1.0.tgz 0ms (cache hit)
778 http cache typed-array-byte-offset@https://registry.npmjs.org/typed-array-byte-offset/-/typed-array-byte-offset-1.0.4.tgz 0ms (cache hit)
779 http cache typed-array-length@https://registry.npmjs.org/typed-array-length/-/typed-array-length-1.0.7.tgz 0ms (cache hit)
780 http cache typed-array-byte-length@https://registry.npmjs.org/typed-array-byte-length/-/typed-array-byte-length-1.0.3.tgz 0ms (cache hit)
781 http cache type-fest@https://registry.npmjs.org/type-fest/-/type-fest-0.20.2.tgz 0ms (cache hit)
782 http cache typed-array-buffer@https://registry.npmjs.org/typed-array-buffer/-/typed-array-buffer-1.0.3.tgz 0ms (cache hit)
783 http cache tweetnacl@https://registry.npmjs.org/tweetnacl/-/tweetnacl-0.14.5.tgz 0ms (cache hit)
784 http cache type-check@https://registry.npmjs.org/type-check/-/type-check-0.4.0.tgz 0ms (cache hit)
785 http cache tunnel-agent@https://registry.npmjs.org/tunnel-agent/-/tunnel-agent-0.6.0.tgz 0ms (cache hit)
786 http cache tslib@https://registry.npmjs.org/tslib/-/tslib-2.8.1.tgz 0ms (cache hit)
787 http cache tsconfig-paths@https://registry.npmjs.org/tsconfig-paths/-/tsconfig-paths-3.15.0.tgz 0ms (cache hit)
788 http cache ts-interface-checker@https://registry.npmjs.org/ts-interface-checker/-/ts-interface-checker-0.1.13.tgz 0ms (cache hit)
789 http cache ts-api-utils@https://registry.npmjs.org/ts-api-utils/-/ts-api-utils-1.4.3.tgz 0ms (cache hit)
790 http cache trim-lines@https://registry.npmjs.org/trim-lines/-/trim-lines-3.0.1.tgz 0ms (cache hit)
791 http cache tr46@https://registry.npmjs.org/tr46/-/tr46-0.0.3.tgz 0ms (cache hit)
792 http cache trough@https://registry.npmjs.org/trough/-/trough-2.2.0.tgz 0ms (cache hit)
793 http cache to-regex-range@https://registry.npmjs.org/to-regex-range/-/to-regex-range-5.0.1.tgz 0ms (cache hit)
794 http cache tmp@https://registry.npmjs.org/tmp/-/tmp-0.2.5.tgz 0ms (cache hit)
795 http cache tough-cookie@https://registry.npmjs.org/tough-cookie/-/tough-cookie-5.1.2.tgz 0ms (cache hit)
796 http cache tldts-core@https://registry.npmjs.org/tldts-core/-/tldts-core-6.1.86.tgz 0ms (cache hit)
797 http cache tinyglobby@https://registry.npmjs.org/tinyglobby/-/tinyglobby-0.2.15.tgz 0ms (cache hit)
798 http cache tldts@https://registry.npmjs.org/tldts/-/tldts-6.1.86.tgz 0ms (cache hit)
799 http cache thenify-all@https://registry.npmjs.org/thenify-all/-/thenify-all-1.6.0.tgz 0ms (cache hit)
800 http cache tiny-invariant@https://registry.npmjs.org/tiny-invariant/-/tiny-invariant-1.3.3.tgz 0ms (cache hit)
801 http cache thenify@https://registry.npmjs.org/thenify/-/thenify-3.3.1.tgz 0ms (cache hit)
802 http cache text-table@https://registry.npmjs.org/text-table/-/text-table-0.2.0.tgz 0ms (cache hit)
803 http cache terser@https://registry.npmjs.org/terser/-/terser-5.44.0.tgz 0ms (cache hit)
804 http cache terser-webpack-plugin@https://registry.npmjs.org/terser-webpack-plugin/-/terser-webpack-plugin-5.3.14.tgz 0ms (cache hit)
805 http cache tapable@https://registry.npmjs.org/tapable/-/tapable-2.3.0.tgz 0ms (cache hit)
806 http cache tailwindcss-animate@https://registry.npmjs.org/tailwindcss-animate/-/tailwindcss-animate-1.0.7.tgz 0ms (cache hit)
807 http cache tiny-inflate@https://registry.npmjs.org/tiny-inflate/-/tiny-inflate-1.0.3.tgz 0ms (cache hit)
808 http cache tailwindcss@https://registry.npmjs.org/tailwindcss/-/tailwindcss-3.4.18.tgz 0ms (cache hit)
809 http cache tailwind-merge@https://registry.npmjs.org/tailwind-merge/-/tailwind-merge-3.3.1.tgz 0ms (cache hit)
810 http cache svg-arc-to-cubic-bezier@https://registry.npmjs.org/svg-arc-to-cubic-bezier/-/svg-arc-to-cubic-bezier-3.2.0.tgz 0ms (cache hit)
811 http cache supports-color@https://registry.npmjs.org/supports-color/-/supports-color-7.2.0.tgz 0ms (cache hit)
812 http cache supports-preserve-symlinks-flag@https://registry.npmjs.org/supports-preserve-symlinks-flag/-/supports-preserve-symlinks-flag-1.0.0.tgz 0ms (cache hit)
813 http cache sucrase@https://registry.npmjs.org/sucrase/-/sucrase-3.35.0.tgz 0ms (cache hit)
814 http cache styled-jsx@https://registry.npmjs.org/styled-jsx/-/styled-jsx-5.1.1.tgz 0ms (cache hit)
815 http cache style-to-object@https://registry.npmjs.org/style-to-object/-/style-to-object-1.0.11.tgz 0ms (cache hit)
816 http cache style-to-js@https://registry.npmjs.org/style-to-js/-/style-to-js-1.1.18.tgz 0ms (cache hit)
817 http cache strnum@https://registry.npmjs.org/strnum/-/strnum-1.1.2.tgz 0ms (cache hit)
818 http cache strip-json-comments@https://registry.npmjs.org/strip-json-comments/-/strip-json-comments-3.1.1.tgz 0ms (cache hit)
819 http cache strip-bom@https://registry.npmjs.org/strip-bom/-/strip-bom-3.0.0.tgz 0ms (cache hit)
820 http cache strip-ansi-cjs@https://registry.npmjs.org/strip-ansi/-/strip-ansi-6.0.1.tgz 0ms (cache hit)
821 http cache strip-ansi@https://registry.npmjs.org/strip-ansi/-/strip-ansi-6.0.1.tgz 0ms (cache hit)
822 http cache stringify-entities@https://registry.npmjs.org/stringify-entities/-/stringify-entities-4.0.4.tgz 0ms (cache hit)
823 http cache string.prototype.trimend@https://registry.npmjs.org/string.prototype.trimend/-/string.prototype.trimend-1.0.9.tgz 0ms (cache hit)
824 http cache string.prototype.trimstart@https://registry.npmjs.org/string.prototype.trimstart/-/string.prototype.trimstart-1.0.8.tgz 0ms (cache hit)
825 http cache string.prototype.trim@https://registry.npmjs.org/string.prototype.trim/-/string.prototype.trim-1.2.10.tgz 0ms (cache hit)
826 http cache string.prototype.repeat@https://registry.npmjs.org/string.prototype.repeat/-/string.prototype.repeat-1.0.0.tgz 0ms (cache hit)
827 http cache string.prototype.matchall@https://registry.npmjs.org/string.prototype.matchall/-/string.prototype.matchall-4.0.12.tgz 0ms (cache hit)
828 http cache string.prototype.includes@https://registry.npmjs.org/string.prototype.includes/-/string.prototype.includes-2.0.1.tgz 0ms (cache hit)
829 http cache string-width@https://registry.npmjs.org/string-width/-/string-width-5.1.2.tgz 0ms (cache hit)
830 http cache string-width-cjs@https://registry.npmjs.org/string-width/-/string-width-4.2.3.tgz 0ms (cache hit)
831 http cache string_decoder@https://registry.npmjs.org/string_decoder/-/string_decoder-1.1.1.tgz 0ms (cache hit)
832 http cache stop-iteration-iterator@https://registry.npmjs.org/stop-iteration-iterator/-/stop-iteration-iterator-1.1.0.tgz 0ms (cache hit)
833 http cache streamsearch@https://registry.npmjs.org/streamsearch/-/streamsearch-1.1.0.tgz 0ms (cache hit)
834 http cache stealthy-require@https://registry.npmjs.org/stealthy-require/-/stealthy-require-1.1.1.tgz 0ms (cache hit)
835 http cache stable-hash@https://registry.npmjs.org/stable-hash/-/stable-hash-0.0.5.tgz 0ms (cache hit)
836 http cache sshpk@https://registry.npmjs.org/sshpk/-/sshpk-1.18.0.tgz 0ms (cache hit)
837 http cache ssf@https://registry.npmjs.org/ssf/-/ssf-0.11.2.tgz 0ms (cache hit)
838 http cache space-separated-tokens@https://registry.npmjs.org/space-separated-tokens/-/space-separated-tokens-2.0.2.tgz 0ms (cache hit)
839 http cache source-map-support@https://registry.npmjs.org/source-map-support/-/source-map-support-0.5.21.tgz 0ms (cache hit)
840 http cache source-map-js@https://registry.npmjs.org/source-map-js/-/source-map-js-1.2.1.tgz 0ms (cache hit)
841 http cache source-map@https://registry.npmjs.org/source-map/-/source-map-0.6.1.tgz 0ms (cache hit)
842 http cache signal-exit@https://registry.npmjs.org/signal-exit/-/signal-exit-4.1.0.tgz 0ms (cache hit)
843 http cache simple-swizzle@https://registry.npmjs.org/simple-swizzle/-/simple-swizzle-0.2.4.tgz 0ms (cache hit)
844 http cache side-channel-weakmap@https://registry.npmjs.org/side-channel-weakmap/-/side-channel-weakmap-1.0.2.tgz 0ms (cache hit)
845 http cache slash@https://registry.npmjs.org/slash/-/slash-3.0.0.tgz 0ms (cache hit)
846 http cache side-channel-map@https://registry.npmjs.org/side-channel-map/-/side-channel-map-1.0.1.tgz 0ms (cache hit)
847 http cache side-channel-list@https://registry.npmjs.org/side-channel-list/-/side-channel-list-1.0.0.tgz 0ms (cache hit)
848 http cache side-channel@https://registry.npmjs.org/side-channel/-/side-channel-1.1.0.tgz 0ms (cache hit)
849 http cache shebang-regex@https://registry.npmjs.org/shebang-regex/-/shebang-regex-3.0.0.tgz 1ms (cache hit)
850 http cache shebang-command@https://registry.npmjs.org/shebang-command/-/shebang-command-2.0.0.tgz 0ms (cache hit)
851 http cache set-proto@https://registry.npmjs.org/set-proto/-/set-proto-1.0.0.tgz 0ms (cache hit)
852 http cache setimmediate@https://registry.npmjs.org/setimmediate/-/setimmediate-1.0.5.tgz 0ms (cache hit)
853 http cache set-function-name@https://registry.npmjs.org/set-function-name/-/set-function-name-2.0.2.tgz 0ms (cache hit)
854 http cache semver@https://registry.npmjs.org/semver/-/semver-7.7.3.tgz 0ms (cache hit)
855 http cache schema-utils@https://registry.npmjs.org/schema-utils/-/schema-utils-3.3.0.tgz 0ms (cache hit)
856 http cache set-function-length@https://registry.npmjs.org/set-function-length/-/set-function-length-1.2.2.tgz 0ms (cache hit)
857 http cache serialize-javascript@https://registry.npmjs.org/serialize-javascript/-/serialize-javascript-6.0.2.tgz 0ms (cache hit)
858 http cache safer-buffer@https://registry.npmjs.org/safer-buffer/-/safer-buffer-2.1.2.tgz 0ms (cache hit)
859 http cache sax@https://registry.npmjs.org/sax/-/sax-1.4.1.tgz 0ms (cache hit)
860 http cache scheduler@https://registry.npmjs.org/scheduler/-/scheduler-0.17.0.tgz 0ms (cache hit)
861 http cache safe-regex-test@https://registry.npmjs.org/safe-regex-test/-/safe-regex-test-1.1.0.tgz 0ms (cache hit)
862 http cache safe-array-concat@https://registry.npmjs.org/safe-array-concat/-/safe-array-concat-1.1.3.tgz 0ms (cache hit)
863 http cache safe-push-apply@https://registry.npmjs.org/safe-push-apply/-/safe-push-apply-1.0.0.tgz 0ms (cache hit)
864 http cache safe-buffer@https://registry.npmjs.org/safe-buffer/-/safe-buffer-5.2.1.tgz 0ms (cache hit)
865 http cache run-parallel@https://registry.npmjs.org/run-parallel/-/run-parallel-1.2.0.tgz 0ms (cache hit)
866 http cache rimraf@https://registry.npmjs.org/rimraf/-/rimraf-3.0.2.tgz 0ms (cache hit)
867 http cache restructure@https://registry.npmjs.org/restructure/-/restructure-3.0.2.tgz 0ms (cache hit)
868 http cache resolve-pkg-maps@https://registry.npmjs.org/resolve-pkg-maps/-/resolve-pkg-maps-1.0.0.tgz 0ms (cache hit)
869 http cache reusify@https://registry.npmjs.org/reusify/-/reusify-1.1.0.tgz 0ms (cache hit)
870 http cache resolve-from@https://registry.npmjs.org/resolve-from/-/resolve-from-4.0.0.tgz 0ms (cache hit)
871 http cache resolve@https://registry.npmjs.org/resolve/-/resolve-1.22.11.tgz 0ms (cache hit)
872 http cache require-from-string@https://registry.npmjs.org/require-from-string/-/require-from-string-2.0.2.tgz 0ms (cache hit)
873 http cache requires-port@https://registry.npmjs.org/requires-port/-/requires-port-1.0.0.tgz 0ms (cache hit)
874 http cache require-directory@https://registry.npmjs.org/require-directory/-/require-directory-2.1.1.tgz 0ms (cache hit)
875 http cache remark-stringify@https://registry.npmjs.org/remark-stringify/-/remark-stringify-11.0.0.tgz 0ms (cache hit)
876 http cache request-promise-core@https://registry.npmjs.org/request-promise-core/-/request-promise-core-1.1.3.tgz 0ms (cache hit)
877 http cache request@https://registry.npmjs.org/request/-/request-2.88.2.tgz 0ms (cache hit)
878 http cache remark-rehype@https://registry.npmjs.org/remark-rehype/-/remark-rehype-11.1.2.tgz 0ms (cache hit)
879 http cache remark-parse@https://registry.npmjs.org/remark-parse/-/remark-parse-11.0.0.tgz 0ms (cache hit)
880 http cache regexp.prototype.flags@https://registry.npmjs.org/regexp.prototype.flags/-/regexp.prototype.flags-1.5.4.tgz 0ms (cache hit)
881 http cache remark-gfm@https://registry.npmjs.org/remark-gfm/-/remark-gfm-4.0.1.tgz 0ms (cache hit)
882 http cache reflect.getprototypeof@https://registry.npmjs.org/reflect.getprototypeof/-/reflect.getprototypeof-1.0.10.tgz 0ms (cache hit)
883 http cache recharts-scale@https://registry.npmjs.org/recharts-scale/-/recharts-scale-0.4.5.tgz 0ms (cache hit)
884 http cache readdirp@https://registry.npmjs.org/readdirp/-/readdirp-3.6.0.tgz 0ms (cache hit)
885 http cache recharts@https://registry.npmjs.org/recharts/-/recharts-2.15.4.tgz 0ms (cache hit)
886 http cache readable-stream@https://registry.npmjs.org/readable-stream/-/readable-stream-2.3.8.tgz 0ms (cache hit)
887 http cache react-transition-group@https://registry.npmjs.org/react-transition-group/-/react-transition-group-4.4.5.tgz 0ms (cache hit)
888 http cache read-cache@https://registry.npmjs.org/read-cache/-/read-cache-1.0.0.tgz 0ms (cache hit)
889 http cache react-smooth@https://registry.npmjs.org/react-smooth/-/react-smooth-4.0.4.tgz 0ms (cache hit)
890 http cache react-style-singleton@https://registry.npmjs.org/react-style-singleton/-/react-style-singleton-2.2.3.tgz 0ms (cache hit)
891 http cache react-remove-scroll-bar@https://registry.npmjs.org/react-remove-scroll-bar/-/react-remove-scroll-bar-2.3.8.tgz 1ms (cache hit)
892 http cache react-remove-scroll@https://registry.npmjs.org/react-remove-scroll/-/react-remove-scroll-2.7.1.tgz 0ms (cache hit)
893 http cache react-pdf@https://registry.npmjs.org/react-pdf/-/react-pdf-10.2.0.tgz 0ms (cache hit)
894 http cache react-is@https://registry.npmjs.org/react-is/-/react-is-16.13.1.tgz 0ms (cache hit)
895 http cache react-markdown@https://registry.npmjs.org/react-markdown/-/react-markdown-9.1.0.tgz 0ms (cache hit)
896 http cache react-hook-form@https://registry.npmjs.org/react-hook-form/-/react-hook-form-7.65.0.tgz 0ms (cache hit)
897 http cache react-dom@https://registry.npmjs.org/react-dom/-/react-dom-18.3.1.tgz 0ms (cache hit)
898 http cache react-dropzone@https://registry.npmjs.org/react-dropzone/-/react-dropzone-14.3.8.tgz 0ms (cache hit)
899 http cache react-day-picker@https://registry.npmjs.org/react-day-picker/-/react-day-picker-8.10.1.tgz 0ms (cache hit)
900 http cache randombytes@https://registry.npmjs.org/randombytes/-/randombytes-2.1.0.tgz 0ms (cache hit)
901 http cache queue-microtask@https://registry.npmjs.org/queue-microtask/-/queue-microtask-1.2.3.tgz 0ms (cache hit)
902 http cache queue@https://registry.npmjs.org/queue/-/queue-6.0.2.tgz 0ms (cache hit)
903 http cache react@https://registry.npmjs.org/react/-/react-18.3.1.tgz 0ms (cache hit)
904 http cache querystringify@https://registry.npmjs.org/querystringify/-/querystringify-2.2.0.tgz 0ms (cache hit)
905 http cache punycode@https://registry.npmjs.org/punycode/-/punycode-2.3.1.tgz 0ms (cache hit)
906 http cache qs@https://registry.npmjs.org/qs/-/qs-6.14.0.tgz 0ms (cache hit)
907 http cache pump@https://registry.npmjs.org/pump/-/pump-2.0.1.tgz 0ms (cache hit)
908 http cache psl@https://registry.npmjs.org/psl/-/psl-1.15.0.tgz 0ms (cache hit)
909 http cache protobufjs@https://registry.npmjs.org/protobufjs/-/protobufjs-7.5.4.tgz 0ms (cache hit)
910 http cache property-information@https://registry.npmjs.org/property-information/-/property-information-7.1.0.tgz 1ms (cache hit)
911 http cache prop-types@https://registry.npmjs.org/prop-types/-/prop-types-15.8.1.tgz 0ms (cache hit)
912 http cache proxy-from-env@https://registry.npmjs.org/proxy-from-env/-/proxy-from-env-1.1.0.tgz 0ms (cache hit)
913 http cache process-nextick-args@https://registry.npmjs.org/process-nextick-args/-/process-nextick-args-2.0.1.tgz 0ms (cache hit)
914 http cache postcss-value-parser@https://registry.npmjs.org/postcss-value-parser/-/postcss-value-parser-4.2.0.tgz 0ms (cache hit)
915 http cache prelude-ls@https://registry.npmjs.org/prelude-ls/-/prelude-ls-1.2.1.tgz 0ms (cache hit)
916 http cache postcss-selector-parser@https://registry.npmjs.org/postcss-selector-parser/-/postcss-selector-parser-6.0.10.tgz 0ms (cache hit)
917 http cache postcss-nested@https://registry.npmjs.org/postcss-nested/-/postcss-nested-6.2.0.tgz 0ms (cache hit)
918 http cache postcss-load-config@https://registry.npmjs.org/postcss-load-config/-/postcss-load-config-6.0.1.tgz 0ms (cache hit)
919 http cache postcss-js@https://registry.npmjs.org/postcss-js/-/postcss-js-4.1.0.tgz 0ms (cache hit)
920 http cache postcss-import@https://registry.npmjs.org/postcss-import/-/postcss-import-15.1.0.tgz 0ms (cache hit)
921 http cache postcss@https://registry.npmjs.org/postcss/-/postcss-8.5.6.tgz 0ms (cache hit)
922 http cache possible-typed-array-names@https://registry.npmjs.org/possible-typed-array-names/-/possible-typed-array-names-1.1.0.tgz 0ms (cache hit)
923 http cache pify@https://registry.npmjs.org/pify/-/pify-2.3.0.tgz 0ms (cache hit)
924 http cache picomatch@https://registry.npmjs.org/picomatch/-/picomatch-2.3.1.tgz 0ms (cache hit)
925 http cache picocolors@https://registry.npmjs.org/picocolors/-/picocolors-1.1.1.tgz 0ms (cache hit)
926 http cache pirates@https://registry.npmjs.org/pirates/-/pirates-4.0.7.tgz 0ms (cache hit)
927 http cache performance-now@https://registry.npmjs.org/performance-now/-/performance-now-2.1.0.tgz 0ms (cache hit)
928 http cache pdfjs-dist@https://registry.npmjs.org/pdfjs-dist/-/pdfjs-dist-5.4.296.tgz 0ms (cache hit)
929 http cache pdf-lib@https://registry.npmjs.org/pdf-lib/-/pdf-lib-1.17.1.tgz 0ms (cache hit)
930 http cache path-type@https://registry.npmjs.org/path-type/-/path-type-4.0.0.tgz 0ms (cache hit)
931 http cache path-scurry@https://registry.npmjs.org/path-scurry/-/path-scurry-1.11.1.tgz 0ms (cache hit)
932 http cache path-parse@https://registry.npmjs.org/path-parse/-/path-parse-1.0.7.tgz 0ms (cache hit)
933 http cache path-key@https://registry.npmjs.org/path-key/-/path-key-3.1.1.tgz 0ms (cache hit)
934 http cache path-exists@https://registry.npmjs.org/path-exists/-/path-exists-4.0.0.tgz 0ms (cache hit)
935 http cache patch-package@https://registry.npmjs.org/patch-package/-/patch-package-8.0.1.tgz 0ms (cache hit)
936 http cache path-is-absolute@https://registry.npmjs.org/path-is-absolute/-/path-is-absolute-1.0.1.tgz 0ms (cache hit)
937 http cache parent-module@https://registry.npmjs.org/parent-module/-/parent-module-1.0.1.tgz 0ms (cache hit)
938 http cache parse-entities@https://registry.npmjs.org/parse-entities/-/parse-entities-4.0.2.tgz 0ms (cache hit)
939 http cache parse-svg-path@https://registry.npmjs.org/parse-svg-path/-/parse-svg-path-0.1.2.tgz 0ms (cache hit)
940 http cache p-locate@https://registry.npmjs.org/p-locate/-/p-locate-5.0.0.tgz 0ms (cache hit)
941 http cache pako@https://registry.npmjs.org/pako/-/pako-1.0.11.tgz 0ms (cache hit)
942 http cache own-keys@https://registry.npmjs.org/own-keys/-/own-keys-1.0.1.tgz 0ms (cache hit)
943 http cache p-limit@https://registry.npmjs.org/p-limit/-/p-limit-3.1.0.tgz 0ms (cache hit)
944 http cache optionator@https://registry.npmjs.org/optionator/-/optionator-0.9.4.tgz 0ms (cache hit)
945 http cache open@https://registry.npmjs.org/open/-/open-7.4.2.tgz 0ms (cache hit)
946 http cache object.values@https://registry.npmjs.org/object.values/-/object.values-1.2.1.tgz 0ms (cache hit)
947 http cache object.groupby@https://registry.npmjs.org/object.groupby/-/object.groupby-1.0.3.tgz 0ms (cache hit)
948 http cache once@https://registry.npmjs.org/once/-/once-1.4.0.tgz 0ms (cache hit)
949 http cache object.fromentries@https://registry.npmjs.org/object.fromentries/-/object.fromentries-2.0.8.tgz 0ms (cache hit)
950 http cache object.assign@https://registry.npmjs.org/object.assign/-/object.assign-4.1.7.tgz 0ms (cache hit)
951 http cache object.entries@https://registry.npmjs.org/object.entries/-/object.entries-1.1.9.tgz 0ms (cache hit)
952 http cache object-keys@https://registry.npmjs.org/object-keys/-/object-keys-1.1.1.tgz 0ms (cache hit)
953 http cache object-inspect@https://registry.npmjs.org/object-inspect/-/object-inspect-1.13.4.tgz 0ms (cache hit)
954 http cache object-hash@https://registry.npmjs.org/object-hash/-/object-hash-3.0.0.tgz 0ms (cache hit)
955 http cache oauth-sign@https://registry.npmjs.org/oauth-sign/-/oauth-sign-0.9.0.tgz 0ms (cache hit)
956 http cache object-assign@https://registry.npmjs.org/object-assign/-/object-assign-4.1.1.tgz 0ms (cache hit)
957 http cache null-loader@https://registry.npmjs.org/null-loader/-/null-loader-4.0.1.tgz 0ms (cache hit)
958 http cache normalize-svg-path@https://registry.npmjs.org/normalize-svg-path/-/normalize-svg-path-1.1.0.tgz 0ms (cache hit)
959 http cache normalize-path@https://registry.npmjs.org/normalize-path/-/normalize-path-3.0.0.tgz 0ms (cache hit)
960 http cache node-releases@https://registry.npmjs.org/node-releases/-/node-releases-2.0.26.tgz 0ms (cache hit)
961 http cache node-telegram-bot-api@https://registry.npmjs.org/node-telegram-bot-api/-/node-telegram-bot-api-0.66.0.tgz 0ms (cache hit)
962 http cache node-fetch@https://registry.npmjs.org/node-fetch/-/node-fetch-2.7.0.tgz 0ms (cache hit)
963 http cache neo-async@https://registry.npmjs.org/neo-async/-/neo-async-2.6.2.tgz 0ms (cache hit)
964 http cache natural-compare@https://registry.npmjs.org/natural-compare/-/natural-compare-1.4.0.tgz 0ms (cache hit)
965 http cache napi-postinstall@https://registry.npmjs.org/napi-postinstall/-/napi-postinstall-0.3.4.tgz 0ms (cache hit)
966 http cache nanoid@https://registry.npmjs.org/nanoid/-/nanoid-5.1.6.tgz 0ms (cache hit)
967 http cache mz@https://registry.npmjs.org/mz/-/mz-2.7.0.tgz 0ms (cache hit)
968 http cache next@https://registry.npmjs.org/next/-/next-14.2.35.tgz 0ms (cache hit)
969 http cache ms@https://registry.npmjs.org/ms/-/ms-2.1.3.tgz 0ms (cache hit)
970 http cache motion-utils@https://registry.npmjs.org/motion-utils/-/motion-utils-11.18.1.tgz 0ms (cache hit)
971 http cache minipass@https://registry.npmjs.org/minipass/-/minipass-7.1.2.tgz 0ms (cache hit)
972 http cache minimist@https://registry.npmjs.org/minimist/-/minimist-1.2.8.tgz 0ms (cache hit)
973 http cache motion-dom@https://registry.npmjs.org/motion-dom/-/motion-dom-11.18.1.tgz 0ms (cache hit)
974 http cache minimatch@https://registry.npmjs.org/minimatch/-/minimatch-3.1.2.tgz 0ms (cache hit)
975 http cache mime-db@https://registry.npmjs.org/mime-db/-/mime-db-1.52.0.tgz 0ms (cache hit)
976 http cache mime-types@https://registry.npmjs.org/mime-types/-/mime-types-2.1.35.tgz 0ms (cache hit)
977 http cache mime@https://registry.npmjs.org/mime/-/mime-1.6.0.tgz 0ms (cache hit)
978 http cache micromatch@https://registry.npmjs.org/micromatch/-/micromatch-4.0.8.tgz 0ms (cache hit)
979 http cache micromark-util-types@https://registry.npmjs.org/micromark-util-types/-/micromark-util-types-2.0.2.tgz 0ms (cache hit)
980 http cache micromark-util-symbol@https://registry.npmjs.org/micromark-util-symbol/-/micromark-util-symbol-2.0.1.tgz 0ms (cache hit)
981 http cache micromark-util-subtokenize@https://registry.npmjs.org/micromark-util-subtokenize/-/micromark-util-subtokenize-2.1.0.tgz 0ms (cache hit)
982 http cache micromark-util-sanitize-uri@https://registry.npmjs.org/micromark-util-sanitize-uri/-/micromark-util-sanitize-uri-2.0.1.tgz 0ms (cache hit)
983 http cache micromark-util-resolve-all@https://registry.npmjs.org/micromark-util-resolve-all/-/micromark-util-resolve-all-2.0.1.tgz 0ms (cache hit)
984 http cache micromark-util-html-tag-name@https://registry.npmjs.org/micromark-util-html-tag-name/-/micromark-util-html-tag-name-2.0.1.tgz 0ms (cache hit)
985 http cache micromark-util-normalize-identifier@https://registry.npmjs.org/micromark-util-normalize-identifier/-/micromark-util-normalize-identifier-2.0.1.tgz 0ms (cache hit)
986 http cache micromark-util-encode@https://registry.npmjs.org/micromark-util-encode/-/micromark-util-encode-2.0.1.tgz 0ms (cache hit)
987 http cache micromark-util-decode-string@https://registry.npmjs.org/micromark-util-decode-string/-/micromark-util-decode-string-2.0.1.tgz 0ms (cache hit)
988 http cache micromark-util-decode-numeric-character-reference@https://registry.npmjs.org/micromark-util-decode-numeric-character-reference/-/micromark-util-decode-numeric-character-reference-2.0.2.tgz 0ms (cache hit)
989 http cache micromark-util-combine-extensions@https://registry.npmjs.org/micromark-util-combine-extensions/-/micromark-util-combine-extensions-2.0.1.tgz 0ms (cache hit)
990 http cache micromark-util-classify-character@https://registry.npmjs.org/micromark-util-classify-character/-/micromark-util-classify-character-2.0.1.tgz 0ms (cache hit)
991 http cache micromark-util-chunked@https://registry.npmjs.org/micromark-util-chunked/-/micromark-util-chunked-2.0.1.tgz 0ms (cache hit)
992 http cache micromark-util-character@https://registry.npmjs.org/micromark-util-character/-/micromark-util-character-2.1.1.tgz 0ms (cache hit)
993 http cache micromark-factory-whitespace@https://registry.npmjs.org/micromark-factory-whitespace/-/micromark-factory-whitespace-2.0.1.tgz 0ms (cache hit)
994 http cache micromark-factory-title@https://registry.npmjs.org/micromark-factory-title/-/micromark-factory-title-2.0.1.tgz 0ms (cache hit)
995 http cache micromark-factory-space@https://registry.npmjs.org/micromark-factory-space/-/micromark-factory-space-2.0.1.tgz 0ms (cache hit)
996 http cache micromark-factory-label@https://registry.npmjs.org/micromark-factory-label/-/micromark-factory-label-2.0.1.tgz 0ms (cache hit)
997 http cache micromark-factory-destination@https://registry.npmjs.org/micromark-factory-destination/-/micromark-factory-destination-2.0.1.tgz 0ms (cache hit)
998 http cache micromark-extension-gfm-tagfilter@https://registry.npmjs.org/micromark-extension-gfm-tagfilter/-/micromark-extension-gfm-tagfilter-2.0.0.tgz 0ms (cache hit)
999 http cache micromark-extension-gfm-task-list-item@https://registry.npmjs.org/micromark-extension-gfm-task-list-item/-/micromark-extension-gfm-task-list-item-2.1.0.tgz 0ms (cache hit)
1000 http cache micromark-extension-gfm-table@https://registry.npmjs.org/micromark-extension-gfm-table/-/micromark-extension-gfm-table-2.1.1.tgz 0ms (cache hit)
1001 http cache micromark-extension-gfm-strikethrough@https://registry.npmjs.org/micromark-extension-gfm-strikethrough/-/micromark-extension-gfm-strikethrough-2.1.0.tgz 0ms (cache hit)
1002 http cache micromark-extension-gfm-footnote@https://registry.npmjs.org/micromark-extension-gfm-footnote/-/micromark-extension-gfm-footnote-2.1.0.tgz 0ms (cache hit)
1003 http cache micromark-extension-gfm-autolink-literal@https://registry.npmjs.org/micromark-extension-gfm-autolink-literal/-/micromark-extension-gfm-autolink-literal-2.1.0.tgz 0ms (cache hit)
1004 http cache micromark-extension-gfm@https://registry.npmjs.org/micromark-extension-gfm/-/micromark-extension-gfm-3.0.0.tgz 0ms (cache hit)
1005 http cache micromark-core-commonmark@https://registry.npmjs.org/micromark-core-commonmark/-/micromark-core-commonmark-2.0.3.tgz 0ms (cache hit)
1006 http cache micromark@https://registry.npmjs.org/micromark/-/micromark-4.0.2.tgz 0ms (cache hit)
1007 http cache merge2@https://registry.npmjs.org/merge2/-/merge2-1.4.1.tgz 0ms (cache hit)
1008 http cache merge-stream@https://registry.npmjs.org/merge-stream/-/merge-stream-2.0.0.tgz 0ms (cache hit)
1009 http cache merge-refs@https://registry.npmjs.org/merge-refs/-/merge-refs-2.0.0.tgz 0ms (cache hit)
1010 http cache media-engine@https://registry.npmjs.org/media-engine/-/media-engine-1.0.3.tgz 0ms (cache hit)
1011 http cache mdast-util-to-string@https://registry.npmjs.org/mdast-util-to-string/-/mdast-util-to-string-4.0.0.tgz 0ms (cache hit)
1012 http cache mdast-util-to-markdown@https://registry.npmjs.org/mdast-util-to-markdown/-/mdast-util-to-markdown-2.1.2.tgz 0ms (cache hit)
1013 http cache mdast-util-to-hast@https://registry.npmjs.org/mdast-util-to-hast/-/mdast-util-to-hast-13.2.0.tgz 0ms (cache hit)
1014 http cache mdast-util-mdxjs-esm@https://registry.npmjs.org/mdast-util-mdxjs-esm/-/mdast-util-mdxjs-esm-2.0.1.tgz 0ms (cache hit)
1015 http cache mdast-util-phrasing@https://registry.npmjs.org/mdast-util-phrasing/-/mdast-util-phrasing-4.1.0.tgz 0ms (cache hit)
1016 http cache mdast-util-mdx-jsx@https://registry.npmjs.org/mdast-util-mdx-jsx/-/mdast-util-mdx-jsx-3.2.0.tgz 0ms (cache hit)
1017 http cache mdast-util-mdx-expression@https://registry.npmjs.org/mdast-util-mdx-expression/-/mdast-util-mdx-expression-2.0.1.tgz 0ms (cache hit)
1018 http cache mdast-util-gfm-task-list-item@https://registry.npmjs.org/mdast-util-gfm-task-list-item/-/mdast-util-gfm-task-list-item-2.0.0.tgz 0ms (cache hit)
1019 http cache mdast-util-gfm-table@https://registry.npmjs.org/mdast-util-gfm-table/-/mdast-util-gfm-table-2.0.0.tgz 0ms (cache hit)
1020 http cache mdast-util-gfm-strikethrough@https://registry.npmjs.org/mdast-util-gfm-strikethrough/-/mdast-util-gfm-strikethrough-2.0.0.tgz 0ms (cache hit)
1021 http cache mdast-util-gfm-footnote@https://registry.npmjs.org/mdast-util-gfm-footnote/-/mdast-util-gfm-footnote-2.1.0.tgz 0ms (cache hit)
1022 http cache mdast-util-gfm-autolink-literal@https://registry.npmjs.org/mdast-util-gfm-autolink-literal/-/mdast-util-gfm-autolink-literal-2.0.1.tgz 0ms (cache hit)
1023 http cache mdast-util-gfm@https://registry.npmjs.org/mdast-util-gfm/-/mdast-util-gfm-3.1.0.tgz 0ms (cache hit)
1024 http cache mdast-util-from-markdown@https://registry.npmjs.org/mdast-util-from-markdown/-/mdast-util-from-markdown-2.0.2.tgz 0ms (cache hit)
1025 http cache mdast-util-find-and-replace@https://registry.npmjs.org/mdast-util-find-and-replace/-/mdast-util-find-and-replace-3.0.2.tgz 0ms (cache hit)
1026 http cache math-intrinsics@https://registry.npmjs.org/math-intrinsics/-/math-intrinsics-1.1.0.tgz 0ms (cache hit)
1027 http cache make-event-props@https://registry.npmjs.org/make-event-props/-/make-event-props-2.0.0.tgz 0ms (cache hit)
1028 http cache markdown-table@https://registry.npmjs.org/markdown-table/-/markdown-table-3.0.4.tgz 0ms (cache hit)
1029 http cache make-cancellable-promise@https://registry.npmjs.org/make-cancellable-promise/-/make-cancellable-promise-2.0.0.tgz 0ms (cache hit)
1030 http cache lucide-react@https://registry.npmjs.org/lucide-react/-/lucide-react-0.475.0.tgz 0ms (cache hit)
1031 http cache lru-cache@https://registry.npmjs.org/lru-cache/-/lru-cache-10.4.3.tgz 0ms (cache hit)
1032 http cache loose-envify@https://registry.npmjs.org/loose-envify/-/loose-envify-1.4.0.tgz 0ms (cache hit)
1033 http cache longest-streak@https://registry.npmjs.org/longest-streak/-/longest-streak-3.1.0.tgz 0ms (cache hit)
1034 http cache long@https://registry.npmjs.org/long/-/long-5.3.2.tgz 0ms (cache hit)
1035 http cache lodash.merge@https://registry.npmjs.org/lodash.merge/-/lodash.merge-4.6.2.tgz 0ms (cache hit)
1036 http cache lodash.camelcase@https://registry.npmjs.org/lodash.camelcase/-/lodash.camelcase-4.3.0.tgz 0ms (cache hit)
1037 http cache lodash@https://registry.npmjs.org/lodash/-/lodash-4.17.21.tgz 0ms (cache hit)
1038 http cache locate-path@https://registry.npmjs.org/locate-path/-/locate-path-6.0.0.tgz 0ms (cache hit)
1039 http cache loader-utils@https://registry.npmjs.org/loader-utils/-/loader-utils-2.0.4.tgz 0ms (cache hit)
1040 http cache loader-runner@https://registry.npmjs.org/loader-runner/-/loader-runner-4.3.1.tgz 0ms (cache hit)
1041 http cache lines-and-columns@https://registry.npmjs.org/lines-and-columns/-/lines-and-columns-1.2.4.tgz 0ms (cache hit)
1042 http cache linebreak@https://registry.npmjs.org/linebreak/-/linebreak-1.1.0.tgz 0ms (cache hit)
1043 http cache lilconfig@https://registry.npmjs.org/lilconfig/-/lilconfig-3.1.3.tgz 0ms (cache hit)
1044 http cache lie@https://registry.npmjs.org/lie/-/lie-3.3.0.tgz 0ms (cache hit)
1045 http cache levn@https://registry.npmjs.org/levn/-/levn-0.4.1.tgz 0ms (cache hit)
1046 http cache language-tags@https://registry.npmjs.org/language-tags/-/language-tags-1.0.9.tgz 0ms (cache hit)
1047 http cache language-subtag-registry@https://registry.npmjs.org/language-subtag-registry/-/language-subtag-registry-0.3.23.tgz 0ms (cache hit)
1048 http cache klaw-sync@https://registry.npmjs.org/klaw-sync/-/klaw-sync-6.0.0.tgz 0ms (cache hit)
1049 http cache keyv@https://registry.npmjs.org/keyv/-/keyv-4.5.4.tgz 0ms (cache hit)
1050 http cache jszip@https://registry.npmjs.org/jszip/-/jszip-3.10.1.tgz 0ms (cache hit)
1051 http cache jsx-ast-utils@https://registry.npmjs.org/jsx-ast-utils/-/jsx-ast-utils-3.3.5.tgz 0ms (cache hit)
1052 http cache jsprim@https://registry.npmjs.org/jsprim/-/jsprim-2.0.2.tgz 0ms (cache hit)
1053 http cache jsonify@https://registry.npmjs.org/jsonify/-/jsonify-0.0.1.tgz 0ms (cache hit)
1054 http cache jsonfile@https://registry.npmjs.org/jsonfile/-/jsonfile-6.2.0.tgz 0ms (cache hit)
1055 http cache json5@https://registry.npmjs.org/json5/-/json5-2.2.3.tgz 0ms (cache hit)
1056 http cache json-stringify-safe@https://registry.npmjs.org/json-stringify-safe/-/json-stringify-safe-5.0.1.tgz 0ms (cache hit)
1057 http cache json-stable-stringify-without-jsonify@https://registry.npmjs.org/json-stable-stringify-without-jsonify/-/json-stable-stringify-without-jsonify-1.0.1.tgz 0ms (cache hit)
1058 http cache json-stable-stringify@https://registry.npmjs.org/json-stable-stringify/-/json-stable-stringify-1.3.0.tgz 0ms (cache hit)
1059 http cache json-schema-traverse@https://registry.npmjs.org/json-schema-traverse/-/json-schema-traverse-0.4.1.tgz 0ms (cache hit)
1060 http cache json-schema@https://registry.npmjs.org/json-schema/-/json-schema-0.4.0.tgz 0ms (cache hit)
1061 http cache json-parse-even-better-errors@https://registry.npmjs.org/json-parse-even-better-errors/-/json-parse-even-better-errors-2.3.1.tgz 0ms (cache hit)
1062 http cache jsbn@https://registry.npmjs.org/jsbn/-/jsbn-0.1.1.tgz 0ms (cache hit)
1063 http cache json-buffer@https://registry.npmjs.org/json-buffer/-/json-buffer-3.0.1.tgz 0ms (cache hit)
1064 http cache js-yaml@https://registry.npmjs.org/js-yaml/-/js-yaml-4.1.0.tgz 0ms (cache hit)
1065 http cache js-tokens@https://registry.npmjs.org/js-tokens/-/js-tokens-4.0.0.tgz 0ms (cache hit)
1066 http cache jose@https://registry.npmjs.org/jose/-/jose-5.10.0.tgz 0ms (cache hit)
1067 http cache jiti@https://registry.npmjs.org/jiti/-/jiti-1.21.7.tgz 0ms (cache hit)
1068 http cache jest-worker@https://registry.npmjs.org/jest-worker/-/jest-worker-27.5.1.tgz 0ms (cache hit)
1069 http cache jay-peg@https://registry.npmjs.org/jay-peg/-/jay-peg-1.1.1.tgz 0ms (cache hit)
1070 http cache isstream@https://registry.npmjs.org/isstream/-/isstream-0.1.2.tgz 0ms (cache hit)
1071 http cache jackspeak@https://registry.npmjs.org/jackspeak/-/jackspeak-2.3.6.tgz 0ms (cache hit)
1072 http cache iterator.prototype@https://registry.npmjs.org/iterator.prototype/-/iterator.prototype-1.1.5.tgz 0ms (cache hit)
1073 http cache isexe@https://registry.npmjs.org/isexe/-/isexe-2.0.0.tgz 0ms (cache hit)
1074 http cache isarray@https://registry.npmjs.org/isarray/-/isarray-2.0.5.tgz 0ms (cache hit)
1075 http cache is-wsl@https://registry.npmjs.org/is-wsl/-/is-wsl-2.2.0.tgz 0ms (cache hit)
1076 http cache is-weakset@https://registry.npmjs.org/is-weakset/-/is-weakset-2.0.4.tgz 0ms (cache hit)
1077 http cache is-weakref@https://registry.npmjs.org/is-weakref/-/is-weakref-1.1.1.tgz 0ms (cache hit)
1078 http cache is-weakmap@https://registry.npmjs.org/is-weakmap/-/is-weakmap-2.0.2.tgz 0ms (cache hit)
1079 http cache is-url@https://registry.npmjs.org/is-url/-/is-url-1.2.4.tgz 0ms (cache hit)
1080 http cache is-typedarray@https://registry.npmjs.org/is-typedarray/-/is-typedarray-1.0.0.tgz 0ms (cache hit)
1081 http cache is-typed-array@https://registry.npmjs.org/is-typed-array/-/is-typed-array-1.1.15.tgz 0ms (cache hit)
1082 http cache is-symbol@https://registry.npmjs.org/is-symbol/-/is-symbol-1.1.1.tgz 0ms (cache hit)
1083 http cache is-string@https://registry.npmjs.org/is-string/-/is-string-1.1.1.tgz 0ms (cache hit)
1084 http cache is-shared-array-buffer@https://registry.npmjs.org/is-shared-array-buffer/-/is-shared-array-buffer-1.0.4.tgz 0ms (cache hit)
1085 http cache is-set@https://registry.npmjs.org/is-set/-/is-set-2.0.3.tgz 0ms (cache hit)
1086 http cache is-regex@https://registry.npmjs.org/is-regex/-/is-regex-1.2.1.tgz 0ms (cache hit)
1087 http cache is-plain-obj@https://registry.npmjs.org/is-plain-obj/-/is-plain-obj-4.1.0.tgz 0ms (cache hit)
1088 http cache is-path-inside@https://registry.npmjs.org/is-path-inside/-/is-path-inside-3.0.3.tgz 1ms (cache hit)
1089 http cache is-number-object@https://registry.npmjs.org/is-number-object/-/is-number-object-1.1.1.tgz 0ms (cache hit)
1090 http cache is-number@https://registry.npmjs.org/is-number/-/is-number-7.0.0.tgz 0ms (cache hit)
1091 http cache is-negative-zero@https://registry.npmjs.org/is-negative-zero/-/is-negative-zero-2.0.3.tgz 0ms (cache hit)
1092 http cache is-map@https://registry.npmjs.org/is-map/-/is-map-2.0.3.tgz 0ms (cache hit)
1093 http cache is-glob@https://registry.npmjs.org/is-glob/-/is-glob-4.0.3.tgz 0ms (cache hit)
1094 http cache is-hexadecimal@https://registry.npmjs.org/is-hexadecimal/-/is-hexadecimal-2.0.1.tgz 0ms (cache hit)
1095 http cache is-generator-function@https://registry.npmjs.org/is-generator-function/-/is-generator-function-1.1.2.tgz 0ms (cache hit)
1096 http cache is-fullwidth-code-point@https://registry.npmjs.org/is-fullwidth-code-point/-/is-fullwidth-code-point-3.0.0.tgz 0ms (cache hit)
1097 http cache is-finalizationregistry@https://registry.npmjs.org/is-finalizationregistry/-/is-finalizationregistry-1.1.1.tgz 0ms (cache hit)
1098 http cache is-extglob@https://registry.npmjs.org/is-extglob/-/is-extglob-2.1.1.tgz 0ms (cache hit)
1099 http cache is-docker@https://registry.npmjs.org/is-docker/-/is-docker-2.2.1.tgz 0ms (cache hit)
1100 http cache is-decimal@https://registry.npmjs.org/is-decimal/-/is-decimal-2.0.1.tgz 0ms (cache hit)
1101 http cache is-date-object@https://registry.npmjs.org/is-date-object/-/is-date-object-1.1.0.tgz 0ms (cache hit)
1102 http cache is-data-view@https://registry.npmjs.org/is-data-view/-/is-data-view-1.0.2.tgz 0ms (cache hit)
1103 http cache is-core-module@https://registry.npmjs.org/is-core-module/-/is-core-module-2.16.1.tgz 0ms (cache hit)
1104 http cache is-callable@https://registry.npmjs.org/is-callable/-/is-callable-1.2.7.tgz 0ms (cache hit)
1105 http cache is-bun-module@https://registry.npmjs.org/is-bun-module/-/is-bun-module-2.0.0.tgz 0ms (cache hit)
1106 http cache is-boolean-object@https://registry.npmjs.org/is-boolean-object/-/is-boolean-object-1.2.2.tgz 0ms (cache hit)
1107 http cache is-binary-path@https://registry.npmjs.org/is-binary-path/-/is-binary-path-2.1.0.tgz 0ms (cache hit)
1108 http cache is-bigint@https://registry.npmjs.org/is-bigint/-/is-bigint-1.1.0.tgz 0ms (cache hit)
1109 http cache next-themes@https://registry.npmjs.org/next-themes/-/next-themes-0.3.0.tgz 0ms (cache hit)
1110 http cache is-arrayish@https://registry.npmjs.org/is-arrayish/-/is-arrayish-0.3.4.tgz 0ms (cache hit)
1111 http cache is-array-buffer@https://registry.npmjs.org/is-array-buffer/-/is-array-buffer-3.0.5.tgz 0ms (cache hit)
1112 http cache is-async-function@https://registry.npmjs.org/is-async-function/-/is-async-function-2.1.1.tgz 0ms (cache hit)
1113 http cache is-alphanumerical@https://registry.npmjs.org/is-alphanumerical/-/is-alphanumerical-2.0.1.tgz 0ms (cache hit)
1114 http cache is-alphabetical@https://registry.npmjs.org/is-alphabetical/-/is-alphabetical-2.0.1.tgz 0ms (cache hit)
1115 http cache internmap@https://registry.npmjs.org/internmap/-/internmap-2.0.3.tgz 0ms (cache hit)
1116 http cache internal-slot@https://registry.npmjs.org/internal-slot/-/internal-slot-1.1.0.tgz 0ms (cache hit)
1117 http cache inline-style-parser@https://registry.npmjs.org/inline-style-parser/-/inline-style-parser-0.2.4.tgz 0ms (cache hit)
1118 http cache inherits@https://registry.npmjs.org/inherits/-/inherits-2.0.4.tgz 0ms (cache hit)
1119 http cache inflight@https://registry.npmjs.org/inflight/-/inflight-1.0.6.tgz 0ms (cache hit)
1120 http cache imurmurhash@https://registry.npmjs.org/imurmurhash/-/imurmurhash-0.1.4.tgz 0ms (cache hit)
1121 http cache immediate@https://registry.npmjs.org/immediate/-/immediate-3.0.6.tgz 0ms (cache hit)
1122 http cache import-fresh@https://registry.npmjs.org/import-fresh/-/import-fresh-3.3.1.tgz 0ms (cache hit)
1123 http cache ignore@https://registry.npmjs.org/ignore/-/ignore-5.3.2.tgz 0ms (cache hit)
1124 http cache http-signature@https://registry.npmjs.org/http-signature/-/http-signature-1.4.0.tgz 0ms (cache hit)
1125 http cache hyphen@https://registry.npmjs.org/hyphen/-/hyphen-1.10.6.tgz 0ms (cache hit)
1126 http cache html-url-attributes@https://registry.npmjs.org/html-url-attributes/-/html-url-attributes-3.0.1.tgz 0ms (cache hit)
1127 http cache http-parser-js@https://registry.npmjs.org/http-parser-js/-/http-parser-js-0.5.10.tgz 0ms (cache hit)
1128 http cache hsl-to-rgb-for-reals@https://registry.npmjs.org/hsl-to-rgb-for-reals/-/hsl-to-rgb-for-reals-1.1.1.tgz 0ms (cache hit)
1129 http cache hsl-to-hex@https://registry.npmjs.org/hsl-to-hex/-/hsl-to-hex-1.0.0.tgz 0ms (cache hit)
1130 http cache hast-util-whitespace@https://registry.npmjs.org/hast-util-whitespace/-/hast-util-whitespace-3.0.0.tgz 0ms (cache hit)
1131 http cache hast-util-to-jsx-runtime@https://registry.npmjs.org/hast-util-to-jsx-runtime/-/hast-util-to-jsx-runtime-2.3.6.tgz 0ms (cache hit)
1132 http cache has-tostringtag@https://registry.npmjs.org/has-tostringtag/-/has-tostringtag-1.0.2.tgz 0ms (cache hit)
1133 http cache has-symbols@https://registry.npmjs.org/has-symbols/-/has-symbols-1.1.0.tgz 0ms (cache hit)
1134 http cache has-proto@https://registry.npmjs.org/has-proto/-/has-proto-1.2.0.tgz 0ms (cache hit)
1135 http cache hasown@https://registry.npmjs.org/hasown/-/hasown-2.0.2.tgz 0ms (cache hit)
1136 http cache has-property-descriptors@https://registry.npmjs.org/has-property-descriptors/-/has-property-descriptors-1.0.2.tgz 0ms (cache hit)
1137 http cache has-flag@https://registry.npmjs.org/has-flag/-/has-flag-4.0.0.tgz 0ms (cache hit)
1138 http cache has-bigints@https://registry.npmjs.org/has-bigints/-/has-bigints-1.1.0.tgz 0ms (cache hit)
1139 http cache har-validator@https://registry.npmjs.org/har-validator/-/har-validator-5.1.5.tgz 0ms (cache hit)
1140 http cache har-schema@https://registry.npmjs.org/har-schema/-/har-schema-2.0.0.tgz 0ms (cache hit)
1141 http cache graphemer@https://registry.npmjs.org/graphemer/-/graphemer-1.4.0.tgz 0ms (cache hit)
1142 http cache gopd@https://registry.npmjs.org/gopd/-/gopd-1.2.0.tgz 0ms (cache hit)
1143 http cache graceful-fs@https://registry.npmjs.org/graceful-fs/-/graceful-fs-4.2.11.tgz 0ms (cache hit)
1144 http cache globby@https://registry.npmjs.org/globby/-/globby-11.1.0.tgz 0ms (cache hit)
1145 http cache globalthis@https://registry.npmjs.org/globalthis/-/globalthis-1.0.4.tgz 0ms (cache hit)
1146 http cache glob-to-regexp@https://registry.npmjs.org/glob-to-regexp/-/glob-to-regexp-0.4.1.tgz 0ms (cache hit)
1147 http cache globals@https://registry.npmjs.org/globals/-/globals-13.24.0.tgz 0ms (cache hit)
1148 http cache glob-parent@https://registry.npmjs.org/glob-parent/-/glob-parent-6.0.2.tgz 0ms (cache hit)
1149 http cache glob@https://registry.npmjs.org/glob/-/glob-10.3.10.tgz 0ms (cache hit)
1150 http cache getpass@https://registry.npmjs.org/getpass/-/getpass-0.1.7.tgz 0ms (cache hit)
1151 http cache get-symbol-description@https://registry.npmjs.org/get-symbol-description/-/get-symbol-description-1.1.0.tgz 0ms (cache hit)
1152 http cache get-proto@https://registry.npmjs.org/get-proto/-/get-proto-1.0.1.tgz 0ms (cache hit)
1153 http cache get-nonce@https://registry.npmjs.org/get-nonce/-/get-nonce-1.0.1.tgz 0ms (cache hit)
1154 http cache get-caller-file@https://registry.npmjs.org/get-caller-file/-/get-caller-file-2.0.5.tgz 0ms (cache hit)
1155 http cache get-intrinsic@https://registry.npmjs.org/get-intrinsic/-/get-intrinsic-1.3.0.tgz 0ms (cache hit)
1156 http cache get-tsconfig@https://registry.npmjs.org/get-tsconfig/-/get-tsconfig-4.12.0.tgz 1ms (cache hit)
1157 http cache generator-function@https://registry.npmjs.org/generator-function/-/generator-function-2.0.1.tgz 0ms (cache hit)
1158 http cache functions-have-names@https://registry.npmjs.org/functions-have-names/-/functions-have-names-1.2.3.tgz 0ms (cache hit)
1159 http cache function.prototype.name@https://registry.npmjs.org/function.prototype.name/-/function.prototype.name-1.1.8.tgz 0ms (cache hit)
1160 http cache function-bind@https://registry.npmjs.org/function-bind/-/function-bind-1.1.2.tgz 0ms (cache hit)
1161 http cache fsevents@https://registry.npmjs.org/fsevents/-/fsevents-2.3.3.tgz 0ms (cache hit)
1162 http cache fs.realpath@https://registry.npmjs.org/fs.realpath/-/fs.realpath-1.0.0.tgz 0ms (cache hit)
1163 http cache fs-extra@https://registry.npmjs.org/fs-extra/-/fs-extra-10.1.0.tgz 0ms (cache hit)
1164 http cache framer-motion@https://registry.npmjs.org/framer-motion/-/framer-motion-11.18.2.tgz 0ms (cache hit)
1165 http cache frac@https://registry.npmjs.org/frac/-/frac-1.1.2.tgz 0ms (cache hit)
1166 http cache forever-agent@https://registry.npmjs.org/forever-agent/-/forever-agent-0.6.1.tgz 0ms (cache hit)
1167 http cache form-data@https://registry.npmjs.org/form-data/-/form-data-2.5.5.tgz 0ms (cache hit)
1168 http cache foreground-child@https://registry.npmjs.org/foreground-child/-/foreground-child-3.3.1.tgz 0ms (cache hit)
1169 http cache for-each@https://registry.npmjs.org/for-each/-/for-each-0.3.5.tgz 0ms (cache hit)
1170 http cache follow-redirects@https://registry.npmjs.org/follow-redirects/-/follow-redirects-1.15.11.tgz 0ms (cache hit)
1171 http cache flat-cache@https://registry.npmjs.org/flat-cache/-/flat-cache-3.2.0.tgz 0ms (cache hit)
1172 http cache fontkit@https://registry.npmjs.org/fontkit/-/fontkit-2.0.4.tgz 0ms (cache hit)
1173 http cache flatted@https://registry.npmjs.org/flatted/-/flatted-3.3.3.tgz 0ms (cache hit)
1174 http cache find-yarn-workspace-root@https://registry.npmjs.org/find-yarn-workspace-root/-/find-yarn-workspace-root-2.0.0.tgz 0ms (cache hit)
1175 http cache fill-range@https://registry.npmjs.org/fill-range/-/fill-range-7.1.1.tgz 0ms (cache hit)
1176 http cache find-up@https://registry.npmjs.org/find-up/-/find-up-5.0.0.tgz 0ms (cache hit)
1177 http cache file-type@https://registry.npmjs.org/file-type/-/file-type-3.9.0.tgz 0ms (cache hit)
1178 http cache file-entry-cache@https://registry.npmjs.org/file-entry-cache/-/file-entry-cache-6.0.1.tgz 0ms (cache hit)
1179 http cache file-selector@https://registry.npmjs.org/file-selector/-/file-selector-2.1.2.tgz 0ms (cache hit)
1180 http cache file-saver@https://registry.npmjs.org/file-saver/-/file-saver-2.0.5.tgz 0ms (cache hit)
1181 http cache faye-websocket@https://registry.npmjs.org/faye-websocket/-/faye-websocket-0.11.4.tgz 0ms (cache hit)
1182 http cache fastq@https://registry.npmjs.org/fastq/-/fastq-1.19.1.tgz 0ms (cache hit)
1183 http cache fast-uri@https://registry.npmjs.org/fast-uri/-/fast-uri-3.1.0.tgz 0ms (cache hit)
1184 http cache fast-xml-parser@https://registry.npmjs.org/fast-xml-parser/-/fast-xml-parser-4.5.3.tgz 0ms (cache hit)
1185 http cache fast-levenshtein@https://registry.npmjs.org/fast-levenshtein/-/fast-levenshtein-2.0.6.tgz 0ms (cache hit)
1186 http cache fast-json-stable-stringify@https://registry.npmjs.org/fast-json-stable-stringify/-/fast-json-stable-stringify-2.1.0.tgz 0ms (cache hit)
1187 http cache fast-equals@https://registry.npmjs.org/fast-equals/-/fast-equals-5.3.2.tgz 0ms (cache hit)
1188 http cache fast-glob@https://registry.npmjs.org/fast-glob/-/fast-glob-3.3.3.tgz 0ms (cache hit)
1189 http cache fast-deep-equal@https://registry.npmjs.org/fast-deep-equal/-/fast-deep-equal-3.1.3.tgz 0ms (cache hit)
1190 http cache extsprintf@https://registry.npmjs.org/extsprintf/-/extsprintf-1.3.0.tgz 0ms (cache hit)
1191 http cache events@https://registry.npmjs.org/events/-/events-3.3.0.tgz 0ms (cache hit)
1192 http cache extend@https://registry.npmjs.org/extend/-/extend-3.0.2.tgz 0ms (cache hit)
1193 http cache eventemitter3@https://registry.npmjs.org/eventemitter3/-/eventemitter3-3.1.2.tgz 0ms (cache hit)
1194 http cache esutils@https://registry.npmjs.org/esutils/-/esutils-2.0.3.tgz 0ms (cache hit)
1195 http cache estraverse@https://registry.npmjs.org/estraverse/-/estraverse-5.3.0.tgz 0ms (cache hit)
1196 http cache estree-util-is-identifier-name@https://registry.npmjs.org/estree-util-is-identifier-name/-/estree-util-is-identifier-name-3.0.0.tgz 0ms (cache hit)
1197 http cache esrecurse@https://registry.npmjs.org/esrecurse/-/esrecurse-4.3.0.tgz 0ms (cache hit)
1198 http cache esquery@https://registry.npmjs.org/esquery/-/esquery-1.6.0.tgz 0ms (cache hit)
1199 http cache eslint-visitor-keys@https://registry.npmjs.org/eslint-visitor-keys/-/eslint-visitor-keys-3.4.3.tgz 0ms (cache hit)
1200 http cache espree@https://registry.npmjs.org/espree/-/espree-9.6.1.tgz 0ms (cache hit)
1201 http cache eslint-scope@https://registry.npmjs.org/eslint-scope/-/eslint-scope-7.2.2.tgz 0ms (cache hit)
1202 http cache eslint-plugin-react-hooks@https://registry.npmjs.org/eslint-plugin-react-hooks/-/eslint-plugin-react-hooks-5.0.0-canary-7118f5dd7-20230705.tgz 0ms (cache hit)
1203 http cache eslint-plugin-jsx-a11y@https://registry.npmjs.org/eslint-plugin-jsx-a11y/-/eslint-plugin-jsx-a11y-6.10.2.tgz 0ms (cache hit)
1204 http cache eslint-plugin-import@https://registry.npmjs.org/eslint-plugin-import/-/eslint-plugin-import-2.32.0.tgz 0ms (cache hit)
1205 http cache eslint-plugin-react@https://registry.npmjs.org/eslint-plugin-react/-/eslint-plugin-react-7.37.5.tgz 1ms (cache hit)
1206 http cache eslint-module-utils@https://registry.npmjs.org/eslint-module-utils/-/eslint-module-utils-2.12.1.tgz 0ms (cache hit)
1207 http cache eslint-import-resolver-typescript@https://registry.npmjs.org/eslint-import-resolver-typescript/-/eslint-import-resolver-typescript-3.10.1.tgz 0ms (cache hit)
1208 http cache eslint-config-next@https://registry.npmjs.org/eslint-config-next/-/eslint-config-next-14.2.5.tgz 0ms (cache hit)
1209 http cache eslint@https://registry.npmjs.org/eslint/-/eslint-8.57.1.tgz 0ms (cache hit)
1210 http cache eslint-import-resolver-node@https://registry.npmjs.org/eslint-import-resolver-node/-/eslint-import-resolver-node-0.3.9.tgz 0ms (cache hit)
1211 http cache escape-string-regexp@https://registry.npmjs.org/escape-string-regexp/-/escape-string-regexp-4.0.0.tgz 0ms (cache hit)
1212 http cache escalade@https://registry.npmjs.org/escalade/-/escalade-3.2.0.tgz 0ms (cache hit)
1213 http cache es-shim-unscopables@https://registry.npmjs.org/es-shim-unscopables/-/es-shim-unscopables-1.1.0.tgz 0ms (cache hit)
1214 http cache es-to-primitive@https://registry.npmjs.org/es-to-primitive/-/es-to-primitive-1.3.0.tgz 0ms (cache hit)
1215 http cache es-set-tostringtag@https://registry.npmjs.org/es-set-tostringtag/-/es-set-tostringtag-2.1.0.tgz 0ms (cache hit)
1216 http cache es-object-atoms@https://registry.npmjs.org/es-object-atoms/-/es-object-atoms-1.1.1.tgz 0ms (cache hit)
1217 http cache es-errors@https://registry.npmjs.org/es-errors/-/es-errors-1.3.0.tgz 0ms (cache hit)
1218 http cache es-module-lexer@https://registry.npmjs.org/es-module-lexer/-/es-module-lexer-1.7.0.tgz 0ms (cache hit)
1219 http cache es-iterator-helpers@https://registry.npmjs.org/es-iterator-helpers/-/es-iterator-helpers-1.2.1.tgz 0ms (cache hit)
1220 http cache es-abstract@https://registry.npmjs.org/es-abstract/-/es-abstract-1.24.0.tgz 0ms (cache hit)
1221 http cache es-define-property@https://registry.npmjs.org/es-define-property/-/es-define-property-1.0.1.tgz 0ms (cache hit)
1222 http cache error-kid@https://registry.npmjs.org/error-kid/-/error-kid-0.0.7.tgz 0ms (cache hit)
1223 http cache enhanced-resolve@https://registry.npmjs.org/enhanced-resolve/-/enhanced-resolve-5.18.3.tgz 0ms (cache hit)
1224 http cache end-of-stream@https://registry.npmjs.org/end-of-stream/-/end-of-stream-1.4.5.tgz 0ms (cache hit)
1225 http cache emojis-list@https://registry.npmjs.org/emojis-list/-/emojis-list-3.0.0.tgz 0ms (cache hit)
1226 http cache emoji-regex@https://registry.npmjs.org/emoji-regex/-/emoji-regex-10.6.0.tgz 0ms (cache hit)
1227 http cache electron-to-chromium@https://registry.npmjs.org/electron-to-chromium/-/electron-to-chromium-1.5.237.tgz 0ms (cache hit)
1228 http cache ecc-jsbn@https://registry.npmjs.org/ecc-jsbn/-/ecc-jsbn-0.1.2.tgz 0ms (cache hit)
1229 http cache eastasianwidth@https://registry.npmjs.org/eastasianwidth/-/eastasianwidth-0.2.0.tgz 0ms (cache hit)
1230 http cache dotenv@https://registry.npmjs.org/dotenv/-/dotenv-16.6.1.tgz 0ms (cache hit)
1231 http cache dunder-proto@https://registry.npmjs.org/dunder-proto/-/dunder-proto-1.0.1.tgz 0ms (cache hit)
1232 http cache dom-helpers@https://registry.npmjs.org/dom-helpers/-/dom-helpers-5.2.1.tgz 0ms (cache hit)
1233 http cache docx@https://registry.npmjs.org/docx/-/docx-8.5.0.tgz 0ms (cache hit)
1234 http cache doctrine@https://registry.npmjs.org/doctrine/-/doctrine-3.0.0.tgz 0ms (cache hit)
1235 http cache dlv@https://registry.npmjs.org/dlv/-/dlv-1.1.3.tgz 0ms (cache hit)
1236 http cache dir-glob@https://registry.npmjs.org/dir-glob/-/dir-glob-3.0.1.tgz 0ms (cache hit)
1237 http cache didyoumean@https://registry.npmjs.org/didyoumean/-/didyoumean-1.2.2.tgz 0ms (cache hit)
1238 http cache dfa@https://registry.npmjs.org/dfa/-/dfa-1.2.0.tgz 0ms (cache hit)
1239 http cache devlop@https://registry.npmjs.org/devlop/-/devlop-1.1.0.tgz 0ms (cache hit)
1240 http cache dequal@https://registry.npmjs.org/dequal/-/dequal-2.0.3.tgz 0ms (cache hit)
1241 http cache delayed-stream@https://registry.npmjs.org/delayed-stream/-/delayed-stream-1.0.0.tgz 0ms (cache hit)
1242 http cache define-properties@https://registry.npmjs.org/define-properties/-/define-properties-1.2.1.tgz 0ms (cache hit)
1243 http cache define-data-property@https://registry.npmjs.org/define-data-property/-/define-data-property-1.1.4.tgz 0ms (cache hit)
1244 http cache deep-is@https://registry.npmjs.org/deep-is/-/deep-is-0.1.4.tgz 0ms (cache hit)
1245 http cache detect-node-es@https://registry.npmjs.org/detect-node-es/-/detect-node-es-1.1.0.tgz 0ms (cache hit)
1246 http cache decode-named-character-reference@https://registry.npmjs.org/decode-named-character-reference/-/decode-named-character-reference-1.2.0.tgz 0ms (cache hit)
1247 http cache decimal.js-light@https://registry.npmjs.org/decimal.js-light/-/decimal.js-light-2.5.1.tgz 0ms (cache hit)
1248 http cache debug@https://registry.npmjs.org/debug/-/debug-4.4.3.tgz 0ms (cache hit)
1249 http cache date-fns@https://registry.npmjs.org/date-fns/-/date-fns-3.6.0.tgz 0ms (cache hit)
1250 http cache data-view-byte-offset@https://registry.npmjs.org/data-view-byte-offset/-/data-view-byte-offset-1.0.1.tgz 0ms (cache hit)
1251 http cache data-view-byte-length@https://registry.npmjs.org/data-view-byte-length/-/data-view-byte-length-1.0.2.tgz 0ms (cache hit)
1252 http cache data-view-buffer@https://registry.npmjs.org/data-view-buffer/-/data-view-buffer-1.0.2.tgz 0ms (cache hit)
1253 http cache damerau-levenshtein@https://registry.npmjs.org/damerau-levenshtein/-/damerau-levenshtein-1.0.8.tgz 0ms (cache hit)
1254 http cache dashdash@https://registry.npmjs.org/dashdash/-/dashdash-1.14.1.tgz 0ms (cache hit)
1255 http cache d3-timer@https://registry.npmjs.org/d3-timer/-/d3-timer-3.0.1.tgz 0ms (cache hit)
1256 http cache d3-time-format@https://registry.npmjs.org/d3-time-format/-/d3-time-format-4.1.0.tgz 0ms (cache hit)
1257 http cache d3-shape@https://registry.npmjs.org/d3-shape/-/d3-shape-3.2.0.tgz 0ms (cache hit)
1258 http cache d3-time@https://registry.npmjs.org/d3-time/-/d3-time-3.1.0.tgz 0ms (cache hit)
1259 http cache d3-scale@https://registry.npmjs.org/d3-scale/-/d3-scale-4.0.2.tgz 0ms (cache hit)
1260 http cache d3-path@https://registry.npmjs.org/d3-path/-/d3-path-3.1.0.tgz 0ms (cache hit)
1261 http cache d3-format@https://registry.npmjs.org/d3-format/-/d3-format-3.1.0.tgz 0ms (cache hit)
1262 http cache d3-interpolate@https://registry.npmjs.org/d3-interpolate/-/d3-interpolate-3.0.1.tgz 0ms (cache hit)
1263 http cache d3-ease@https://registry.npmjs.org/d3-ease/-/d3-ease-3.0.1.tgz 0ms (cache hit)
1264 http cache d3-color@https://registry.npmjs.org/d3-color/-/d3-color-3.1.0.tgz 0ms (cache hit)
1265 http cache d3-array@https://registry.npmjs.org/d3-array/-/d3-array-3.2.4.tgz 0ms (cache hit)
1266 http cache csstype@https://registry.npmjs.org/csstype/-/csstype-3.1.3.tgz 1ms (cache hit)
1267 http cache cssesc@https://registry.npmjs.org/cssesc/-/cssesc-3.0.0.tgz 0ms (cache hit)
1268 http cache crypto-js@https://registry.npmjs.org/crypto-js/-/crypto-js-4.2.0.tgz 0ms (cache hit)
1269 http cache cross-fetch@https://registry.npmjs.org/cross-fetch/-/cross-fetch-3.2.0.tgz 0ms (cache hit)
1270 http cache crc-32@https://registry.npmjs.org/crc-32/-/crc-32-1.2.2.tgz 0ms (cache hit)
1271 http cache cross-spawn@https://registry.npmjs.org/cross-spawn/-/cross-spawn-7.0.6.tgz 0ms (cache hit)
1272 http cache core-util-is@https://registry.npmjs.org/core-util-is/-/core-util-is-1.0.3.tgz 0ms (cache hit)
1273 http cache concat-map@https://registry.npmjs.org/concat-map/-/concat-map-0.0.1.tgz 0ms (cache hit)
1274 http cache commander@https://registry.npmjs.org/commander/-/commander-4.1.1.tgz 0ms (cache hit)
1275 http cache comma-separated-tokens@https://registry.npmjs.org/comma-separated-tokens/-/comma-separated-tokens-2.0.3.tgz 0ms (cache hit)
1276 http cache combined-stream@https://registry.npmjs.org/combined-stream/-/combined-stream-1.0.8.tgz 0ms (cache hit)
1277 http cache color-string@https://registry.npmjs.org/color-string/-/color-string-1.9.1.tgz 0ms (cache hit)
1278 http cache color-convert@https://registry.npmjs.org/color-convert/-/color-convert-2.0.1.tgz 0ms (cache hit)
1279 http cache color-name@https://registry.npmjs.org/color-name/-/color-name-1.1.4.tgz 0ms (cache hit)
1280 http cache codepage@https://registry.npmjs.org/codepage/-/codepage-1.15.0.tgz 0ms (cache hit)
1281 http cache clsx@https://registry.npmjs.org/clsx/-/clsx-2.1.1.tgz 0ms (cache hit)
1282 http cache clone@https://registry.npmjs.org/clone/-/clone-2.1.2.tgz 0ms (cache hit)
1283 http cache client-only@https://registry.npmjs.org/client-only/-/client-only-0.0.1.tgz 0ms (cache hit)
1284 http cache cliui@https://registry.npmjs.org/cliui/-/cliui-8.0.1.tgz 0ms (cache hit)
1285 http cache class-variance-authority@https://registry.npmjs.org/class-variance-authority/-/class-variance-authority-0.7.1.tgz 0ms (cache hit)
1286 http cache ci-info@https://registry.npmjs.org/ci-info/-/ci-info-3.9.0.tgz 0ms (cache hit)
1287 http cache chrome-trace-event@https://registry.npmjs.org/chrome-trace-event/-/chrome-trace-event-1.0.4.tgz 0ms (cache hit)
1288 http cache chokidar@https://registry.npmjs.org/chokidar/-/chokidar-3.6.0.tgz 0ms (cache hit)
1289 http cache character-reference-invalid@https://registry.npmjs.org/character-reference-invalid/-/character-reference-invalid-2.0.1.tgz 0ms (cache hit)
1290 http cache character-entities-legacy@https://registry.npmjs.org/character-entities-legacy/-/character-entities-legacy-3.0.0.tgz 0ms (cache hit)
1291 http cache character-entities-html4@https://registry.npmjs.org/character-entities-html4/-/character-entities-html4-2.1.0.tgz 0ms (cache hit)
1292 http cache chalk@https://registry.npmjs.org/chalk/-/chalk-4.1.2.tgz 0ms (cache hit)
1293 http cache character-entities@https://registry.npmjs.org/character-entities/-/character-entities-2.0.2.tgz 0ms (cache hit)
1294 http cache ccount@https://registry.npmjs.org/ccount/-/ccount-2.0.1.tgz 0ms (cache hit)
1295 http cache cfb@https://registry.npmjs.org/cfb/-/cfb-1.2.2.tgz 1ms (cache hit)
1296 http cache caseless@https://registry.npmjs.org/caseless/-/caseless-0.12.0.tgz 0ms (cache hit)
1297 http cache caniuse-lite@https://registry.npmjs.org/caniuse-lite/-/caniuse-lite-1.0.30001751.tgz 0ms (cache hit)
1298 http cache camelcase-css@https://registry.npmjs.org/camelcase-css/-/camelcase-css-2.0.1.tgz 0ms (cache hit)
1299 http cache callsites@https://registry.npmjs.org/callsites/-/callsites-3.1.0.tgz 0ms (cache hit)
1300 http cache call-bound@https://registry.npmjs.org/call-bound/-/call-bound-1.0.4.tgz 0ms (cache hit)
1301 http cache call-bind-apply-helpers@https://registry.npmjs.org/call-bind-apply-helpers/-/call-bind-apply-helpers-1.0.2.tgz 0ms (cache hit)
1302 http cache busboy@https://registry.npmjs.org/busboy/-/busboy-1.6.0.tgz 0ms (cache hit)
1303 http cache browserslist@https://registry.npmjs.org/browserslist/-/browserslist-4.23.1.tgz 0ms (cache hit)
1304 http cache browserify-zlib@https://registry.npmjs.org/browserify-zlib/-/browserify-zlib-0.2.0.tgz 0ms (cache hit)
1305 http cache call-bind@https://registry.npmjs.org/call-bind/-/call-bind-1.0.8.tgz 0ms (cache hit)
1306 http cache braces@https://registry.npmjs.org/braces/-/braces-3.0.3.tgz 0ms (cache hit)
1307 http cache buffer-from@https://registry.npmjs.org/buffer-from/-/buffer-from-1.1.2.tgz 0ms (cache hit)
1308 http cache brotli@https://registry.npmjs.org/brotli/-/brotli-1.3.3.tgz 0ms (cache hit)
1309 http cache brace-expansion@https://registry.npmjs.org/brace-expansion/-/brace-expansion-1.1.12.tgz 0ms (cache hit)
1310 http cache bluebird@https://registry.npmjs.org/bluebird/-/bluebird-3.7.2.tgz 0ms (cache hit)
1311 http cache bowser@https://registry.npmjs.org/bowser/-/bowser-2.12.1.tgz 0ms (cache hit)
1312 http cache bl@https://registry.npmjs.org/bl/-/bl-1.2.3.tgz 0ms (cache hit)
1313 http cache binary-extensions@https://registry.npmjs.org/binary-extensions/-/binary-extensions-2.3.0.tgz 0ms (cache hit)
1314 http cache bidi-js@https://registry.npmjs.org/bidi-js/-/bidi-js-1.0.3.tgz 0ms (cache hit)
1315 http cache big.js@https://registry.npmjs.org/big.js/-/big.js-5.2.2.tgz 0ms (cache hit)
1316 http cache bcrypt-pbkdf@https://registry.npmjs.org/bcrypt-pbkdf/-/bcrypt-pbkdf-1.0.2.tgz 0ms (cache hit)
1317 http cache balanced-match@https://registry.npmjs.org/balanced-match/-/balanced-match-1.0.2.tgz 0ms (cache hit)
1318 http cache bail@https://registry.npmjs.org/bail/-/bail-2.0.2.tgz 0ms (cache hit)
1319 http cache axobject-query@https://registry.npmjs.org/axobject-query/-/axobject-query-4.1.0.tgz 0ms (cache hit)
1320 http cache base64-js@https://registry.npmjs.org/base64-js/-/base64-js-1.5.1.tgz 0ms (cache hit)
1321 http cache axios@https://registry.npmjs.org/axios/-/axios-1.12.2.tgz 0ms (cache hit)
1322 http cache axe-core@https://registry.npmjs.org/axe-core/-/axe-core-4.11.0.tgz 0ms (cache hit)
1323 http cache aws4@https://registry.npmjs.org/aws4/-/aws4-1.13.2.tgz 0ms (cache hit)
1324 http cache aws-sign2@https://registry.npmjs.org/aws-sign2/-/aws-sign2-0.7.0.tgz 0ms (cache hit)
1325 http cache available-typed-arrays@https://registry.npmjs.org/available-typed-arrays/-/available-typed-arrays-1.0.7.tgz 0ms (cache hit)
1326 http cache attr-accept@https://registry.npmjs.org/attr-accept/-/attr-accept-2.2.5.tgz 0ms (cache hit)
1327 http cache async-function@https://registry.npmjs.org/async-function/-/async-function-1.0.0.tgz 0ms (cache hit)
1328 http cache asynckit@https://registry.npmjs.org/asynckit/-/asynckit-0.4.0.tgz 0ms (cache hit)
1329 http cache ast-types-flow@https://registry.npmjs.org/ast-types-flow/-/ast-types-flow-0.0.8.tgz 0ms (cache hit)
1330 http cache assert-plus@https://registry.npmjs.org/assert-plus/-/assert-plus-1.0.0.tgz 0ms (cache hit)
1331 http cache asn1@https://registry.npmjs.org/asn1/-/asn1-0.2.6.tgz 0ms (cache hit)
1332 http cache arraybuffer.prototype.slice@https://registry.npmjs.org/arraybuffer.prototype.slice/-/arraybuffer.prototype.slice-1.0.4.tgz 0ms (cache hit)
1333 http cache array.prototype.tosorted@https://registry.npmjs.org/array.prototype.tosorted/-/array.prototype.tosorted-1.1.4.tgz 0ms (cache hit)
1334 http cache array.prototype.flatmap@https://registry.npmjs.org/array.prototype.flatmap/-/array.prototype.flatmap-1.3.3.tgz 0ms (cache hit)
1335 http cache array.prototype.findlastindex@https://registry.npmjs.org/array.prototype.findlastindex/-/array.prototype.findlastindex-1.2.6.tgz 0ms (cache hit)
1336 http cache array.prototype.findlast@https://registry.npmjs.org/array.prototype.findlast/-/array.prototype.findlast-1.2.5.tgz 0ms (cache hit)
1337 http cache array.prototype.flat@https://registry.npmjs.org/array.prototype.flat/-/array.prototype.flat-1.3.3.tgz 0ms (cache hit)
1338 http cache array-buffer-byte-length@https://registry.npmjs.org/array-buffer-byte-length/-/array-buffer-byte-length-1.0.2.tgz 0ms (cache hit)
1339 http cache array-union@https://registry.npmjs.org/array-union/-/array-union-2.1.0.tgz 0ms (cache hit)
1340 http cache array.prototype.findindex@https://registry.npmjs.org/array.prototype.findindex/-/array.prototype.findindex-2.2.4.tgz 0ms (cache hit)
1341 http cache array-includes@https://registry.npmjs.org/array-includes/-/array-includes-3.1.9.tgz 0ms (cache hit)
1342 http cache arg@https://registry.npmjs.org/arg/-/arg-5.0.2.tgz 0ms (cache hit)
1343 http cache argparse@https://registry.npmjs.org/argparse/-/argparse-2.0.1.tgz 0ms (cache hit)
1344 http cache aria-query@https://registry.npmjs.org/aria-query/-/aria-query-5.3.2.tgz 0ms (cache hit)
1345 http cache any-promise@https://registry.npmjs.org/any-promise/-/any-promise-1.3.0.tgz 0ms (cache hit)
1346 http cache aria-hidden@https://registry.npmjs.org/aria-hidden/-/aria-hidden-1.2.6.tgz 0ms (cache hit)
1347 http cache anymatch@https://registry.npmjs.org/anymatch/-/anymatch-3.1.3.tgz 0ms (cache hit)
1348 http cache ansi-styles@https://registry.npmjs.org/ansi-styles/-/ansi-styles-4.3.0.tgz 0ms (cache hit)
1349 http cache ansi-regex@https://registry.npmjs.org/ansi-regex/-/ansi-regex-5.0.1.tgz 0ms (cache hit)
1350 http cache adler-32@https://registry.npmjs.org/adler-32/-/adler-32-1.3.1.tgz 0ms (cache hit)
1351 http cache ajv-keywords@https://registry.npmjs.org/ajv-keywords/-/ajv-keywords-3.5.2.tgz 0ms (cache hit)
1352 http cache ajv-formats@https://registry.npmjs.org/ajv-formats/-/ajv-formats-2.1.1.tgz 0ms (cache hit)
1353 http cache acorn-import-phases@https://registry.npmjs.org/acorn-import-phases/-/acorn-import-phases-1.0.4.tgz 0ms (cache hit)
1354 http cache acorn-jsx@https://registry.npmjs.org/acorn-jsx/-/acorn-jsx-5.3.2.tgz 0ms (cache hit)
1355 http cache ajv@https://registry.npmjs.org/ajv/-/ajv-6.12.6.tgz 0ms (cache hit)
1356 http cache abs-svg-path@https://registry.npmjs.org/abs-svg-path/-/abs-svg-path-0.1.1.tgz 0ms (cache hit)
1357 http cache acorn@https://registry.npmjs.org/acorn/-/acorn-8.15.0.tgz 0ms (cache hit)
1358 http cache @yarnpkg/lockfile@https://registry.npmjs.org/@yarnpkg/lockfile/-/lockfile-1.1.0.tgz 0ms (cache hit)
1359 http cache @xtuc/long@https://registry.npmjs.org/@xtuc/long/-/long-4.2.2.tgz 0ms (cache hit)
1360 http cache @xtuc/ieee754@https://registry.npmjs.org/@xtuc/ieee754/-/ieee754-1.2.0.tgz 0ms (cache hit)
1361 http cache @webassemblyjs/wast-printer@https://registry.npmjs.org/@webassemblyjs/wast-printer/-/wast-printer-1.14.1.tgz 0ms (cache hit)
1362 http cache @webassemblyjs/wasm-parser@https://registry.npmjs.org/@webassemblyjs/wasm-parser/-/wasm-parser-1.14.1.tgz 0ms (cache hit)
1363 http cache @webassemblyjs/wasm-gen@https://registry.npmjs.org/@webassemblyjs/wasm-gen/-/wasm-gen-1.14.1.tgz 0ms (cache hit)
1364 http cache @webassemblyjs/wasm-opt@https://registry.npmjs.org/@webassemblyjs/wasm-opt/-/wasm-opt-1.14.1.tgz 0ms (cache hit)
1365 http cache @webassemblyjs/wasm-edit@https://registry.npmjs.org/@webassemblyjs/wasm-edit/-/wasm-edit-1.14.1.tgz 0ms (cache hit)
1366 http cache @webassemblyjs/utf8@https://registry.npmjs.org/@webassemblyjs/utf8/-/utf8-1.13.2.tgz 0ms (cache hit)
1367 http cache @webassemblyjs/leb128@https://registry.npmjs.org/@webassemblyjs/leb128/-/leb128-1.13.2.tgz 0ms (cache hit)
1368 http cache @webassemblyjs/ieee754@https://registry.npmjs.org/@webassemblyjs/ieee754/-/ieee754-1.13.2.tgz 0ms (cache hit)
1369 http cache @webassemblyjs/helper-wasm-section@https://registry.npmjs.org/@webassemblyjs/helper-wasm-section/-/helper-wasm-section-1.14.1.tgz 0ms (cache hit)
1370 http cache @webassemblyjs/helper-wasm-bytecode@https://registry.npmjs.org/@webassemblyjs/helper-wasm-bytecode/-/helper-wasm-bytecode-1.13.2.tgz 0ms (cache hit)
1371 http cache @webassemblyjs/helper-numbers@https://registry.npmjs.org/@webassemblyjs/helper-numbers/-/helper-numbers-1.13.2.tgz 0ms (cache hit)
1372 http cache @webassemblyjs/helper-buffer@https://registry.npmjs.org/@webassemblyjs/helper-buffer/-/helper-buffer-1.14.1.tgz 0ms (cache hit)
1373 http cache @webassemblyjs/helper-api-error@https://registry.npmjs.org/@webassemblyjs/helper-api-error/-/helper-api-error-1.13.2.tgz 0ms (cache hit)
1374 http cache @webassemblyjs/floating-point-hex-parser@https://registry.npmjs.org/@webassemblyjs/floating-point-hex-parser/-/floating-point-hex-parser-1.13.2.tgz 0ms (cache hit)
1375 http cache @webassemblyjs/ast@https://registry.npmjs.org/@webassemblyjs/ast/-/ast-1.14.1.tgz 0ms (cache hit)
1376 http cache @ungap/structured-clone@https://registry.npmjs.org/@ungap/structured-clone/-/structured-clone-1.3.0.tgz 0ms (cache hit)
1377 http cache @unrs/resolver-binding-darwin-x64@https://registry.npmjs.org/@unrs/resolver-binding-darwin-x64/-/resolver-binding-darwin-x64-1.11.1.tgz 0ms (cache hit)
1378 http cache @typescript-eslint/visitor-keys@https://registry.npmjs.org/@typescript-eslint/visitor-keys/-/visitor-keys-7.2.0.tgz 0ms (cache hit)
1379 http cache @typescript-eslint/scope-manager@https://registry.npmjs.org/@typescript-eslint/scope-manager/-/scope-manager-7.2.0.tgz 0ms (cache hit)
1380 http cache @typescript-eslint/types@https://registry.npmjs.org/@typescript-eslint/types/-/types-7.2.0.tgz 0ms (cache hit)
1381 http cache @typescript-eslint/typescript-estree@https://registry.npmjs.org/@typescript-eslint/typescript-estree/-/typescript-estree-7.2.0.tgz 0ms (cache hit)
1382 http cache @typescript-eslint/parser@https://registry.npmjs.org/@typescript-eslint/parser/-/parser-7.2.0.tgz 0ms (cache hit)
1383 http cache @types/uuid@https://registry.npmjs.org/@types/uuid/-/uuid-10.0.0.tgz 0ms (cache hit)
1384 http cache @types/unist@https://registry.npmjs.org/@types/unist/-/unist-3.0.3.tgz 0ms (cache hit)
1385 http cache @types/tough-cookie@https://registry.npmjs.org/@types/tough-cookie/-/tough-cookie-4.0.5.tgz 0ms (cache hit)
1386 http cache @types/request@https://registry.npmjs.org/@types/request/-/request-2.48.13.tgz 0ms (cache hit)
1387 http cache @types/react-pdf@https://registry.npmjs.org/@types/react-pdf/-/react-pdf-7.0.0.tgz 0ms (cache hit)
1388 http cache @types/react@https://registry.npmjs.org/@types/react/-/react-18.3.26.tgz 0ms (cache hit)
1389 http cache @types/react-dom@https://registry.npmjs.org/@types/react-dom/-/react-dom-18.3.7.tgz 1ms (cache hit)
1390 http cache @types/node-telegram-bot-api@https://registry.npmjs.org/@types/node-telegram-bot-api/-/node-telegram-bot-api-0.64.11.tgz 0ms (cache hit)
1391 http cache @types/prop-types@https://registry.npmjs.org/@types/prop-types/-/prop-types-15.7.15.tgz 0ms (cache hit)
1392 http cache @types/node@https://registry.npmjs.org/@types/node/-/node-20.19.23.tgz 0ms (cache hit)
1393 http cache @types/ms@https://registry.npmjs.org/@types/ms/-/ms-2.1.0.tgz 0ms (cache hit)
1394 http cache @types/mdast@https://registry.npmjs.org/@types/mdast/-/mdast-4.0.4.tgz 0ms (cache hit)
1395 http cache @types/lodash@https://registry.npmjs.org/@types/lodash/-/lodash-4.17.20.tgz 0ms (cache hit)
1396 http cache @types/json-schema@https://registry.npmjs.org/@types/json-schema/-/json-schema-7.0.15.tgz 0ms (cache hit)
1397 http cache @types/json5@https://registry.npmjs.org/@types/json5/-/json5-0.0.29.tgz 0ms (cache hit)
1398 http cache @types/hast@https://registry.npmjs.org/@types/hast/-/hast-3.0.4.tgz 0ms (cache hit)
1399 http cache @types/file-saver@https://registry.npmjs.org/@types/file-saver/-/file-saver-2.0.7.tgz 0ms (cache hit)
1400 http cache @types/estree-jsx@https://registry.npmjs.org/@types/estree-jsx/-/estree-jsx-1.0.5.tgz 0ms (cache hit)
1401 http cache @types/estree@https://registry.npmjs.org/@types/estree/-/estree-1.0.8.tgz 0ms (cache hit)
1402 http cache @types/eslint@https://registry.npmjs.org/@types/eslint/-/eslint-9.6.1.tgz 0ms (cache hit)
1403 http cache @types/eslint-scope@https://registry.npmjs.org/@types/eslint-scope/-/eslint-scope-3.7.7.tgz 0ms (cache hit)
1404 http cache @types/debug@https://registry.npmjs.org/@types/debug/-/debug-4.1.12.tgz 0ms (cache hit)
1405 http cache @types/d3-timer@https://registry.npmjs.org/@types/d3-timer/-/d3-timer-3.0.2.tgz 0ms (cache hit)
1406 http cache @types/d3-time@https://registry.npmjs.org/@types/d3-time/-/d3-time-3.0.4.tgz 0ms (cache hit)
1407 http cache @types/d3-shape@https://registry.npmjs.org/@types/d3-shape/-/d3-shape-3.1.7.tgz 0ms (cache hit)
1408 http cache @types/d3-scale@https://registry.npmjs.org/@types/d3-scale/-/d3-scale-4.0.9.tgz 0ms (cache hit)
1409 http cache @types/d3-path@https://registry.npmjs.org/@types/d3-path/-/d3-path-3.1.1.tgz 0ms (cache hit)
1410 http cache @types/d3-interpolate@https://registry.npmjs.org/@types/d3-interpolate/-/d3-interpolate-3.0.4.tgz 0ms (cache hit)
1411 http cache @types/d3-ease@https://registry.npmjs.org/@types/d3-ease/-/d3-ease-3.0.2.tgz 0ms (cache hit)
1412 http cache @types/d3-color@https://registry.npmjs.org/@types/d3-color/-/d3-color-3.1.3.tgz 0ms (cache hit)
1413 http cache @types/d3-array@https://registry.npmjs.org/@types/d3-array/-/d3-array-3.2.2.tgz 0ms (cache hit)
1414 http cache @types/caseless@https://registry.npmjs.org/@types/caseless/-/caseless-0.12.5.tgz 0ms (cache hit)
1415 http cache @telegram-apps/types@https://registry.npmjs.org/@telegram-apps/types/-/types-2.0.3.tgz 0ms (cache hit)
1416 http cache @telegram-apps/toolkit@https://registry.npmjs.org/@telegram-apps/toolkit/-/toolkit-2.1.3.tgz 0ms (cache hit)
1417 http cache @telegram-apps/transformers@https://registry.npmjs.org/@telegram-apps/transformers/-/transformers-2.2.6.tgz 0ms (cache hit)
1418 http cache @telegram-apps/init-data-node@https://registry.npmjs.org/@telegram-apps/init-data-node/-/init-data-node-2.0.10.tgz 0ms (cache hit)
1419 http cache @tanstack/react-query@https://registry.npmjs.org/@tanstack/react-query/-/react-query-5.90.5.tgz 0ms (cache hit)
1420 http cache @tanstack/query-core@https://registry.npmjs.org/@tanstack/query-core/-/query-core-5.90.5.tgz 0ms (cache hit)
1421 http cache @tabler/icons-react@https://registry.npmjs.org/@tabler/icons-react/-/icons-react-3.35.0.tgz 1ms (cache hit)
1422 http cache @tailwindcss/typography@https://registry.npmjs.org/@tailwindcss/typography/-/typography-0.5.19.tgz 0ms (cache hit)
1423 http cache @tabler/icons@https://registry.npmjs.org/@tabler/icons/-/icons-3.35.0.tgz 0ms (cache hit)
1424 http cache @swc/helpers@https://registry.npmjs.org/@swc/helpers/-/helpers-0.5.17.tgz 0ms (cache hit)
1425 http cache @swc/counter@https://registry.npmjs.org/@swc/counter/-/counter-0.1.3.tgz 0ms (cache hit)
1426 http cache @smithy/uuid@https://registry.npmjs.org/@smithy/uuid/-/uuid-1.1.0.tgz 0ms (cache hit)
1427 http cache @smithy/util-waiter@https://registry.npmjs.org/@smithy/util-waiter/-/util-waiter-4.2.4.tgz 0ms (cache hit)
1428 http cache @smithy/util-uri-escape@https://registry.npmjs.org/@smithy/util-uri-escape/-/util-uri-escape-4.2.0.tgz 0ms (cache hit)
1429 http cache @smithy/util-stream@https://registry.npmjs.org/@smithy/util-stream/-/util-stream-4.5.5.tgz 0ms (cache hit)
1430 http cache @smithy/util-utf8@https://registry.npmjs.org/@smithy/util-utf8/-/util-utf8-4.2.0.tgz 0ms (cache hit)
1431 http cache @smithy/util-retry@https://registry.npmjs.org/@smithy/util-retry/-/util-retry-4.2.4.tgz 0ms (cache hit)
1432 http cache @smithy/util-middleware@https://registry.npmjs.org/@smithy/util-middleware/-/util-middleware-4.2.4.tgz 0ms (cache hit)
1433 http cache @smithy/util-endpoints@https://registry.npmjs.org/@smithy/util-endpoints/-/util-endpoints-3.2.4.tgz 0ms (cache hit)
1434 http cache @smithy/util-hex-encoding@https://registry.npmjs.org/@smithy/util-hex-encoding/-/util-hex-encoding-4.2.0.tgz 0ms (cache hit)
1435 http cache @smithy/util-defaults-mode-node@https://registry.npmjs.org/@smithy/util-defaults-mode-node/-/util-defaults-mode-node-4.2.8.tgz 0ms (cache hit)
1436 http cache @smithy/util-defaults-mode-browser@https://registry.npmjs.org/@smithy/util-defaults-mode-browser/-/util-defaults-mode-browser-4.3.5.tgz 0ms (cache hit)
1437 http cache @smithy/util-config-provider@https://registry.npmjs.org/@smithy/util-config-provider/-/util-config-provider-4.2.0.tgz 0ms (cache hit)
1438 http cache @smithy/util-body-length-node@https://registry.npmjs.org/@smithy/util-body-length-node/-/util-body-length-node-4.2.1.tgz 0ms (cache hit)
1439 http cache @smithy/util-buffer-from@https://registry.npmjs.org/@smithy/util-buffer-from/-/util-buffer-from-4.2.0.tgz 0ms (cache hit)
1440 http cache @smithy/util-body-length-browser@https://registry.npmjs.org/@smithy/util-body-length-browser/-/util-body-length-browser-4.2.0.tgz 0ms (cache hit)
1441 http cache @smithy/url-parser@https://registry.npmjs.org/@smithy/url-parser/-/url-parser-4.2.4.tgz 0ms (cache hit)
1442 http cache @smithy/util-base64@https://registry.npmjs.org/@smithy/util-base64/-/util-base64-4.3.0.tgz 0ms (cache hit)
1443 http cache @smithy/types@https://registry.npmjs.org/@smithy/types/-/types-4.8.1.tgz 0ms (cache hit)
1444 http cache @smithy/smithy-client@https://registry.npmjs.org/@smithy/smithy-client/-/smithy-client-4.9.2.tgz 0ms (cache hit)
1445 http cache @smithy/signature-v4@https://registry.npmjs.org/@smithy/signature-v4/-/signature-v4-5.3.4.tgz 0ms (cache hit)
1446 http cache @smithy/service-error-classification@https://registry.npmjs.org/@smithy/service-error-classification/-/service-error-classification-4.2.4.tgz 0ms (cache hit)
1447 http cache @smithy/querystring-parser@https://registry.npmjs.org/@smithy/querystring-parser/-/querystring-parser-4.2.4.tgz 0ms (cache hit)
1448 http cache @smithy/shared-ini-file-loader@https://registry.npmjs.org/@smithy/shared-ini-file-loader/-/shared-ini-file-loader-4.3.4.tgz 0ms (cache hit)
1449 http cache @smithy/querystring-builder@https://registry.npmjs.org/@smithy/querystring-builder/-/querystring-builder-4.2.4.tgz 0ms (cache hit)
1450 http cache @smithy/protocol-http@https://registry.npmjs.org/@smithy/protocol-http/-/protocol-http-5.3.4.tgz 0ms (cache hit)
1451 http cache @smithy/node-http-handler@https://registry.npmjs.org/@smithy/node-http-handler/-/node-http-handler-4.4.4.tgz 1ms (cache hit)
1452 http cache @smithy/property-provider@https://registry.npmjs.org/@smithy/property-provider/-/property-provider-4.2.4.tgz 0ms (cache hit)
1453 http cache @smithy/node-config-provider@https://registry.npmjs.org/@smithy/node-config-provider/-/node-config-provider-4.3.4.tgz 0ms (cache hit)
1454 http cache @smithy/middleware-stack@https://registry.npmjs.org/@smithy/middleware-stack/-/middleware-stack-4.2.4.tgz 0ms (cache hit)
1455 http cache @smithy/middleware-retry@https://registry.npmjs.org/@smithy/middleware-retry/-/middleware-retry-4.4.6.tgz 0ms (cache hit)
1456 http cache @smithy/middleware-serde@https://registry.npmjs.org/@smithy/middleware-serde/-/middleware-serde-4.2.4.tgz 0ms (cache hit)
1457 http cache @smithy/middleware-endpoint@https://registry.npmjs.org/@smithy/middleware-endpoint/-/middleware-endpoint-4.3.6.tgz 0ms (cache hit)
1458 http cache @smithy/middleware-content-length@https://registry.npmjs.org/@smithy/middleware-content-length/-/middleware-content-length-4.2.4.tgz 0ms (cache hit)
1459 http cache @smithy/is-array-buffer@https://registry.npmjs.org/@smithy/is-array-buffer/-/is-array-buffer-4.2.0.tgz 0ms (cache hit)
1460 http cache @smithy/md5-js@https://registry.npmjs.org/@smithy/md5-js/-/md5-js-4.2.4.tgz 0ms (cache hit)
1461 http cache @smithy/invalid-dependency@https://registry.npmjs.org/@smithy/invalid-dependency/-/invalid-dependency-4.2.4.tgz 0ms (cache hit)
1462 http cache @smithy/hash-stream-node@https://registry.npmjs.org/@smithy/hash-stream-node/-/hash-stream-node-4.2.4.tgz 0ms (cache hit)
1463 http cache @smithy/hash-blob-browser@https://registry.npmjs.org/@smithy/hash-blob-browser/-/hash-blob-browser-4.2.5.tgz 0ms (cache hit)
1464 http cache @smithy/fetch-http-handler@https://registry.npmjs.org/@smithy/fetch-http-handler/-/fetch-http-handler-5.3.5.tgz 0ms (cache hit)
1465 http cache @smithy/hash-node@https://registry.npmjs.org/@smithy/hash-node/-/hash-node-4.2.4.tgz 0ms (cache hit)
1466 http cache @smithy/eventstream-serde-universal@https://registry.npmjs.org/@smithy/eventstream-serde-universal/-/eventstream-serde-universal-4.2.4.tgz 0ms (cache hit)
1467 http cache @smithy/eventstream-serde-config-resolver@https://registry.npmjs.org/@smithy/eventstream-serde-config-resolver/-/eventstream-serde-config-resolver-4.3.4.tgz 0ms (cache hit)
1468 http cache @smithy/eventstream-serde-node@https://registry.npmjs.org/@smithy/eventstream-serde-node/-/eventstream-serde-node-4.2.4.tgz 0ms (cache hit)
1469 http cache @smithy/eventstream-serde-browser@https://registry.npmjs.org/@smithy/eventstream-serde-browser/-/eventstream-serde-browser-4.2.4.tgz 0ms (cache hit)
1470 http cache @smithy/eventstream-codec@https://registry.npmjs.org/@smithy/eventstream-codec/-/eventstream-codec-4.2.4.tgz 0ms (cache hit)
1471 http cache @smithy/config-resolver@https://registry.npmjs.org/@smithy/config-resolver/-/config-resolver-4.4.2.tgz 0ms (cache hit)
1472 http cache @smithy/core@https://registry.npmjs.org/@smithy/core/-/core-3.17.2.tgz 1ms (cache hit)
1473 http cache @smithy/credential-provider-imds@https://registry.npmjs.org/@smithy/credential-provider-imds/-/credential-provider-imds-4.2.4.tgz 0ms (cache hit)
1474 http cache @smithy/chunked-blob-reader-native@https://registry.npmjs.org/@smithy/chunked-blob-reader-native/-/chunked-blob-reader-native-4.2.1.tgz 0ms (cache hit)
1475 http cache @smithy/chunked-blob-reader@https://registry.npmjs.org/@smithy/chunked-blob-reader/-/chunked-blob-reader-5.2.0.tgz 0ms (cache hit)
1476 http cache @smithy/abort-controller@https://registry.npmjs.org/@smithy/abort-controller/-/abort-controller-4.2.4.tgz 0ms (cache hit)
1477 http cache @rushstack/eslint-patch@https://registry.npmjs.org/@rushstack/eslint-patch/-/eslint-patch-1.14.0.tgz 0ms (cache hit)
1478 http cache @rtsao/scc@https://registry.npmjs.org/@rtsao/scc/-/scc-1.1.0.tgz 0ms (cache hit)
1479 http cache @react-pdf/types@https://registry.npmjs.org/@react-pdf/types/-/types-2.9.1.tgz 0ms (cache hit)
1480 http cache @react-pdf/textkit@https://registry.npmjs.org/@react-pdf/textkit/-/textkit-4.4.1.tgz 0ms (cache hit)
1481 http cache @react-pdf/stylesheet@https://registry.npmjs.org/@react-pdf/stylesheet/-/stylesheet-4.3.0.tgz 0ms (cache hit)
1482 http cache @react-pdf/renderer@https://registry.npmjs.org/@react-pdf/renderer/-/renderer-3.4.5.tgz 0ms (cache hit)
1483 http cache @react-pdf/primitives@https://registry.npmjs.org/@react-pdf/primitives/-/primitives-3.1.1.tgz 0ms (cache hit)
1484 http cache @react-pdf/render@https://registry.npmjs.org/@react-pdf/render/-/render-3.5.0.tgz 0ms (cache hit)
1485 http cache @react-pdf/pdfkit@https://registry.npmjs.org/@react-pdf/pdfkit/-/pdfkit-3.2.0.tgz 0ms (cache hit)
1486 http cache @react-pdf/layout@https://registry.npmjs.org/@react-pdf/layout/-/layout-3.13.0.tgz 0ms (cache hit)
1487 http cache @react-pdf/image@https://registry.npmjs.org/@react-pdf/image/-/image-2.3.6.tgz 0ms (cache hit)
1488 http cache @react-pdf/fns@https://registry.npmjs.org/@react-pdf/fns/-/fns-2.2.1.tgz 0ms (cache hit)
1489 http cache @radix-ui/rect@https://registry.npmjs.org/@radix-ui/rect/-/rect-1.1.1.tgz 0ms (cache hit)
1490 http cache @radix-ui/react-visually-hidden@https://registry.npmjs.org/@radix-ui/react-visually-hidden/-/react-visually-hidden-1.2.3.tgz 0ms (cache hit)
1491 http cache @react-pdf/png-js@https://registry.npmjs.org/@react-pdf/png-js/-/png-js-2.3.1.tgz 0ms (cache hit)
1492 http cache @radix-ui/react-use-size@https://registry.npmjs.org/@radix-ui/react-use-size/-/react-use-size-1.1.1.tgz 0ms (cache hit)
1493 http cache @radix-ui/react-use-previous@https://registry.npmjs.org/@radix-ui/react-use-previous/-/react-use-previous-1.1.1.tgz 0ms (cache hit)
1494 http cache @radix-ui/react-use-rect@https://registry.npmjs.org/@radix-ui/react-use-rect/-/react-use-rect-1.1.1.tgz 0ms (cache hit)
1495 http cache @radix-ui/react-use-layout-effect@https://registry.npmjs.org/@radix-ui/react-use-layout-effect/-/react-use-layout-effect-1.1.1.tgz 0ms (cache hit)
1496 http cache @radix-ui/react-use-escape-keydown@https://registry.npmjs.org/@radix-ui/react-use-escape-keydown/-/react-use-escape-keydown-1.1.1.tgz 0ms (cache hit)
1497 http cache @radix-ui/react-use-is-hydrated@https://registry.npmjs.org/@radix-ui/react-use-is-hydrated/-/react-use-is-hydrated-0.1.0.tgz 0ms (cache hit)
1498 http cache @radix-ui/react-use-effect-event@https://registry.npmjs.org/@radix-ui/react-use-effect-event/-/react-use-effect-event-0.0.2.tgz 0ms (cache hit)
1499 http cache @react-pdf/font@https://registry.npmjs.org/@react-pdf/font/-/font-2.5.2.tgz 0ms (cache hit)
1500 http cache @radix-ui/react-use-controllable-state@https://registry.npmjs.org/@radix-ui/react-use-controllable-state/-/react-use-controllable-state-1.2.2.tgz 0ms (cache hit)
1501 http cache @radix-ui/react-use-callback-ref@https://registry.npmjs.org/@radix-ui/react-use-callback-ref/-/react-use-callback-ref-1.1.1.tgz 0ms (cache hit)
1502 http cache @radix-ui/react-tooltip@https://registry.npmjs.org/@radix-ui/react-tooltip/-/react-tooltip-1.2.8.tgz 0ms (cache hit)
1503 http cache @radix-ui/react-toast@https://registry.npmjs.org/@radix-ui/react-toast/-/react-toast-1.2.15.tgz 0ms (cache hit)
1504 http cache @radix-ui/react-tabs@https://registry.npmjs.org/@radix-ui/react-tabs/-/react-tabs-1.1.13.tgz 0ms (cache hit)
1505 http cache @radix-ui/react-switch@https://registry.npmjs.org/@radix-ui/react-switch/-/react-switch-1.2.6.tgz 0ms (cache hit)
1506 http cache @radix-ui/react-slider@https://registry.npmjs.org/@radix-ui/react-slider/-/react-slider-1.3.6.tgz 0ms (cache hit)
1507 http cache @radix-ui/react-slot@https://registry.npmjs.org/@radix-ui/react-slot/-/react-slot-1.2.3.tgz 0ms (cache hit)
1508 http cache @radix-ui/react-separator@https://registry.npmjs.org/@radix-ui/react-separator/-/react-separator-1.1.7.tgz 0ms (cache hit)
1509 http cache @radix-ui/react-select@https://registry.npmjs.org/@radix-ui/react-select/-/react-select-2.2.6.tgz 0ms (cache hit)
1510 http cache @radix-ui/react-scroll-area@https://registry.npmjs.org/@radix-ui/react-scroll-area/-/react-scroll-area-1.2.10.tgz 0ms (cache hit)
1511 http cache @radix-ui/react-roving-focus@https://registry.npmjs.org/@radix-ui/react-roving-focus/-/react-roving-focus-1.1.11.tgz 0ms (cache hit)
1512 http cache @radix-ui/react-radio-group@https://registry.npmjs.org/@radix-ui/react-radio-group/-/react-radio-group-1.3.8.tgz 0ms (cache hit)
1513 http cache @radix-ui/react-progress@https://registry.npmjs.org/@radix-ui/react-progress/-/react-progress-1.1.7.tgz 0ms (cache hit)
1514 http cache @radix-ui/react-presence@https://registry.npmjs.org/@radix-ui/react-presence/-/react-presence-1.1.5.tgz 0ms (cache hit)
1515 http cache @radix-ui/react-portal@https://registry.npmjs.org/@radix-ui/react-portal/-/react-portal-1.1.9.tgz 0ms (cache hit)
1516 http cache @radix-ui/react-popper@https://registry.npmjs.org/@radix-ui/react-popper/-/react-popper-1.2.8.tgz 0ms (cache hit)
1517 http cache @radix-ui/react-menubar@https://registry.npmjs.org/@radix-ui/react-menubar/-/react-menubar-1.1.16.tgz 0ms (cache hit)
1518 http cache @radix-ui/react-popover@https://registry.npmjs.org/@radix-ui/react-popover/-/react-popover-1.1.15.tgz 0ms (cache hit)
1519 http cache @radix-ui/react-label@https://registry.npmjs.org/@radix-ui/react-label/-/react-label-2.1.7.tgz 0ms (cache hit)
1520 http cache @radix-ui/react-menu@https://registry.npmjs.org/@radix-ui/react-menu/-/react-menu-2.1.16.tgz 0ms (cache hit)
1521 http cache @radix-ui/react-id@https://registry.npmjs.org/@radix-ui/react-id/-/react-id-1.1.1.tgz 0ms (cache hit)
1522 http cache @radix-ui/react-focus-scope@https://registry.npmjs.org/@radix-ui/react-focus-scope/-/react-focus-scope-1.1.7.tgz 0ms (cache hit)
1523 http cache @radix-ui/react-focus-guards@https://registry.npmjs.org/@radix-ui/react-focus-guards/-/react-focus-guards-1.1.3.tgz 0ms (cache hit)
1524 http cache @radix-ui/react-dropdown-menu@https://registry.npmjs.org/@radix-ui/react-dropdown-menu/-/react-dropdown-menu-2.1.16.tgz 0ms (cache hit)
1525 http cache @radix-ui/react-dismissable-layer@https://registry.npmjs.org/@radix-ui/react-dismissable-layer/-/react-dismissable-layer-1.1.11.tgz 0ms (cache hit)
1526 http cache @radix-ui/react-primitive@https://registry.npmjs.org/@radix-ui/react-primitive/-/react-primitive-2.1.3.tgz 0ms (cache hit)
1527 http cache @radix-ui/react-direction@https://registry.npmjs.org/@radix-ui/react-direction/-/react-direction-1.1.1.tgz 0ms (cache hit)
1528 http cache @radix-ui/react-dialog@https://registry.npmjs.org/@radix-ui/react-dialog/-/react-dialog-1.1.15.tgz 0ms (cache hit)
1529 http cache @radix-ui/react-context@https://registry.npmjs.org/@radix-ui/react-context/-/react-context-1.1.2.tgz 0ms (cache hit)
1530 http cache @radix-ui/react-collection@https://registry.npmjs.org/@radix-ui/react-collection/-/react-collection-1.1.7.tgz 0ms (cache hit)
1531 http cache @radix-ui/react-compose-refs@https://registry.npmjs.org/@radix-ui/react-compose-refs/-/react-compose-refs-1.1.2.tgz 0ms (cache hit)
1532 http cache @radix-ui/react-collapsible@https://registry.npmjs.org/@radix-ui/react-collapsible/-/react-collapsible-1.1.12.tgz 0ms (cache hit)
1533 http cache @radix-ui/react-checkbox@https://registry.npmjs.org/@radix-ui/react-checkbox/-/react-checkbox-1.3.3.tgz 0ms (cache hit)
1534 http cache @radix-ui/react-arrow@https://registry.npmjs.org/@radix-ui/react-arrow/-/react-arrow-1.1.7.tgz 0ms (cache hit)
1535 http cache @radix-ui/react-alert-dialog@https://registry.npmjs.org/@radix-ui/react-alert-dialog/-/react-alert-dialog-1.1.15.tgz 0ms (cache hit)
1536 http cache @radix-ui/primitive@https://registry.npmjs.org/@radix-ui/primitive/-/primitive-1.1.3.tgz 0ms (cache hit)
1537 http cache @radix-ui/number@https://registry.npmjs.org/@radix-ui/number/-/number-1.1.1.tgz 0ms (cache hit)
1538 http cache @protobufjs/utf8@https://registry.npmjs.org/@protobufjs/utf8/-/utf8-1.1.0.tgz 0ms (cache hit)
1539 http cache @radix-ui/react-avatar@https://registry.npmjs.org/@radix-ui/react-avatar/-/react-avatar-1.1.10.tgz 0ms (cache hit)
1540 http cache @protobufjs/path@https://registry.npmjs.org/@protobufjs/path/-/path-1.1.2.tgz 0ms (cache hit)
1541 http cache @protobufjs/inquire@https://registry.npmjs.org/@protobufjs/inquire/-/inquire-1.1.0.tgz 0ms (cache hit)
1542 http cache @protobufjs/pool@https://registry.npmjs.org/@protobufjs/pool/-/pool-1.1.0.tgz 0ms (cache hit)
1543 http cache @protobufjs/float@https://registry.npmjs.org/@protobufjs/float/-/float-1.0.2.tgz 0ms (cache hit)
1544 http cache @protobufjs/fetch@https://registry.npmjs.org/@protobufjs/fetch/-/fetch-1.1.0.tgz 0ms (cache hit)
1545 http cache @protobufjs/eventemitter@https://registry.npmjs.org/@protobufjs/eventemitter/-/eventemitter-1.1.0.tgz 0ms (cache hit)
1546 http cache @protobufjs/codegen@https://registry.npmjs.org/@protobufjs/codegen/-/codegen-2.0.4.tgz 0ms (cache hit)
1547 http cache @protobufjs/base64@https://registry.npmjs.org/@protobufjs/base64/-/base64-1.1.2.tgz 0ms (cache hit)
1548 http cache @pkgjs/parseargs@https://registry.npmjs.org/@pkgjs/parseargs/-/parseargs-0.11.0.tgz 0ms (cache hit)
1549 http cache @pdf-lib/upng@https://registry.npmjs.org/@pdf-lib/upng/-/upng-1.0.1.tgz 0ms (cache hit)
1550 http cache @radix-ui/react-accordion@https://registry.npmjs.org/@radix-ui/react-accordion/-/react-accordion-1.2.12.tgz 0ms (cache hit)
1551 http cache @protobufjs/aspromise@https://registry.npmjs.org/@protobufjs/aspromise/-/aspromise-1.1.2.tgz 0ms (cache hit)
1552 http cache @nolyfill/is-core-module@https://registry.npmjs.org/@nolyfill/is-core-module/-/is-core-module-1.0.39.tgz 0ms (cache hit)
1553 http cache @nodelib/fs.walk@https://registry.npmjs.org/@nodelib/fs.walk/-/fs.walk-1.2.8.tgz 0ms (cache hit)
1554 http cache @nodelib/fs.stat@https://registry.npmjs.org/@nodelib/fs.stat/-/fs.stat-2.0.5.tgz 0ms (cache hit)
1555 http cache @next/eslint-plugin-next@https://registry.npmjs.org/@next/eslint-plugin-next/-/eslint-plugin-next-14.2.5.tgz 0ms (cache hit)
1556 http cache @nodelib/fs.scandir@https://registry.npmjs.org/@nodelib/fs.scandir/-/fs.scandir-2.1.5.tgz 0ms (cache hit)
1557 http cache @next/swc-darwin-x64@https://registry.npmjs.org/@next/swc-darwin-x64/-/swc-darwin-x64-14.2.33.tgz 0ms (cache hit)
1558 http cache @next/env@https://registry.npmjs.org/@next/env/-/env-14.2.35.tgz 0ms (cache hit)
1559 http cache @napi-rs/canvas@https://registry.npmjs.org/@napi-rs/canvas/-/canvas-0.1.80.tgz 0ms (cache hit)
1560 http cache @pdf-lib/standard-fonts@https://registry.npmjs.org/@pdf-lib/standard-fonts/-/standard-fonts-1.0.0.tgz 0ms (cache hit)
1561 http cache @napi-rs/canvas-darwin-x64@https://registry.npmjs.org/@napi-rs/canvas-darwin-x64/-/canvas-darwin-x64-0.1.80.tgz 0ms (cache hit)
1562 http cache @jridgewell/trace-mapping@https://registry.npmjs.org/@jridgewell/trace-mapping/-/trace-mapping-0.3.31.tgz 0ms (cache hit)
1563 http cache @jridgewell/resolve-uri@https://registry.npmjs.org/@jridgewell/resolve-uri/-/resolve-uri-3.1.2.tgz 0ms (cache hit)
1564 http cache @jridgewell/sourcemap-codec@https://registry.npmjs.org/@jridgewell/sourcemap-codec/-/sourcemap-codec-1.5.5.tgz 0ms (cache hit)
1565 http cache @jridgewell/source-map@https://registry.npmjs.org/@jridgewell/source-map/-/source-map-0.3.11.tgz 0ms (cache hit)
1566 http cache @jridgewell/gen-mapping@https://registry.npmjs.org/@jridgewell/gen-mapping/-/gen-mapping-0.3.13.tgz 0ms (cache hit)
1567 http cache @isaacs/cliui@https://registry.npmjs.org/@isaacs/cliui/-/cliui-8.0.2.tgz 0ms (cache hit)
1568 http cache @humanwhocodes/module-importer@https://registry.npmjs.org/@humanwhocodes/module-importer/-/module-importer-1.0.1.tgz 0ms (cache hit)
1569 http cache @humanwhocodes/object-schema@https://registry.npmjs.org/@humanwhocodes/object-schema/-/object-schema-2.0.3.tgz 0ms (cache hit)
1570 http cache @humanwhocodes/config-array@https://registry.npmjs.org/@humanwhocodes/config-array/-/config-array-0.13.0.tgz 0ms (cache hit)
1571 http cache @hookform/resolvers@https://registry.npmjs.org/@hookform/resolvers/-/resolvers-3.10.0.tgz 0ms (cache hit)
1572 http cache @grpc/proto-loader@https://registry.npmjs.org/@grpc/proto-loader/-/proto-loader-0.7.15.tgz 0ms (cache hit)
1573 http cache @floating-ui/utils@https://registry.npmjs.org/@floating-ui/utils/-/utils-0.2.10.tgz 0ms (cache hit)
1574 http cache @google/generative-ai@https://registry.npmjs.org/@google/generative-ai/-/generative-ai-0.16.1.tgz 0ms (cache hit)
1575 http cache @floating-ui/react-dom@https://registry.npmjs.org/@floating-ui/react-dom/-/react-dom-2.1.6.tgz 0ms (cache hit)
1576 http cache @floating-ui/dom@https://registry.npmjs.org/@floating-ui/dom/-/dom-1.7.4.tgz 0ms (cache hit)
1577 http cache @floating-ui/core@https://registry.npmjs.org/@floating-ui/core/-/core-1.7.3.tgz 0ms (cache hit)
1578 http cache @firebase/util@https://registry.npmjs.org/@firebase/util/-/util-1.10.0.tgz 0ms (cache hit)
1579 http cache @firebase/logger@https://registry.npmjs.org/@firebase/logger/-/logger-0.4.2.tgz 0ms (cache hit)
1580 http cache @firebase/database-types@https://registry.npmjs.org/@firebase/database-types/-/database-types-1.0.5.tgz 0ms (cache hit)
1581 http cache @firebase/database-compat@https://registry.npmjs.org/@firebase/database-compat/-/database-compat-1.0.8.tgz 0ms (cache hit)
1582 http cache @firebase/component@https://registry.npmjs.org/@firebase/component/-/component-0.6.9.tgz 0ms (cache hit)
1583 http cache @firebase/auth-interop-types@https://registry.npmjs.org/@firebase/auth-interop-types/-/auth-interop-types-0.2.3.tgz 0ms (cache hit)
1584 http cache @firebase/app-types@https://registry.npmjs.org/@firebase/app-types/-/app-types-0.9.2.tgz 0ms (cache hit)
1585 http cache @firebase/app-check-interop-types@https://registry.npmjs.org/@firebase/app-check-interop-types/-/app-check-interop-types-0.3.2.tgz 0ms (cache hit)
1586 http cache @eslint/js@https://registry.npmjs.org/@eslint/js/-/js-8.57.1.tgz 0ms (cache hit)
1587 http cache @eslint/eslintrc@https://registry.npmjs.org/@eslint/eslintrc/-/eslintrc-2.1.4.tgz 0ms (cache hit)
1588 http cache @firebase/database@https://registry.npmjs.org/@firebase/database/-/database-1.0.8.tgz 0ms (cache hit)
1589 http cache @eslint-community/regexpp@https://registry.npmjs.org/@eslint-community/regexpp/-/regexpp-4.12.1.tgz 0ms (cache hit)
1590 http cache @eslint-community/eslint-utils@https://registry.npmjs.org/@eslint-community/eslint-utils/-/eslint-utils-4.9.0.tgz 0ms (cache hit)
1591 http cache @cypress/request-promise@https://registry.npmjs.org/@cypress/request-promise/-/request-promise-5.0.0.tgz 0ms (cache hit)
1592 http cache @cypress/request@https://registry.npmjs.org/@cypress/request/-/request-3.0.9.tgz 0ms (cache hit)
1593 http cache @babel/runtime@https://registry.npmjs.org/@babel/runtime/-/runtime-7.28.4.tgz 0ms (cache hit)
1594 http cache @aws/lambda-invoke-store@https://registry.npmjs.org/@aws/lambda-invoke-store/-/lambda-invoke-store-0.1.1.tgz 0ms (cache hit)
1595 http cache @aws-sdk/xml-builder@https://registry.npmjs.org/@aws-sdk/xml-builder/-/xml-builder-3.921.0.tgz 0ms (cache hit)
1596 http cache @aws-sdk/util-user-agent-node@https://registry.npmjs.org/@aws-sdk/util-user-agent-node/-/util-user-agent-node-3.926.0.tgz 0ms (cache hit)
1597 http cache @aws-sdk/util-user-agent-browser@https://registry.npmjs.org/@aws-sdk/util-user-agent-browser/-/util-user-agent-browser-3.922.0.tgz 0ms (cache hit)
1598 http cache @aws-sdk/util-locate-window@https://registry.npmjs.org/@aws-sdk/util-locate-window/-/util-locate-window-3.893.0.tgz 0ms (cache hit)
1599 http cache @aws-sdk/util-endpoints@https://registry.npmjs.org/@aws-sdk/util-endpoints/-/util-endpoints-3.922.0.tgz 0ms (cache hit)
1600 http cache @aws-sdk/util-format-url@https://registry.npmjs.org/@aws-sdk/util-format-url/-/util-format-url-3.922.0.tgz 0ms (cache hit)
1601 http cache @aws-sdk/util-arn-parser@https://registry.npmjs.org/@aws-sdk/util-arn-parser/-/util-arn-parser-3.893.0.tgz 0ms (cache hit)
1602 http cache @aws-sdk/types@https://registry.npmjs.org/@aws-sdk/types/-/types-3.922.0.tgz 0ms (cache hit)
1603 http cache @aws-sdk/token-providers@https://registry.npmjs.org/@aws-sdk/token-providers/-/token-providers-3.926.0.tgz 0ms (cache hit)
1604 http cache @aws-sdk/signature-v4-multi-region@https://registry.npmjs.org/@aws-sdk/signature-v4-multi-region/-/signature-v4-multi-region-3.926.0.tgz 0ms (cache hit)
1605 http cache @aws-sdk/region-config-resolver@https://registry.npmjs.org/@aws-sdk/region-config-resolver/-/region-config-resolver-3.925.0.tgz 0ms (cache hit)
1606 http cache @aws-sdk/s3-request-presigner@https://registry.npmjs.org/@aws-sdk/s3-request-presigner/-/s3-request-presigner-3.926.0.tgz 0ms (cache hit)
1607 http cache @aws-sdk/nested-clients@https://registry.npmjs.org/@aws-sdk/nested-clients/-/nested-clients-3.926.0.tgz 0ms (cache hit)
1608 http cache @aws-sdk/middleware-user-agent@https://registry.npmjs.org/@aws-sdk/middleware-user-agent/-/middleware-user-agent-3.926.0.tgz 0ms (cache hit)
1609 http cache @aws-sdk/middleware-ssec@https://registry.npmjs.org/@aws-sdk/middleware-ssec/-/middleware-ssec-3.922.0.tgz 0ms (cache hit)
1610 http cache @aws-sdk/middleware-sdk-s3@https://registry.npmjs.org/@aws-sdk/middleware-sdk-s3/-/middleware-sdk-s3-3.926.0.tgz 0ms (cache hit)
1611 http cache @aws-sdk/middleware-recursion-detection@https://registry.npmjs.org/@aws-sdk/middleware-recursion-detection/-/middleware-recursion-detection-3.922.0.tgz 0ms (cache hit)
1612 http cache @aws-sdk/middleware-logger@https://registry.npmjs.org/@aws-sdk/middleware-logger/-/middleware-logger-3.922.0.tgz 0ms (cache hit)
1613 http cache @aws-sdk/middleware-location-constraint@https://registry.npmjs.org/@aws-sdk/middleware-location-constraint/-/middleware-location-constraint-3.922.0.tgz 0ms (cache hit)
1614 http cache @aws-sdk/middleware-host-header@https://registry.npmjs.org/@aws-sdk/middleware-host-header/-/middleware-host-header-3.922.0.tgz 0ms (cache hit)
1615 http cache @aws-sdk/middleware-flexible-checksums@https://registry.npmjs.org/@aws-sdk/middleware-flexible-checksums/-/middleware-flexible-checksums-3.926.0.tgz 0ms (cache hit)
1616 http cache @aws-sdk/middleware-expect-continue@https://registry.npmjs.org/@aws-sdk/middleware-expect-continue/-/middleware-expect-continue-3.922.0.tgz 0ms (cache hit)
1617 http cache @aws-sdk/middleware-bucket-endpoint@https://registry.npmjs.org/@aws-sdk/middleware-bucket-endpoint/-/middleware-bucket-endpoint-3.922.0.tgz 0ms (cache hit)
1618 http cache @aws-sdk/credential-provider-sso@https://registry.npmjs.org/@aws-sdk/credential-provider-sso/-/credential-provider-sso-3.926.0.tgz 0ms (cache hit)
1619 http cache @aws-sdk/credential-provider-web-identity@https://registry.npmjs.org/@aws-sdk/credential-provider-web-identity/-/credential-provider-web-identity-3.926.0.tgz 0ms (cache hit)
1620 http cache @aws-sdk/credential-provider-node@https://registry.npmjs.org/@aws-sdk/credential-provider-node/-/credential-provider-node-3.926.0.tgz 0ms (cache hit)
1621 http cache @aws-sdk/credential-provider-process@https://registry.npmjs.org/@aws-sdk/credential-provider-process/-/credential-provider-process-3.926.0.tgz 0ms (cache hit)
1622 http cache @aws-sdk/credential-provider-ini@https://registry.npmjs.org/@aws-sdk/credential-provider-ini/-/credential-provider-ini-3.926.0.tgz 0ms (cache hit)
1623 http cache @aws-sdk/credential-provider-http@https://registry.npmjs.org/@aws-sdk/credential-provider-http/-/credential-provider-http-3.926.0.tgz 0ms (cache hit)
1624 http cache @aws-sdk/credential-provider-env@https://registry.npmjs.org/@aws-sdk/credential-provider-env/-/credential-provider-env-3.926.0.tgz 0ms (cache hit)
1625 http cache @aws-sdk/core@https://registry.npmjs.org/@aws-sdk/core/-/core-3.926.0.tgz 0ms (cache hit)
1626 http cache @aws-sdk/client-sso@https://registry.npmjs.org/@aws-sdk/client-sso/-/client-sso-3.926.0.tgz 0ms (cache hit)
1627 http cache @aws-crypto/util@https://registry.npmjs.org/@aws-crypto/util/-/util-5.2.0.tgz 0ms (cache hit)
1628 http cache @aws-sdk/client-s3@https://registry.npmjs.org/@aws-sdk/client-s3/-/client-s3-3.926.0.tgz 0ms (cache hit)
1629 http cache @aws-crypto/supports-web-crypto@https://registry.npmjs.org/@aws-crypto/supports-web-crypto/-/supports-web-crypto-5.2.0.tgz 0ms (cache hit)
1630 http cache @aws-crypto/sha256-js@https://registry.npmjs.org/@aws-crypto/sha256-js/-/sha256-js-5.2.0.tgz 0ms (cache hit)
1631 http cache @aws-crypto/sha256-browser@https://registry.npmjs.org/@aws-crypto/sha256-browser/-/sha256-browser-5.2.0.tgz 0ms (cache hit)
1632 http cache @aws-crypto/sha1-browser@https://registry.npmjs.org/@aws-crypto/sha1-browser/-/sha1-browser-5.2.0.tgz 0ms (cache hit)
1633 http cache @aws-crypto/crc32c@https://registry.npmjs.org/@aws-crypto/crc32c/-/crc32c-5.2.0.tgz 0ms (cache hit)
1634 http cache @alloc/quick-lru@https://registry.npmjs.org/@alloc/quick-lru/-/quick-lru-5.2.0.tgz 0ms (cache hit)
1635 http cache agent-base@https://registry.npmjs.org/agent-base/-/agent-base-6.0.2.tgz 0ms (cache hit)
1636 http cache object-hash@https://registry.npmjs.org/object-hash/-/object-hash-2.2.0.tgz 0ms (cache hit)
1637 http cache lru-cache@https://registry.npmjs.org/lru-cache/-/lru-cache-6.0.0.tgz 0ms (cache hit)
1638 http cache @aws-crypto/crc32@https://registry.npmjs.org/@aws-crypto/crc32/-/crc32-5.2.0.tgz 0ms (cache hit)
1639 http cache webidl-conversions@https://registry.npmjs.org/webidl-conversions/-/webidl-conversions-7.0.0.tgz 0ms (cache hit)
1640 http cache tr46@https://registry.npmjs.org/tr46/-/tr46-5.1.1.tgz 0ms (cache hit)
1641 http cache whatwg-url@https://registry.npmjs.org/whatwg-url/-/whatwg-url-14.2.0.tgz 0ms (cache hit)
1642 http cache @types/send@https://registry.npmjs.org/@types/send/-/send-0.17.6.tgz 0ms (cache hit)
1643 http cache lru-cache@https://registry.npmjs.org/lru-cache/-/lru-cache-6.0.0.tgz 0ms (cache hit)
1644 http cache agent-base@https://registry.npmjs.org/agent-base/-/agent-base-6.0.2.tgz 0ms (cache hit)
1645 http cache jose@https://registry.npmjs.org/jose/-/jose-4.15.9.tgz 0ms (cache hit)
1646 http cache uuid@https://registry.npmjs.org/uuid/-/uuid-9.0.1.tgz 0ms (cache hit)
1647 http cache https-proxy-agent@https://registry.npmjs.org/https-proxy-agent/-/https-proxy-agent-5.0.1.tgz 0ms (cache hit)
1648 http cache uuid@https://registry.npmjs.org/uuid/-/uuid-9.0.1.tgz 0ms (cache hit)
1649 http cache readable-stream@https://registry.npmjs.org/readable-stream/-/readable-stream-3.6.2.tgz 0ms (cache hit)
1650 http cache @grpc/grpc-js@https://registry.npmjs.org/@grpc/grpc-js/-/grpc-js-1.14.3.tgz 0ms (cache hit)
1651 http cache gcp-metadata@https://registry.npmjs.org/gcp-metadata/-/gcp-metadata-6.1.1.tgz 0ms (cache hit)
1652 http cache uuid@https://registry.npmjs.org/uuid/-/uuid-9.0.1.tgz 0ms (cache hit)
1653 http cache @grpc/proto-loader@https://registry.npmjs.org/@grpc/proto-loader/-/proto-loader-0.8.0.tgz 0ms (cache hit)
1654 http cache uuid@https://registry.npmjs.org/uuid/-/uuid-8.3.2.tgz 0ms (cache hit)
1655 http cache jose@https://registry.npmjs.org/jose/-/jose-4.15.9.tgz 0ms (cache hit)
1656 http cache mime@https://registry.npmjs.org/mime/-/mime-3.0.0.tgz 0ms (cache hit)
1657 http cache uuid@https://registry.npmjs.org/uuid/-/uuid-8.3.2.tgz 0ms (cache hit)
1658 http cache string-width@https://registry.npmjs.org/string-width/-/string-width-4.2.3.tgz 0ms (cache hit)
1659 http cache @types/node@https://registry.npmjs.org/@types/node/-/node-22.19.3.tgz 0ms (cache hit)
1660 http cache jose@https://registry.npmjs.org/jose/-/jose-4.15.9.tgz 0ms (cache hit)
1661 http cache emoji-regex@https://registry.npmjs.org/emoji-regex/-/emoji-regex-8.0.0.tgz 0ms (cache hit)
1662 http cache emoji-regex@https://registry.npmjs.org/emoji-regex/-/emoji-regex-8.0.0.tgz 0ms (cache hit)
1663 http cache string-width@https://registry.npmjs.org/string-width/-/string-width-4.2.3.tgz 0ms (cache hit)
1664 http cache strip-ansi@https://registry.npmjs.org/strip-ansi/-/strip-ansi-7.1.2.tgz 0ms (cache hit)
1665 http cache ansi-styles@https://registry.npmjs.org/ansi-styles/-/ansi-styles-6.2.3.tgz 0ms (cache hit)
1666 http cache ansi-regex@https://registry.npmjs.org/ansi-regex/-/ansi-regex-6.2.2.tgz 0ms (cache hit)
1667 http cache json-schema-traverse@https://registry.npmjs.org/json-schema-traverse/-/json-schema-traverse-1.0.0.tgz 0ms (cache hit)
1668 http cache schema-utils@https://registry.npmjs.org/schema-utils/-/schema-utils-4.3.3.tgz 0ms (cache hit)
1669 http cache estraverse@https://registry.npmjs.org/estraverse/-/estraverse-4.3.0.tgz 0ms (cache hit)
1670 http cache eslint-scope@https://registry.npmjs.org/eslint-scope/-/eslint-scope-5.1.1.tgz 0ms (cache hit)
1671 http cache ajv@https://registry.npmjs.org/ajv/-/ajv-8.17.1.tgz 0ms (cache hit)
1672 http cache core-util-is@https://registry.npmjs.org/core-util-is/-/core-util-is-1.0.2.tgz 0ms (cache hit)
1673 http cache ajv-keywords@https://registry.npmjs.org/ajv-keywords/-/ajv-keywords-5.1.0.tgz 0ms (cache hit)
1674 http cache pako@https://registry.npmjs.org/pako/-/pako-0.2.9.tgz 0ms (cache hit)
1675 http cache fdir@https://registry.npmjs.org/fdir/-/fdir-6.5.0.tgz 0ms (cache hit)
1676 http cache json5@https://registry.npmjs.org/json5/-/json5-1.0.2.tgz 0ms (cache hit)
1677 http cache picomatch@https://registry.npmjs.org/picomatch/-/picomatch-4.0.3.tgz 0ms (cache hit)
1678 http cache json-schema-traverse@https://registry.npmjs.org/json-schema-traverse/-/json-schema-traverse-1.0.0.tgz 0ms (cache hit)
1679 http cache ajv@https://registry.npmjs.org/ajv/-/ajv-8.17.1.tgz 0ms (cache hit)
1680 http cache postcss-selector-parser@https://registry.npmjs.org/postcss-selector-parser/-/postcss-selector-parser-6.1.2.tgz 0ms (cache hit)
1681 http cache ajv-keywords@https://registry.npmjs.org/ajv-keywords/-/ajv-keywords-5.1.0.tgz 0ms (cache hit)
1682 http cache emoji-regex@https://registry.npmjs.org/emoji-regex/-/emoji-regex-8.0.0.tgz 0ms (cache hit)
1683 http cache commander@https://registry.npmjs.org/commander/-/commander-2.20.3.tgz 0ms (cache hit)
1684 http cache strip-ansi@https://registry.npmjs.org/strip-ansi/-/strip-ansi-7.1.2.tgz 0ms (cache hit)
1685 http cache emoji-regex@https://registry.npmjs.org/emoji-regex/-/emoji-regex-9.2.2.tgz 0ms (cache hit)
1686 http cache ansi-regex@https://registry.npmjs.org/ansi-regex/-/ansi-regex-6.2.2.tgz 0ms (cache hit)
1687 http cache glob@https://registry.npmjs.org/glob/-/glob-7.2.3.tgz 0ms (cache hit)
1688 http cache safe-buffer@https://registry.npmjs.org/safe-buffer/-/safe-buffer-5.1.2.tgz 0ms (cache hit)
1689 http cache tough-cookie@https://registry.npmjs.org/tough-cookie/-/tough-cookie-2.5.0.tgz 0ms (cache hit)
1690 http cache uuid@https://registry.npmjs.org/uuid/-/uuid-3.4.0.tgz 0ms (cache hit)
1691 http cache schema-utils@https://registry.npmjs.org/schema-utils/-/schema-utils-4.3.3.tgz 0ms (cache hit)
1692 http cache http-signature@https://registry.npmjs.org/http-signature/-/http-signature-1.2.0.tgz 0ms (cache hit)
1693 http cache qs@https://registry.npmjs.org/qs/-/qs-6.5.3.tgz 0ms (cache hit)
1694 http cache jsprim@https://registry.npmjs.org/jsprim/-/jsprim-1.4.2.tgz 0ms (cache hit)
1695 http cache react-is@https://registry.npmjs.org/react-is/-/react-is-18.3.1.tgz 0ms (cache hit)
1696 http cache eventemitter3@https://registry.npmjs.org/eventemitter3/-/eventemitter3-4.0.7.tgz 0ms (cache hit)
1697 http cache form-data@https://registry.npmjs.org/form-data/-/form-data-2.3.3.tgz 0ms (cache hit)
1698 http cache safe-buffer@https://registry.npmjs.org/safe-buffer/-/safe-buffer-5.1.2.tgz 0ms (cache hit)
1699 http cache isarray@https://registry.npmjs.org/isarray/-/isarray-1.0.0.tgz 0ms (cache hit)
1700 http cache scheduler@https://registry.npmjs.org/scheduler/-/scheduler-0.23.2.tgz 0ms (cache hit)
1701 http cache nanoid@https://registry.npmjs.org/nanoid/-/nanoid-3.3.11.tgz 0ms (cache hit)
1702 http cache tslib@https://registry.npmjs.org/tslib/-/tslib-1.14.1.tgz 0ms (cache hit)
1703 http cache postcss-selector-parser@https://registry.npmjs.org/postcss-selector-parser/-/postcss-selector-parser-6.1.2.tgz 0ms (cache hit)
1704 http cache slash@https://registry.npmjs.org/slash/-/slash-2.0.0.tgz 0ms (cache hit)
1705 http cache debug@https://registry.npmjs.org/debug/-/debug-3.2.7.tgz 0ms (cache hit)
1706 http cache @types/unist@https://registry.npmjs.org/@types/unist/-/unist-2.0.11.tgz 0ms (cache hit)
1707 http cache postcss@https://registry.npmjs.org/postcss/-/postcss-8.4.31.tgz 0ms (cache hit)
1708 http cache nanoid@https://registry.npmjs.org/nanoid/-/nanoid-3.3.11.tgz 0ms (cache hit)
1709 http cache @swc/helpers@https://registry.npmjs.org/@swc/helpers/-/helpers-0.5.5.tgz 0ms (cache hit)
1710 http cache escape-string-regexp@https://registry.npmjs.org/escape-string-regexp/-/escape-string-regexp-5.0.0.tgz 0ms (cache hit)
1711 http cache supports-color@https://registry.npmjs.org/supports-color/-/supports-color-8.1.1.tgz 0ms (cache hit)
1712 http cache base64-js@https://registry.npmjs.org/base64-js/-/base64-js-0.0.8.tgz 0ms (cache hit)
1713 http cache brace-expansion@https://registry.npmjs.org/brace-expansion/-/brace-expansion-2.0.2.tgz 0ms (cache hit)
1714 http cache minimatch@https://registry.npmjs.org/minimatch/-/minimatch-9.0.5.tgz 0ms (cache hit)
1715 http cache doctrine@https://registry.npmjs.org/doctrine/-/doctrine-2.1.0.tgz 0ms (cache hit)
1716 http cache glob-parent@https://registry.npmjs.org/glob-parent/-/glob-parent-5.1.2.tgz 0ms (cache hit)
1717 http cache resolve@https://registry.npmjs.org/resolve/-/resolve-2.0.0-next.5.tgz 0ms (cache hit)
1718 http cache semver@https://registry.npmjs.org/semver/-/semver-6.3.1.tgz 0ms (cache hit)
1719 http cache semver@https://registry.npmjs.org/semver/-/semver-6.3.1.tgz 0ms (cache hit)
1720 http cache emoji-regex@https://registry.npmjs.org/emoji-regex/-/emoji-regex-9.2.2.tgz 0ms (cache hit)
1721 http cache doctrine@https://registry.npmjs.org/doctrine/-/doctrine-2.1.0.tgz 0ms (cache hit)
1722 http cache debug@https://registry.npmjs.org/debug/-/debug-3.2.7.tgz 0ms (cache hit)
1723 http cache debug@https://registry.npmjs.org/debug/-/debug-3.2.7.tgz 0ms (cache hit)
1724 http cache debug@https://registry.npmjs.org/debug/-/debug-3.2.7.tgz 0ms (cache hit)
1725 http cache string-width@https://registry.npmjs.org/string-width/-/string-width-4.2.3.tgz 0ms (cache hit)
1726 http cache wrap-ansi@https://registry.npmjs.org/wrap-ansi/-/wrap-ansi-7.0.0.tgz 0ms (cache hit)
1727 http cache emoji-regex@https://registry.npmjs.org/emoji-regex/-/emoji-regex-8.0.0.tgz 0ms (cache hit)
1728 http cache glob-parent@https://registry.npmjs.org/glob-parent/-/glob-parent-5.1.2.tgz 0ms (cache hit)
1729 http cache form-data@https://registry.npmjs.org/form-data/-/form-data-4.0.4.tgz 0ms (cache hit)
1730 http cache json-schema-traverse@https://registry.npmjs.org/json-schema-traverse/-/json-schema-traverse-1.0.0.tgz 0ms (cache hit)
1731 http cache minimatch@https://registry.npmjs.org/minimatch/-/minimatch-9.0.3.tgz 0ms (cache hit)
1732 http cache brace-expansion@https://registry.npmjs.org/brace-expansion/-/brace-expansion-2.0.2.tgz 0ms (cache hit)
1733 http cache ajv@https://registry.npmjs.org/ajv/-/ajv-8.17.1.tgz 0ms (cache hit)
1734 http cache @react-pdf/stylesheet@https://registry.npmjs.org/@react-pdf/stylesheet/-/stylesheet-6.1.1.tgz 0ms (cache hit)
1735 http cache @react-pdf/png-js@https://registry.npmjs.org/@react-pdf/png-js/-/png-js-3.0.0.tgz 0ms (cache hit)
1736 http cache @react-pdf/font@https://registry.npmjs.org/@react-pdf/font/-/font-4.0.3.tgz 0ms (cache hit)
1737 http cache @react-pdf/pdfkit@https://registry.npmjs.org/@react-pdf/pdfkit/-/pdfkit-4.0.4.tgz 0ms (cache hit)
1738 http cache @react-pdf/primitives@https://registry.npmjs.org/@react-pdf/primitives/-/primitives-4.1.1.tgz 0ms (cache hit)
1739 http cache @react-pdf/fns@https://registry.npmjs.org/@react-pdf/fns/-/fns-3.1.2.tgz 0ms (cache hit)
1740 http cache universalify@https://registry.npmjs.org/universalify/-/universalify-0.2.0.tgz 0ms (cache hit)
1741 http cache ansi-regex@https://registry.npmjs.org/ansi-regex/-/ansi-regex-6.2.2.tgz 0ms (cache hit)
1742 http cache tough-cookie@https://registry.npmjs.org/tough-cookie/-/tough-cookie-4.1.4.tgz 0ms (cache hit)
1743 http cache uuid@https://registry.npmjs.org/uuid/-/uuid-8.3.2.tgz 0ms (cache hit)
1744 http cache form-data@https://registry.npmjs.org/form-data/-/form-data-4.0.4.tgz 0ms (cache hit)
1745 http cache strnum@https://registry.npmjs.org/strnum/-/strnum-2.1.1.tgz 0ms (cache hit)
1746 http cache fast-xml-parser@https://registry.npmjs.org/fast-xml-parser/-/fast-xml-parser-5.2.5.tgz 0ms (cache hit)
1747 http cache strip-ansi@https://registry.npmjs.org/strip-ansi/-/strip-ansi-7.1.2.tgz 0ms (cache hit)
1748 http cache @smithy/util-utf8@https://registry.npmjs.org/@smithy/util-utf8/-/util-utf8-2.3.0.tgz 0ms (cache hit)
1749 http cache @smithy/util-buffer-from@https://registry.npmjs.org/@smithy/util-buffer-from/-/util-buffer-from-2.2.0.tgz 0ms (cache hit)
1750 http cache @smithy/is-array-buffer@https://registry.npmjs.org/@smithy/is-array-buffer/-/is-array-buffer-2.2.0.tgz 0ms (cache hit)
1751 http cache @smithy/util-utf8@https://registry.npmjs.org/@smithy/util-utf8/-/util-utf8-2.3.0.tgz 0ms (cache hit)
1752 http cache @smithy/is-array-buffer@https://registry.npmjs.org/@smithy/is-array-buffer/-/is-array-buffer-2.2.0.tgz 0ms (cache hit)
1753 http cache @smithy/util-utf8@https://registry.npmjs.org/@smithy/util-utf8/-/util-utf8-2.3.0.tgz 0ms (cache hit)
1754 http cache @smithy/util-buffer-from@https://registry.npmjs.org/@smithy/util-buffer-from/-/util-buffer-from-2.2.0.tgz 0ms (cache hit)
1755 http cache @smithy/util-buffer-from@https://registry.npmjs.org/@smithy/util-buffer-from/-/util-buffer-from-2.2.0.tgz 0ms (cache hit)
1756 http cache @smithy/is-array-buffer@https://registry.npmjs.org/@smithy/is-array-buffer/-/is-array-buffer-2.2.0.tgz 0ms (cache hit)
1757 silly tarball no local data for yallist@https://registry.npmjs.org/yallist/-/yallist-4.0.0.tgz. Extracting by manifest.
1758 silly tarball no local data for @js-sdsl/ordered-map@https://registry.npmjs.org/@js-sdsl/ordered-map/-/ordered-map-4.4.2.tgz. Extracting by manifest.
1759 silly tarball no local data for google-logging-utils@https://registry.npmjs.org/google-logging-utils/-/google-logging-utils-0.0.2.tgz. Extracting by manifest.
1760 silly tarball no local data for @types/mime@https://registry.npmjs.org/@types/mime/-/mime-1.3.5.tgz. Extracting by manifest.
1761 silly tarball no local data for stubs@https://registry.npmjs.org/stubs/-/stubs-3.0.0.tgz. Extracting by manifest.
1762 silly tarball no local data for @tootallnate/once@https://registry.npmjs.org/@tootallnate/once/-/once-2.0.0.tgz. Extracting by manifest.
1763 silly tarball no local data for http-proxy-agent@https://registry.npmjs.org/http-proxy-agent/-/http-proxy-agent-5.0.0.tgz. Extracting by manifest.
1764 silly tarball no local data for stream-events@https://registry.npmjs.org/stream-events/-/stream-events-1.0.5.tgz. Extracting by manifest.
1765 silly tarball no local data for memory-pager@https://registry.npmjs.org/memory-pager/-/memory-pager-1.5.0.tgz. Extracting by manifest.
1766 silly tarball no local data for preact-render-to-string@https://registry.npmjs.org/preact-render-to-string/-/preact-render-to-string-5.2.6.tgz. Extracting by manifest.
1767 silly tarball no local data for pretty-format@https://registry.npmjs.org/pretty-format/-/pretty-format-3.8.0.tgz. Extracting by manifest.
1768 silly tarball no local data for oidc-token-hash@https://registry.npmjs.org/oidc-token-hash/-/oidc-token-hash-5.2.0.tgz. Extracting by manifest.
1769 silly tarball no local data for preact@https://registry.npmjs.org/preact/-/preact-10.28.2.tgz. Extracting by manifest.
1770 silly tarball no local data for oauth@https://registry.npmjs.org/oauth/-/oauth-0.9.15.tgz. Extracting by manifest.
1771 silly tarball no local data for openid-client@https://registry.npmjs.org/openid-client/-/openid-client-5.7.1.tgz. Extracting by manifest.
1772 silly tarball no local data for cookie@https://registry.npmjs.org/cookie/-/cookie-0.7.2.tgz. Extracting by manifest.
1773 silly tarball no local data for @panva/hkdf@https://registry.npmjs.org/@panva/hkdf/-/hkdf-1.2.1.tgz. Extracting by manifest.
1774 silly tarball no local data for @types/webidl-conversions@https://registry.npmjs.org/@types/webidl-conversions/-/webidl-conversions-7.0.3.tgz. Extracting by manifest.
1775 silly tarball no local data for @types/whatwg-url@https://registry.npmjs.org/@types/whatwg-url/-/whatwg-url-11.0.5.tgz. Extracting by manifest.
1776 silly tarball no local data for sparse-bitfield@https://registry.npmjs.org/sparse-bitfield/-/sparse-bitfield-3.0.3.tgz. Extracting by manifest.
1777 silly tarball no local data for mongodb-connection-string-url@https://registry.npmjs.org/mongodb-connection-string-url/-/mongodb-connection-string-url-3.0.2.tgz. Extracting by manifest.
1778 silly tarball no local data for bson@https://registry.npmjs.org/bson/-/bson-6.10.4.tgz. Extracting by manifest.
1779 silly tarball no local data for lodash.clonedeep@https://registry.npmjs.org/lodash.clonedeep/-/lodash.clonedeep-4.5.0.tgz. Extracting by manifest.
1780 silly tarball no local data for buffer-equal-constant-time@https://registry.npmjs.org/buffer-equal-constant-time/-/buffer-equal-constant-time-1.0.1.tgz. Extracting by manifest.
1781 silly tarball no local data for jwa@https://registry.npmjs.org/jwa/-/jwa-2.0.1.tgz. Extracting by manifest.
1782 silly tarball no local data for @mongodb-js/saslprep@https://registry.npmjs.org/@mongodb-js/saslprep/-/saslprep-1.4.4.tgz. Extracting by manifest.
1783 silly tarball no local data for @types/http-errors@https://registry.npmjs.org/@types/http-errors/-/http-errors-2.0.5.tgz. Extracting by manifest.
1784 silly tarball no local data for @types/send@https://registry.npmjs.org/@types/send/-/send-1.2.1.tgz. Extracting by manifest.
1785 silly tarball no local data for @types/range-parser@https://registry.npmjs.org/@types/range-parser/-/range-parser-1.2.7.tgz. Extracting by manifest.
1786 silly tarball no local data for @types/connect@https://registry.npmjs.org/@types/connect/-/connect-3.4.38.tgz. Extracting by manifest.
1787 silly tarball no local data for @types/serve-static@https://registry.npmjs.org/@types/serve-static/-/serve-static-1.15.10.tgz. Extracting by manifest.
1788 silly tarball no local data for @types/qs@https://registry.npmjs.org/@types/qs/-/qs-6.14.0.tgz. Extracting by manifest.
1789 silly tarball no local data for @types/express-serve-static-core@https://registry.npmjs.org/@types/express-serve-static-core/-/express-serve-static-core-4.19.7.tgz. Extracting by manifest.
1790 silly tarball no local data for lru-memoizer@https://registry.npmjs.org/lru-memoizer/-/lru-memoizer-2.3.0.tgz. Extracting by manifest.
1791 silly tarball no local data for @types/body-parser@https://registry.npmjs.org/@types/body-parser/-/body-parser-1.19.6.tgz. Extracting by manifest.
1792 silly tarball no local data for limiter@https://registry.npmjs.org/limiter/-/limiter-1.1.5.tgz. Extracting by manifest.
1793 silly tarball no local data for @types/jsonwebtoken@https://registry.npmjs.org/@types/jsonwebtoken/-/jsonwebtoken-9.0.10.tgz. Extracting by manifest.
1794 silly tarball no local data for lodash.once@https://registry.npmjs.org/lodash.once/-/lodash.once-4.1.1.tgz. Extracting by manifest.
1795 silly tarball no local data for @types/express@https://registry.npmjs.org/@types/express/-/express-4.17.25.tgz. Extracting by manifest.
1796 silly tarball no local data for lodash.isstring@https://registry.npmjs.org/lodash.isstring/-/lodash.isstring-4.0.1.tgz. Extracting by manifest.
1797 silly tarball no local data for lodash.isnumber@https://registry.npmjs.org/lodash.isnumber/-/lodash.isnumber-3.0.3.tgz. Extracting by manifest.
1798 silly tarball no local data for lodash.isinteger@https://registry.npmjs.org/lodash.isinteger/-/lodash.isinteger-4.0.4.tgz. Extracting by manifest.
1799 silly tarball no local data for lodash.isplainobject@https://registry.npmjs.org/lodash.isplainobject/-/lodash.isplainobject-4.0.6.tgz. Extracting by manifest.
1800 silly tarball no local data for lodash.isboolean@https://registry.npmjs.org/lodash.isboolean/-/lodash.isboolean-3.0.3.tgz. Extracting by manifest.
1801 silly tarball no local data for lodash.includes@https://registry.npmjs.org/lodash.includes/-/lodash.includes-4.3.0.tgz. Extracting by manifest.
1802 silly tarball no local data for bignumber.js@https://registry.npmjs.org/bignumber.js/-/bignumber.js-9.3.1.tgz. Extracting by manifest.
1803 silly tarball no local data for agent-base@https://registry.npmjs.org/agent-base/-/agent-base-7.1.4.tgz. Extracting by manifest.
1804 silly tarball no local data for proto3-json-serializer@https://registry.npmjs.org/proto3-json-serializer/-/proto3-json-serializer-2.0.2.tgz. Extracting by manifest.
1805 silly tarball no local data for @types/long@https://registry.npmjs.org/@types/long/-/long-4.0.2.tgz. Extracting by manifest.
1806 silly tarball no local data for json-bigint@https://registry.npmjs.org/json-bigint/-/json-bigint-1.0.0.tgz. Extracting by manifest.
1807 silly tarball no local data for jws@https://registry.npmjs.org/jws/-/jws-4.0.1.tgz. Extracting by manifest.
1808 silly tarball no local data for gtoken@https://registry.npmjs.org/gtoken/-/gtoken-7.1.0.tgz. Extracting by manifest.
1809 silly tarball no local data for ecdsa-sig-formatter@https://registry.npmjs.org/ecdsa-sig-formatter/-/ecdsa-sig-formatter-1.0.11.tgz. Extracting by manifest.
1810 silly tarball no local data for is-stream@https://registry.npmjs.org/is-stream/-/is-stream-2.0.1.tgz. Extracting by manifest.
1811 silly tarball no local data for https-proxy-agent@https://registry.npmjs.org/https-proxy-agent/-/https-proxy-agent-7.0.6.tgz. Extracting by manifest.
1812 silly tarball no local data for stream-shift@https://registry.npmjs.org/stream-shift/-/stream-shift-1.0.3.tgz. Extracting by manifest.
1813 silly tarball no local data for arrify@https://registry.npmjs.org/arrify/-/arrify-2.0.1.tgz. Extracting by manifest.
1814 silly tarball no local data for retry@https://registry.npmjs.org/retry/-/retry-0.13.1.tgz. Extracting by manifest.
1815 silly tarball no local data for event-target-shim@https://registry.npmjs.org/event-target-shim/-/event-target-shim-5.0.1.tgz. Extracting by manifest.
1816 silly tarball no local data for teeny-request@https://registry.npmjs.org/teeny-request/-/teeny-request-9.0.0.tgz. Extracting by manifest.
1817 silly tarball no local data for retry-request@https://registry.npmjs.org/retry-request/-/retry-request-7.0.2.tgz. Extracting by manifest.
1818 silly tarball no local data for html-entities@https://registry.npmjs.org/html-entities/-/html-entities-2.6.0.tgz. Extracting by manifest.
1819 silly tarball no local data for google-auth-library@https://registry.npmjs.org/google-auth-library/-/google-auth-library-9.15.1.tgz. Extracting by manifest.
1820 silly tarball no local data for gaxios@https://registry.npmjs.org/gaxios/-/gaxios-6.7.1.tgz. Extracting by manifest.
1821 silly tarball no local data for duplexify@https://registry.npmjs.org/duplexify/-/duplexify-4.1.3.tgz. Extracting by manifest.
1822 silly tarball no local data for abort-controller@https://registry.npmjs.org/abort-controller/-/abort-controller-3.0.0.tgz. Extracting by manifest.
1823 silly tarball no local data for async-retry@https://registry.npmjs.org/async-retry/-/async-retry-1.3.3.tgz. Extracting by manifest.
1824 silly tarball no local data for @google-cloud/projectify@https://registry.npmjs.org/@google-cloud/projectify/-/projectify-4.0.0.tgz. Extracting by manifest.
1825 silly tarball no local data for @google-cloud/paginator@https://registry.npmjs.org/@google-cloud/paginator/-/paginator-5.0.2.tgz. Extracting by manifest.
1826 silly tarball no local data for @google-cloud/promisify@https://registry.npmjs.org/@google-cloud/promisify/-/promisify-4.0.0.tgz. Extracting by manifest.
1827 silly tarball no local data for google-gax@https://registry.npmjs.org/google-gax/-/google-gax-4.6.1.tgz. Extracting by manifest.
1828 silly tarball no local data for functional-red-black-tree@https://registry.npmjs.org/functional-red-black-tree/-/functional-red-black-tree-1.0.1.tgz. Extracting by manifest.
1829 silly tarball no local data for node-forge@https://registry.npmjs.org/node-forge/-/node-forge-1.3.3.tgz. Extracting by manifest.
1830 silly tarball no local data for @opentelemetry/api@https://registry.npmjs.org/@opentelemetry/api/-/api-1.9.0.tgz. Extracting by manifest.
1831 silly tarball no local data for jwks-rsa@https://registry.npmjs.org/jwks-rsa/-/jwks-rsa-3.2.0.tgz. Extracting by manifest.
1832 silly tarball no local data for jsonwebtoken@https://registry.npmjs.org/jsonwebtoken/-/jsonwebtoken-9.0.3.tgz. Extracting by manifest.
1833 silly tarball no local data for farmhash-modern@https://registry.npmjs.org/farmhash-modern/-/farmhash-modern-1.1.0.tgz. Extracting by manifest.
1834 silly tarball no local data for @google-cloud/firestore@https://registry.npmjs.org/@google-cloud/firestore/-/firestore-7.11.6.tgz. Extracting by manifest.
1835 silly tarball no local data for @google-cloud/storage@https://registry.npmjs.org/@google-cloud/storage/-/storage-7.18.0.tgz. Extracting by manifest.
1836 silly tarball no local data for nodemailer@https://registry.npmjs.org/nodemailer/-/nodemailer-7.0.12.tgz. Extracting by manifest.
1837 silly tarball no local data for @fastify/busboy@https://registry.npmjs.org/@fastify/busboy/-/busboy-3.2.0.tgz. Extracting by manifest.
1838 silly tarball no local data for next-auth@https://registry.npmjs.org/next-auth/-/next-auth-4.24.13.tgz. Extracting by manifest.
1839 silly tarball no local data for mongodb@https://registry.npmjs.org/mongodb/-/mongodb-6.21.0.tgz. Extracting by manifest.
1840 silly tarball no local data for firebase-admin@https://registry.npmjs.org/firebase-admin/-/firebase-admin-12.7.0.tgz. Extracting by manifest.
1841 silly tarball no local data for zod@https://registry.npmjs.org/zod/-/zod-3.25.76.tgz. Extracting by manifest.
1842 silly tarball no local data for zwitch@https://registry.npmjs.org/zwitch/-/zwitch-2.0.4.tgz. Extracting by manifest.
1843 silly tarball no local data for yoga-layout@https://registry.npmjs.org/yoga-layout/-/yoga-layout-2.0.1.tgz. Extracting by manifest.
1844 silly tarball no local data for bcryptjs@https://registry.npmjs.org/bcryptjs/-/bcryptjs-2.4.3.tgz. Extracting by manifest.
1845 silly tarball no local data for yocto-queue@https://registry.npmjs.org/yocto-queue/-/yocto-queue-0.1.0.tgz. Extracting by manifest.
1846 silly tarball no local data for yargs@https://registry.npmjs.org/yargs/-/yargs-17.7.2.tgz. Extracting by manifest.
1847 silly tarball no local data for yargs-parser@https://registry.npmjs.org/yargs-parser/-/yargs-parser-21.1.1.tgz. Extracting by manifest.
1848 silly tarball no local data for yaml@https://registry.npmjs.org/yaml/-/yaml-2.8.1.tgz. Extracting by manifest.
1849 silly tarball no local data for y18n@https://registry.npmjs.org/y18n/-/y18n-5.0.8.tgz. Extracting by manifest.
1850 silly tarball no local data for xml-js@https://registry.npmjs.org/xml-js/-/xml-js-1.6.11.tgz. Extracting by manifest.
1851 silly tarball no local data for xlsx@https://registry.npmjs.org/xlsx/-/xlsx-0.18.5.tgz. Extracting by manifest.
1852 silly tarball no local data for wrappy@https://registry.npmjs.org/wrappy/-/wrappy-1.0.2.tgz. Extracting by manifest.
1853 silly tarball no local data for xml@https://registry.npmjs.org/xml/-/xml-1.0.1.tgz. Extracting by manifest.
1854 silly tarball no local data for wrap-ansi@https://registry.npmjs.org/wrap-ansi/-/wrap-ansi-8.1.0.tgz. Extracting by manifest.
1855 silly tarball no local data for wrap-ansi-cjs@https://registry.npmjs.org/wrap-ansi/-/wrap-ansi-7.0.0.tgz. Extracting by manifest.
1856 silly tarball no local data for word-wrap@https://registry.npmjs.org/word-wrap/-/word-wrap-1.2.5.tgz. Extracting by manifest.
1857 silly tarball no local data for word@https://registry.npmjs.org/word/-/word-0.3.0.tgz. Extracting by manifest.
1858 silly tarball no local data for wmf@https://registry.npmjs.org/wmf/-/wmf-1.0.2.tgz. Extracting by manifest.
1859 silly tarball no local data for which-typed-array@https://registry.npmjs.org/which-typed-array/-/which-typed-array-1.1.19.tgz. Extracting by manifest.
1860 silly tarball no local data for which-collection@https://registry.npmjs.org/which-collection/-/which-collection-1.0.2.tgz. Extracting by manifest.
1861 silly tarball no local data for which-builtin-type@https://registry.npmjs.org/which-builtin-type/-/which-builtin-type-1.2.1.tgz. Extracting by manifest.
1862 silly tarball no local data for which-boxed-primitive@https://registry.npmjs.org/which-boxed-primitive/-/which-boxed-primitive-1.1.1.tgz. Extracting by manifest.
1863 silly tarball no local data for which@https://registry.npmjs.org/which/-/which-2.0.2.tgz. Extracting by manifest.
1864 silly tarball no local data for whatwg-url@https://registry.npmjs.org/whatwg-url/-/whatwg-url-5.0.0.tgz. Extracting by manifest.
1865 silly tarball no local data for websocket-extensions@https://registry.npmjs.org/websocket-extensions/-/websocket-extensions-0.1.4.tgz. Extracting by manifest.
1866 silly tarball no local data for webidl-conversions@https://registry.npmjs.org/webidl-conversions/-/webidl-conversions-3.0.1.tgz. Extracting by manifest.
1867 silly tarball no local data for webpack-sources@https://registry.npmjs.org/webpack-sources/-/webpack-sources-3.3.3.tgz. Extracting by manifest.
1868 silly tarball no local data for webpack@https://registry.npmjs.org/webpack/-/webpack-5.102.1.tgz. Extracting by manifest.
1869 silly tarball no local data for websocket-driver@https://registry.npmjs.org/websocket-driver/-/websocket-driver-0.7.4.tgz. Extracting by manifest.
1870 silly tarball no local data for watchpack@https://registry.npmjs.org/watchpack/-/watchpack-2.4.4.tgz. Extracting by manifest.
1871 silly tarball no local data for warning@https://registry.npmjs.org/warning/-/warning-4.0.3.tgz. Extracting by manifest.
1872 silly tarball no local data for victory-vendor@https://registry.npmjs.org/victory-vendor/-/victory-vendor-36.9.2.tgz. Extracting by manifest.
1873 silly tarball no local data for vfile-message@https://registry.npmjs.org/vfile-message/-/vfile-message-4.0.3.tgz. Extracting by manifest.
1874 silly tarball no local data for vfile@https://registry.npmjs.org/vfile/-/vfile-6.0.3.tgz. Extracting by manifest.
1875 silly tarball no local data for verror@https://registry.npmjs.org/verror/-/verror-1.10.0.tgz. Extracting by manifest.
1876 silly tarball no local data for valibot@https://registry.npmjs.org/valibot/-/valibot-1.0.0-beta.14.tgz. Extracting by manifest.
1877 silly tarball no local data for vite-compatible-readable-stream@https://registry.npmjs.org/vite-compatible-readable-stream/-/vite-compatible-readable-stream-3.6.1.tgz. Extracting by manifest.
1878 silly tarball no local data for uuid@https://registry.npmjs.org/uuid/-/uuid-10.0.0.tgz. Extracting by manifest.
1879 silly tarball no local data for util-deprecate@https://registry.npmjs.org/util-deprecate/-/util-deprecate-1.0.2.tgz. Extracting by manifest.
1880 silly tarball no local data for use-sync-external-store@https://registry.npmjs.org/use-sync-external-store/-/use-sync-external-store-1.6.0.tgz. Extracting by manifest.
1881 silly tarball no local data for use-callback-ref@https://registry.npmjs.org/use-callback-ref/-/use-callback-ref-1.3.3.tgz. Extracting by manifest.
1882 silly tarball no local data for use-sidecar@https://registry.npmjs.org/use-sidecar/-/use-sidecar-1.1.3.tgz. Extracting by manifest.
1883 silly tarball no local data for url-parse@https://registry.npmjs.org/url-parse/-/url-parse-1.5.10.tgz. Extracting by manifest.
1884 silly tarball no local data for uri-js@https://registry.npmjs.org/uri-js/-/uri-js-4.4.1.tgz. Extracting by manifest.
1885 silly tarball no local data for update-browserslist-db@https://registry.npmjs.org/update-browserslist-db/-/update-browserslist-db-1.1.3.tgz. Extracting by manifest.
1886 silly tarball no local data for unrs-resolver@https://registry.npmjs.org/unrs-resolver/-/unrs-resolver-1.11.1.tgz. Extracting by manifest.
1887 silly tarball no local data for universalify@https://registry.npmjs.org/universalify/-/universalify-2.0.1.tgz. Extracting by manifest.
1888 silly tarball no local data for unist-util-visit@https://registry.npmjs.org/unist-util-visit/-/unist-util-visit-5.0.0.tgz. Extracting by manifest.
1889 silly tarball no local data for unist-util-stringify-position@https://registry.npmjs.org/unist-util-stringify-position/-/unist-util-stringify-position-4.0.0.tgz. Extracting by manifest.
1890 silly tarball no local data for unist-util-visit-parents@https://registry.npmjs.org/unist-util-visit-parents/-/unist-util-visit-parents-6.0.2.tgz. Extracting by manifest.
1891 silly tarball no local data for unist-util-position@https://registry.npmjs.org/unist-util-position/-/unist-util-position-5.0.0.tgz. Extracting by manifest.
1892 silly tarball no local data for unified@https://registry.npmjs.org/unified/-/unified-11.0.5.tgz. Extracting by manifest.
1893 silly tarball no local data for unist-util-is@https://registry.npmjs.org/unist-util-is/-/unist-util-is-6.0.1.tgz. Extracting by manifest.
1894 silly tarball no local data for unicode-properties@https://registry.npmjs.org/unicode-properties/-/unicode-properties-1.4.1.tgz. Extracting by manifest.
1895 silly tarball no local data for unicode-trie@https://registry.npmjs.org/unicode-trie/-/unicode-trie-2.0.0.tgz. Extracting by manifest.
1896 silly tarball no local data for undici-types@https://registry.npmjs.org/undici-types/-/undici-types-6.21.0.tgz. Extracting by manifest.
1897 silly tarball no local data for typescript@https://registry.npmjs.org/typescript/-/typescript-5.9.3.tgz. Extracting by manifest.
1898 silly tarball no local data for unbox-primitive@https://registry.npmjs.org/unbox-primitive/-/unbox-primitive-1.1.0.tgz. Extracting by manifest.
1899 silly tarball no local data for typed-array-byte-offset@https://registry.npmjs.org/typed-array-byte-offset/-/typed-array-byte-offset-1.0.4.tgz. Extracting by manifest.
1900 silly tarball no local data for typed-array-length@https://registry.npmjs.org/typed-array-length/-/typed-array-length-1.0.7.tgz. Extracting by manifest.
1901 silly tarball no local data for typed-array-byte-length@https://registry.npmjs.org/typed-array-byte-length/-/typed-array-byte-length-1.0.3.tgz. Extracting by manifest.
1902 silly tarball no local data for type-fest@https://registry.npmjs.org/type-fest/-/type-fest-0.20.2.tgz. Extracting by manifest.
1903 silly tarball no local data for typed-array-buffer@https://registry.npmjs.org/typed-array-buffer/-/typed-array-buffer-1.0.3.tgz. Extracting by manifest.
1904 silly tarball no local data for tweetnacl@https://registry.npmjs.org/tweetnacl/-/tweetnacl-0.14.5.tgz. Extracting by manifest.
1905 silly tarball no local data for type-check@https://registry.npmjs.org/type-check/-/type-check-0.4.0.tgz. Extracting by manifest.
1906 silly tarball no local data for tunnel-agent@https://registry.npmjs.org/tunnel-agent/-/tunnel-agent-0.6.0.tgz. Extracting by manifest.
1907 silly tarball no local data for tslib@https://registry.npmjs.org/tslib/-/tslib-2.8.1.tgz. Extracting by manifest.
1908 silly tarball no local data for tsconfig-paths@https://registry.npmjs.org/tsconfig-paths/-/tsconfig-paths-3.15.0.tgz. Extracting by manifest.
1909 silly tarball no local data for ts-interface-checker@https://registry.npmjs.org/ts-interface-checker/-/ts-interface-checker-0.1.13.tgz. Extracting by manifest.
1910 silly tarball no local data for ts-api-utils@https://registry.npmjs.org/ts-api-utils/-/ts-api-utils-1.4.3.tgz. Extracting by manifest.
1911 silly tarball no local data for trim-lines@https://registry.npmjs.org/trim-lines/-/trim-lines-3.0.1.tgz. Extracting by manifest.
1912 silly tarball no local data for tr46@https://registry.npmjs.org/tr46/-/tr46-0.0.3.tgz. Extracting by manifest.
1913 silly tarball no local data for trough@https://registry.npmjs.org/trough/-/trough-2.2.0.tgz. Extracting by manifest.
1914 silly tarball no local data for to-regex-range@https://registry.npmjs.org/to-regex-range/-/to-regex-range-5.0.1.tgz. Extracting by manifest.
1915 silly tarball no local data for tmp@https://registry.npmjs.org/tmp/-/tmp-0.2.5.tgz. Extracting by manifest.
1916 silly tarball no local data for tough-cookie@https://registry.npmjs.org/tough-cookie/-/tough-cookie-5.1.2.tgz. Extracting by manifest.
1917 silly tarball no local data for tldts-core@https://registry.npmjs.org/tldts-core/-/tldts-core-6.1.86.tgz. Extracting by manifest.
1918 silly tarball no local data for tinyglobby@https://registry.npmjs.org/tinyglobby/-/tinyglobby-0.2.15.tgz. Extracting by manifest.
1919 silly tarball no local data for tldts@https://registry.npmjs.org/tldts/-/tldts-6.1.86.tgz. Extracting by manifest.
1920 silly tarball no local data for thenify-all@https://registry.npmjs.org/thenify-all/-/thenify-all-1.6.0.tgz. Extracting by manifest.
1921 silly tarball no local data for tiny-invariant@https://registry.npmjs.org/tiny-invariant/-/tiny-invariant-1.3.3.tgz. Extracting by manifest.
1922 silly tarball no local data for thenify@https://registry.npmjs.org/thenify/-/thenify-3.3.1.tgz. Extracting by manifest.
1923 silly tarball no local data for text-table@https://registry.npmjs.org/text-table/-/text-table-0.2.0.tgz. Extracting by manifest.
1924 silly tarball no local data for terser@https://registry.npmjs.org/terser/-/terser-5.44.0.tgz. Extracting by manifest.
1925 silly tarball no local data for terser-webpack-plugin@https://registry.npmjs.org/terser-webpack-plugin/-/terser-webpack-plugin-5.3.14.tgz. Extracting by manifest.
1926 silly tarball no local data for tapable@https://registry.npmjs.org/tapable/-/tapable-2.3.0.tgz. Extracting by manifest.
1927 silly tarball no local data for tailwindcss-animate@https://registry.npmjs.org/tailwindcss-animate/-/tailwindcss-animate-1.0.7.tgz. Extracting by manifest.
1928 silly tarball no local data for tiny-inflate@https://registry.npmjs.org/tiny-inflate/-/tiny-inflate-1.0.3.tgz. Extracting by manifest.
1929 silly tarball no local data for tailwindcss@https://registry.npmjs.org/tailwindcss/-/tailwindcss-3.4.18.tgz. Extracting by manifest.
1930 silly tarball no local data for tailwind-merge@https://registry.npmjs.org/tailwind-merge/-/tailwind-merge-3.3.1.tgz. Extracting by manifest.
1931 silly tarball no local data for svg-arc-to-cubic-bezier@https://registry.npmjs.org/svg-arc-to-cubic-bezier/-/svg-arc-to-cubic-bezier-3.2.0.tgz. Extracting by manifest.
1932 silly tarball no local data for supports-color@https://registry.npmjs.org/supports-color/-/supports-color-7.2.0.tgz. Extracting by manifest.
1933 silly tarball no local data for supports-preserve-symlinks-flag@https://registry.npmjs.org/supports-preserve-symlinks-flag/-/supports-preserve-symlinks-flag-1.0.0.tgz. Extracting by manifest.
1934 silly tarball no local data for sucrase@https://registry.npmjs.org/sucrase/-/sucrase-3.35.0.tgz. Extracting by manifest.
1935 silly tarball no local data for styled-jsx@https://registry.npmjs.org/styled-jsx/-/styled-jsx-5.1.1.tgz. Extracting by manifest.
1936 silly tarball no local data for style-to-object@https://registry.npmjs.org/style-to-object/-/style-to-object-1.0.11.tgz. Extracting by manifest.
1937 silly tarball no local data for style-to-js@https://registry.npmjs.org/style-to-js/-/style-to-js-1.1.18.tgz. Extracting by manifest.
1938 silly tarball no local data for strnum@https://registry.npmjs.org/strnum/-/strnum-1.1.2.tgz. Extracting by manifest.
1939 silly tarball no local data for strip-json-comments@https://registry.npmjs.org/strip-json-comments/-/strip-json-comments-3.1.1.tgz. Extracting by manifest.
1940 silly tarball no local data for strip-bom@https://registry.npmjs.org/strip-bom/-/strip-bom-3.0.0.tgz. Extracting by manifest.
1941 silly tarball no local data for strip-ansi-cjs@https://registry.npmjs.org/strip-ansi/-/strip-ansi-6.0.1.tgz. Extracting by manifest.
1942 silly tarball no local data for strip-ansi@https://registry.npmjs.org/strip-ansi/-/strip-ansi-6.0.1.tgz. Extracting by manifest.
1943 silly tarball no local data for stringify-entities@https://registry.npmjs.org/stringify-entities/-/stringify-entities-4.0.4.tgz. Extracting by manifest.
1944 silly tarball no local data for string.prototype.trimend@https://registry.npmjs.org/string.prototype.trimend/-/string.prototype.trimend-1.0.9.tgz. Extracting by manifest.
1945 silly tarball no local data for string.prototype.trimstart@https://registry.npmjs.org/string.prototype.trimstart/-/string.prototype.trimstart-1.0.8.tgz. Extracting by manifest.
1946 silly tarball no local data for string.prototype.trim@https://registry.npmjs.org/string.prototype.trim/-/string.prototype.trim-1.2.10.tgz. Extracting by manifest.
1947 silly tarball no local data for string.prototype.repeat@https://registry.npmjs.org/string.prototype.repeat/-/string.prototype.repeat-1.0.0.tgz. Extracting by manifest.
1948 silly tarball no local data for string.prototype.matchall@https://registry.npmjs.org/string.prototype.matchall/-/string.prototype.matchall-4.0.12.tgz. Extracting by manifest.
1949 silly tarball no local data for string.prototype.includes@https://registry.npmjs.org/string.prototype.includes/-/string.prototype.includes-2.0.1.tgz. Extracting by manifest.
1950 silly tarball no local data for string-width@https://registry.npmjs.org/string-width/-/string-width-5.1.2.tgz. Extracting by manifest.
1951 silly tarball no local data for string-width-cjs@https://registry.npmjs.org/string-width/-/string-width-4.2.3.tgz. Extracting by manifest.
1952 silly tarball no local data for string_decoder@https://registry.npmjs.org/string_decoder/-/string_decoder-1.1.1.tgz. Extracting by manifest.
1953 silly tarball no local data for stop-iteration-iterator@https://registry.npmjs.org/stop-iteration-iterator/-/stop-iteration-iterator-1.1.0.tgz. Extracting by manifest.
1954 silly tarball no local data for streamsearch@https://registry.npmjs.org/streamsearch/-/streamsearch-1.1.0.tgz. Extracting by manifest.
1955 silly tarball no local data for stealthy-require@https://registry.npmjs.org/stealthy-require/-/stealthy-require-1.1.1.tgz. Extracting by manifest.
1956 silly tarball no local data for stable-hash@https://registry.npmjs.org/stable-hash/-/stable-hash-0.0.5.tgz. Extracting by manifest.
1957 silly tarball no local data for sshpk@https://registry.npmjs.org/sshpk/-/sshpk-1.18.0.tgz. Extracting by manifest.
1958 silly tarball no local data for ssf@https://registry.npmjs.org/ssf/-/ssf-0.11.2.tgz. Extracting by manifest.
1959 silly tarball no local data for space-separated-tokens@https://registry.npmjs.org/space-separated-tokens/-/space-separated-tokens-2.0.2.tgz. Extracting by manifest.
1960 silly tarball no local data for source-map-support@https://registry.npmjs.org/source-map-support/-/source-map-support-0.5.21.tgz. Extracting by manifest.
1961 silly tarball no local data for source-map-js@https://registry.npmjs.org/source-map-js/-/source-map-js-1.2.1.tgz. Extracting by manifest.
1962 silly tarball no local data for source-map@https://registry.npmjs.org/source-map/-/source-map-0.6.1.tgz. Extracting by manifest.
1963 silly tarball no local data for signal-exit@https://registry.npmjs.org/signal-exit/-/signal-exit-4.1.0.tgz. Extracting by manifest.
1964 silly tarball no local data for simple-swizzle@https://registry.npmjs.org/simple-swizzle/-/simple-swizzle-0.2.4.tgz. Extracting by manifest.
1965 silly tarball no local data for side-channel-weakmap@https://registry.npmjs.org/side-channel-weakmap/-/side-channel-weakmap-1.0.2.tgz. Extracting by manifest.
1966 silly tarball no local data for slash@https://registry.npmjs.org/slash/-/slash-3.0.0.tgz. Extracting by manifest.
1967 silly tarball no local data for side-channel-map@https://registry.npmjs.org/side-channel-map/-/side-channel-map-1.0.1.tgz. Extracting by manifest.
1968 silly tarball no local data for side-channel-list@https://registry.npmjs.org/side-channel-list/-/side-channel-list-1.0.0.tgz. Extracting by manifest.
1969 silly tarball no local data for side-channel@https://registry.npmjs.org/side-channel/-/side-channel-1.1.0.tgz. Extracting by manifest.
1970 silly tarball no local data for shebang-regex@https://registry.npmjs.org/shebang-regex/-/shebang-regex-3.0.0.tgz. Extracting by manifest.
1971 silly tarball no local data for set-proto@https://registry.npmjs.org/set-proto/-/set-proto-1.0.0.tgz. Extracting by manifest.
1972 silly tarball no local data for shebang-command@https://registry.npmjs.org/shebang-command/-/shebang-command-2.0.0.tgz. Extracting by manifest.
1973 silly tarball no local data for setimmediate@https://registry.npmjs.org/setimmediate/-/setimmediate-1.0.5.tgz. Extracting by manifest.
1974 silly tarball no local data for set-function-name@https://registry.npmjs.org/set-function-name/-/set-function-name-2.0.2.tgz. Extracting by manifest.
1975 silly tarball no local data for semver@https://registry.npmjs.org/semver/-/semver-7.7.3.tgz. Extracting by manifest.
1976 silly tarball no local data for schema-utils@https://registry.npmjs.org/schema-utils/-/schema-utils-3.3.0.tgz. Extracting by manifest.
1977 silly tarball no local data for set-function-length@https://registry.npmjs.org/set-function-length/-/set-function-length-1.2.2.tgz. Extracting by manifest.
1978 silly tarball no local data for serialize-javascript@https://registry.npmjs.org/serialize-javascript/-/serialize-javascript-6.0.2.tgz. Extracting by manifest.
1979 silly tarball no local data for safer-buffer@https://registry.npmjs.org/safer-buffer/-/safer-buffer-2.1.2.tgz. Extracting by manifest.
1980 silly tarball no local data for sax@https://registry.npmjs.org/sax/-/sax-1.4.1.tgz. Extracting by manifest.
1981 silly tarball no local data for scheduler@https://registry.npmjs.org/scheduler/-/scheduler-0.17.0.tgz. Extracting by manifest.
1982 silly tarball no local data for safe-regex-test@https://registry.npmjs.org/safe-regex-test/-/safe-regex-test-1.1.0.tgz. Extracting by manifest.
1983 silly tarball no local data for safe-array-concat@https://registry.npmjs.org/safe-array-concat/-/safe-array-concat-1.1.3.tgz. Extracting by manifest.
1984 silly tarball no local data for safe-push-apply@https://registry.npmjs.org/safe-push-apply/-/safe-push-apply-1.0.0.tgz. Extracting by manifest.
1985 silly tarball no local data for safe-buffer@https://registry.npmjs.org/safe-buffer/-/safe-buffer-5.2.1.tgz. Extracting by manifest.
1986 silly tarball no local data for run-parallel@https://registry.npmjs.org/run-parallel/-/run-parallel-1.2.0.tgz. Extracting by manifest.
1987 silly tarball no local data for rimraf@https://registry.npmjs.org/rimraf/-/rimraf-3.0.2.tgz. Extracting by manifest.
1988 silly tarball no local data for restructure@https://registry.npmjs.org/restructure/-/restructure-3.0.2.tgz. Extracting by manifest.
1989 silly tarball no local data for resolve-pkg-maps@https://registry.npmjs.org/resolve-pkg-maps/-/resolve-pkg-maps-1.0.0.tgz. Extracting by manifest.
1990 silly tarball no local data for reusify@https://registry.npmjs.org/reusify/-/reusify-1.1.0.tgz. Extracting by manifest.
1991 silly tarball no local data for resolve-from@https://registry.npmjs.org/resolve-from/-/resolve-from-4.0.0.tgz. Extracting by manifest.
1992 silly tarball no local data for resolve@https://registry.npmjs.org/resolve/-/resolve-1.22.11.tgz. Extracting by manifest.
1993 silly tarball no local data for require-from-string@https://registry.npmjs.org/require-from-string/-/require-from-string-2.0.2.tgz. Extracting by manifest.
1994 silly tarball no local data for requires-port@https://registry.npmjs.org/requires-port/-/requires-port-1.0.0.tgz. Extracting by manifest.
1995 silly tarball no local data for require-directory@https://registry.npmjs.org/require-directory/-/require-directory-2.1.1.tgz. Extracting by manifest.
1996 silly tarball no local data for remark-stringify@https://registry.npmjs.org/remark-stringify/-/remark-stringify-11.0.0.tgz. Extracting by manifest.
1997 silly tarball no local data for request-promise-core@https://registry.npmjs.org/request-promise-core/-/request-promise-core-1.1.3.tgz. Extracting by manifest.
1998 silly tarball no local data for request@https://registry.npmjs.org/request/-/request-2.88.2.tgz. Extracting by manifest.
1999 silly tarball no local data for remark-rehype@https://registry.npmjs.org/remark-rehype/-/remark-rehype-11.1.2.tgz. Extracting by manifest.
2000 silly tarball no local data for remark-parse@https://registry.npmjs.org/remark-parse/-/remark-parse-11.0.0.tgz. Extracting by manifest.
2001 silly tarball no local data for regexp.prototype.flags@https://registry.npmjs.org/regexp.prototype.flags/-/regexp.prototype.flags-1.5.4.tgz. Extracting by manifest.
2002 silly tarball no local data for remark-gfm@https://registry.npmjs.org/remark-gfm/-/remark-gfm-4.0.1.tgz. Extracting by manifest.
2003 silly tarball no local data for reflect.getprototypeof@https://registry.npmjs.org/reflect.getprototypeof/-/reflect.getprototypeof-1.0.10.tgz. Extracting by manifest.
2004 silly tarball no local data for recharts-scale@https://registry.npmjs.org/recharts-scale/-/recharts-scale-0.4.5.tgz. Extracting by manifest.
2005 silly tarball no local data for readdirp@https://registry.npmjs.org/readdirp/-/readdirp-3.6.0.tgz. Extracting by manifest.
2006 silly tarball no local data for recharts@https://registry.npmjs.org/recharts/-/recharts-2.15.4.tgz. Extracting by manifest.
2007 silly tarball no local data for readable-stream@https://registry.npmjs.org/readable-stream/-/readable-stream-2.3.8.tgz. Extracting by manifest.
2008 silly tarball no local data for react-transition-group@https://registry.npmjs.org/react-transition-group/-/react-transition-group-4.4.5.tgz. Extracting by manifest.
2009 silly tarball no local data for read-cache@https://registry.npmjs.org/read-cache/-/read-cache-1.0.0.tgz. Extracting by manifest.
2010 silly tarball no local data for react-smooth@https://registry.npmjs.org/react-smooth/-/react-smooth-4.0.4.tgz. Extracting by manifest.
2011 silly tarball no local data for react-style-singleton@https://registry.npmjs.org/react-style-singleton/-/react-style-singleton-2.2.3.tgz. Extracting by manifest.
2012 silly tarball no local data for react-remove-scroll-bar@https://registry.npmjs.org/react-remove-scroll-bar/-/react-remove-scroll-bar-2.3.8.tgz. Extracting by manifest.
2013 silly tarball no local data for react-remove-scroll@https://registry.npmjs.org/react-remove-scroll/-/react-remove-scroll-2.7.1.tgz. Extracting by manifest.
2014 silly tarball no local data for react-pdf@https://registry.npmjs.org/react-pdf/-/react-pdf-10.2.0.tgz. Extracting by manifest.
2015 silly tarball no local data for react-is@https://registry.npmjs.org/react-is/-/react-is-16.13.1.tgz. Extracting by manifest.
2016 silly tarball no local data for react-markdown@https://registry.npmjs.org/react-markdown/-/react-markdown-9.1.0.tgz. Extracting by manifest.
2017 silly tarball no local data for react-hook-form@https://registry.npmjs.org/react-hook-form/-/react-hook-form-7.65.0.tgz. Extracting by manifest.
2018 silly tarball no local data for react-dom@https://registry.npmjs.org/react-dom/-/react-dom-18.3.1.tgz. Extracting by manifest.
2019 silly tarball no local data for react-dropzone@https://registry.npmjs.org/react-dropzone/-/react-dropzone-14.3.8.tgz. Extracting by manifest.
2020 silly tarball no local data for react-day-picker@https://registry.npmjs.org/react-day-picker/-/react-day-picker-8.10.1.tgz. Extracting by manifest.
2021 silly tarball no local data for randombytes@https://registry.npmjs.org/randombytes/-/randombytes-2.1.0.tgz. Extracting by manifest.
2022 silly tarball no local data for queue-microtask@https://registry.npmjs.org/queue-microtask/-/queue-microtask-1.2.3.tgz. Extracting by manifest.
2023 silly tarball no local data for queue@https://registry.npmjs.org/queue/-/queue-6.0.2.tgz. Extracting by manifest.
2024 silly tarball no local data for react@https://registry.npmjs.org/react/-/react-18.3.1.tgz. Extracting by manifest.
2025 silly tarball no local data for querystringify@https://registry.npmjs.org/querystringify/-/querystringify-2.2.0.tgz. Extracting by manifest.
2026 silly tarball no local data for punycode@https://registry.npmjs.org/punycode/-/punycode-2.3.1.tgz. Extracting by manifest.
2027 silly tarball no local data for qs@https://registry.npmjs.org/qs/-/qs-6.14.0.tgz. Extracting by manifest.
2028 silly tarball no local data for pump@https://registry.npmjs.org/pump/-/pump-2.0.1.tgz. Extracting by manifest.
2029 silly tarball no local data for psl@https://registry.npmjs.org/psl/-/psl-1.15.0.tgz. Extracting by manifest.
2030 silly tarball no local data for protobufjs@https://registry.npmjs.org/protobufjs/-/protobufjs-7.5.4.tgz. Extracting by manifest.
2031 silly tarball no local data for property-information@https://registry.npmjs.org/property-information/-/property-information-7.1.0.tgz. Extracting by manifest.
2032 silly tarball no local data for prop-types@https://registry.npmjs.org/prop-types/-/prop-types-15.8.1.tgz. Extracting by manifest.
2033 silly tarball no local data for proxy-from-env@https://registry.npmjs.org/proxy-from-env/-/proxy-from-env-1.1.0.tgz. Extracting by manifest.
2034 silly tarball no local data for process-nextick-args@https://registry.npmjs.org/process-nextick-args/-/process-nextick-args-2.0.1.tgz. Extracting by manifest.
2035 silly tarball no local data for postcss-value-parser@https://registry.npmjs.org/postcss-value-parser/-/postcss-value-parser-4.2.0.tgz. Extracting by manifest.
2036 silly tarball no local data for prelude-ls@https://registry.npmjs.org/prelude-ls/-/prelude-ls-1.2.1.tgz. Extracting by manifest.
2037 silly tarball no local data for postcss-selector-parser@https://registry.npmjs.org/postcss-selector-parser/-/postcss-selector-parser-6.0.10.tgz. Extracting by manifest.
2038 silly tarball no local data for postcss-nested@https://registry.npmjs.org/postcss-nested/-/postcss-nested-6.2.0.tgz. Extracting by manifest.
2039 silly tarball no local data for postcss-load-config@https://registry.npmjs.org/postcss-load-config/-/postcss-load-config-6.0.1.tgz. Extracting by manifest.
2040 silly tarball no local data for postcss-js@https://registry.npmjs.org/postcss-js/-/postcss-js-4.1.0.tgz. Extracting by manifest.
2041 silly tarball no local data for postcss-import@https://registry.npmjs.org/postcss-import/-/postcss-import-15.1.0.tgz. Extracting by manifest.
2042 silly tarball no local data for postcss@https://registry.npmjs.org/postcss/-/postcss-8.5.6.tgz. Extracting by manifest.
2043 silly tarball no local data for possible-typed-array-names@https://registry.npmjs.org/possible-typed-array-names/-/possible-typed-array-names-1.1.0.tgz. Extracting by manifest.
2044 silly tarball no local data for pify@https://registry.npmjs.org/pify/-/pify-2.3.0.tgz. Extracting by manifest.
2045 silly tarball no local data for picomatch@https://registry.npmjs.org/picomatch/-/picomatch-2.3.1.tgz. Extracting by manifest.
2046 silly tarball no local data for picocolors@https://registry.npmjs.org/picocolors/-/picocolors-1.1.1.tgz. Extracting by manifest.
2047 silly tarball no local data for pirates@https://registry.npmjs.org/pirates/-/pirates-4.0.7.tgz. Extracting by manifest.
2048 silly tarball no local data for performance-now@https://registry.npmjs.org/performance-now/-/performance-now-2.1.0.tgz. Extracting by manifest.
2049 silly tarball no local data for pdfjs-dist@https://registry.npmjs.org/pdfjs-dist/-/pdfjs-dist-5.4.296.tgz. Extracting by manifest.
2050 silly tarball no local data for pdf-lib@https://registry.npmjs.org/pdf-lib/-/pdf-lib-1.17.1.tgz. Extracting by manifest.
2051 silly tarball no local data for path-type@https://registry.npmjs.org/path-type/-/path-type-4.0.0.tgz. Extracting by manifest.
2052 silly tarball no local data for path-scurry@https://registry.npmjs.org/path-scurry/-/path-scurry-1.11.1.tgz. Extracting by manifest.
2053 silly tarball no local data for path-parse@https://registry.npmjs.org/path-parse/-/path-parse-1.0.7.tgz. Extracting by manifest.
2054 silly tarball no local data for path-key@https://registry.npmjs.org/path-key/-/path-key-3.1.1.tgz. Extracting by manifest.
2055 silly tarball no local data for path-exists@https://registry.npmjs.org/path-exists/-/path-exists-4.0.0.tgz. Extracting by manifest.
2056 silly tarball no local data for patch-package@https://registry.npmjs.org/patch-package/-/patch-package-8.0.1.tgz. Extracting by manifest.
2057 silly tarball no local data for path-is-absolute@https://registry.npmjs.org/path-is-absolute/-/path-is-absolute-1.0.1.tgz. Extracting by manifest.
2058 silly tarball no local data for parent-module@https://registry.npmjs.org/parent-module/-/parent-module-1.0.1.tgz. Extracting by manifest.
2059 silly tarball no local data for parse-entities@https://registry.npmjs.org/parse-entities/-/parse-entities-4.0.2.tgz. Extracting by manifest.
2060 silly tarball no local data for parse-svg-path@https://registry.npmjs.org/parse-svg-path/-/parse-svg-path-0.1.2.tgz. Extracting by manifest.
2061 silly tarball no local data for p-locate@https://registry.npmjs.org/p-locate/-/p-locate-5.0.0.tgz. Extracting by manifest.
2062 silly tarball no local data for pako@https://registry.npmjs.org/pako/-/pako-1.0.11.tgz. Extracting by manifest.
2063 silly tarball no local data for own-keys@https://registry.npmjs.org/own-keys/-/own-keys-1.0.1.tgz. Extracting by manifest.
2064 silly tarball no local data for p-limit@https://registry.npmjs.org/p-limit/-/p-limit-3.1.0.tgz. Extracting by manifest.
2065 silly tarball no local data for optionator@https://registry.npmjs.org/optionator/-/optionator-0.9.4.tgz. Extracting by manifest.
2066 silly tarball no local data for open@https://registry.npmjs.org/open/-/open-7.4.2.tgz. Extracting by manifest.
2067 silly tarball no local data for object.values@https://registry.npmjs.org/object.values/-/object.values-1.2.1.tgz. Extracting by manifest.
2068 silly tarball no local data for object.groupby@https://registry.npmjs.org/object.groupby/-/object.groupby-1.0.3.tgz. Extracting by manifest.
2069 silly tarball no local data for once@https://registry.npmjs.org/once/-/once-1.4.0.tgz. Extracting by manifest.
2070 silly tarball no local data for object.fromentries@https://registry.npmjs.org/object.fromentries/-/object.fromentries-2.0.8.tgz. Extracting by manifest.
2071 silly tarball no local data for object.assign@https://registry.npmjs.org/object.assign/-/object.assign-4.1.7.tgz. Extracting by manifest.
2072 silly tarball no local data for object.entries@https://registry.npmjs.org/object.entries/-/object.entries-1.1.9.tgz. Extracting by manifest.
2073 silly tarball no local data for object-keys@https://registry.npmjs.org/object-keys/-/object-keys-1.1.1.tgz. Extracting by manifest.
2074 silly tarball no local data for object-inspect@https://registry.npmjs.org/object-inspect/-/object-inspect-1.13.4.tgz. Extracting by manifest.
2075 silly tarball no local data for object-hash@https://registry.npmjs.org/object-hash/-/object-hash-3.0.0.tgz. Extracting by manifest.
2076 silly tarball no local data for oauth-sign@https://registry.npmjs.org/oauth-sign/-/oauth-sign-0.9.0.tgz. Extracting by manifest.
2077 silly tarball no local data for object-assign@https://registry.npmjs.org/object-assign/-/object-assign-4.1.1.tgz. Extracting by manifest.
2078 silly tarball no local data for null-loader@https://registry.npmjs.org/null-loader/-/null-loader-4.0.1.tgz. Extracting by manifest.
2079 silly tarball no local data for normalize-svg-path@https://registry.npmjs.org/normalize-svg-path/-/normalize-svg-path-1.1.0.tgz. Extracting by manifest.
2080 silly tarball no local data for normalize-path@https://registry.npmjs.org/normalize-path/-/normalize-path-3.0.0.tgz. Extracting by manifest.
2081 silly tarball no local data for node-releases@https://registry.npmjs.org/node-releases/-/node-releases-2.0.26.tgz. Extracting by manifest.
2082 silly tarball no local data for node-telegram-bot-api@https://registry.npmjs.org/node-telegram-bot-api/-/node-telegram-bot-api-0.66.0.tgz. Extracting by manifest.
2083 silly tarball no local data for node-fetch@https://registry.npmjs.org/node-fetch/-/node-fetch-2.7.0.tgz. Extracting by manifest.
2084 silly tarball no local data for neo-async@https://registry.npmjs.org/neo-async/-/neo-async-2.6.2.tgz. Extracting by manifest.
2085 silly tarball no local data for natural-compare@https://registry.npmjs.org/natural-compare/-/natural-compare-1.4.0.tgz. Extracting by manifest.
2086 silly tarball no local data for napi-postinstall@https://registry.npmjs.org/napi-postinstall/-/napi-postinstall-0.3.4.tgz. Extracting by manifest.
2087 silly tarball no local data for nanoid@https://registry.npmjs.org/nanoid/-/nanoid-5.1.6.tgz. Extracting by manifest.
2088 silly tarball no local data for mz@https://registry.npmjs.org/mz/-/mz-2.7.0.tgz. Extracting by manifest.
2089 silly tarball no local data for next@https://registry.npmjs.org/next/-/next-14.2.35.tgz. Extracting by manifest.
2090 silly tarball no local data for ms@https://registry.npmjs.org/ms/-/ms-2.1.3.tgz. Extracting by manifest.
2091 silly tarball no local data for motion-utils@https://registry.npmjs.org/motion-utils/-/motion-utils-11.18.1.tgz. Extracting by manifest.
2092 silly tarball no local data for minipass@https://registry.npmjs.org/minipass/-/minipass-7.1.2.tgz. Extracting by manifest.
2093 silly tarball no local data for minimist@https://registry.npmjs.org/minimist/-/minimist-1.2.8.tgz. Extracting by manifest.
2094 silly tarball no local data for motion-dom@https://registry.npmjs.org/motion-dom/-/motion-dom-11.18.1.tgz. Extracting by manifest.
2095 silly tarball no local data for minimatch@https://registry.npmjs.org/minimatch/-/minimatch-3.1.2.tgz. Extracting by manifest.
2096 silly tarball no local data for mime-db@https://registry.npmjs.org/mime-db/-/mime-db-1.52.0.tgz. Extracting by manifest.
2097 silly tarball no local data for mime-types@https://registry.npmjs.org/mime-types/-/mime-types-2.1.35.tgz. Extracting by manifest.
2098 silly tarball no local data for mime@https://registry.npmjs.org/mime/-/mime-1.6.0.tgz. Extracting by manifest.
2099 silly tarball no local data for micromatch@https://registry.npmjs.org/micromatch/-/micromatch-4.0.8.tgz. Extracting by manifest.
2100 silly tarball no local data for micromark-util-types@https://registry.npmjs.org/micromark-util-types/-/micromark-util-types-2.0.2.tgz. Extracting by manifest.
2101 silly tarball no local data for micromark-util-symbol@https://registry.npmjs.org/micromark-util-symbol/-/micromark-util-symbol-2.0.1.tgz. Extracting by manifest.
2102 silly tarball no local data for micromark-util-subtokenize@https://registry.npmjs.org/micromark-util-subtokenize/-/micromark-util-subtokenize-2.1.0.tgz. Extracting by manifest.
2103 silly tarball no local data for micromark-util-sanitize-uri@https://registry.npmjs.org/micromark-util-sanitize-uri/-/micromark-util-sanitize-uri-2.0.1.tgz. Extracting by manifest.
2104 silly tarball no local data for micromark-util-resolve-all@https://registry.npmjs.org/micromark-util-resolve-all/-/micromark-util-resolve-all-2.0.1.tgz. Extracting by manifest.
2105 silly tarball no local data for micromark-util-html-tag-name@https://registry.npmjs.org/micromark-util-html-tag-name/-/micromark-util-html-tag-name-2.0.1.tgz. Extracting by manifest.
2106 silly tarball no local data for micromark-util-normalize-identifier@https://registry.npmjs.org/micromark-util-normalize-identifier/-/micromark-util-normalize-identifier-2.0.1.tgz. Extracting by manifest.
2107 silly tarball no local data for micromark-util-encode@https://registry.npmjs.org/micromark-util-encode/-/micromark-util-encode-2.0.1.tgz. Extracting by manifest.
2108 silly tarball no local data for micromark-util-decode-string@https://registry.npmjs.org/micromark-util-decode-string/-/micromark-util-decode-string-2.0.1.tgz. Extracting by manifest.
2109 silly tarball no local data for micromark-util-decode-numeric-character-reference@https://registry.npmjs.org/micromark-util-decode-numeric-character-reference/-/micromark-util-decode-numeric-character-reference-2.0.2.tgz. Extracting by manifest.
2110 silly tarball no local data for micromark-util-combine-extensions@https://registry.npmjs.org/micromark-util-combine-extensions/-/micromark-util-combine-extensions-2.0.1.tgz. Extracting by manifest.
2111 silly tarball no local data for micromark-util-classify-character@https://registry.npmjs.org/micromark-util-classify-character/-/micromark-util-classify-character-2.0.1.tgz. Extracting by manifest.
2112 silly tarball no local data for micromark-util-chunked@https://registry.npmjs.org/micromark-util-chunked/-/micromark-util-chunked-2.0.1.tgz. Extracting by manifest.
2113 silly tarball no local data for micromark-util-character@https://registry.npmjs.org/micromark-util-character/-/micromark-util-character-2.1.1.tgz. Extracting by manifest.
2114 silly tarball no local data for micromark-factory-whitespace@https://registry.npmjs.org/micromark-factory-whitespace/-/micromark-factory-whitespace-2.0.1.tgz. Extracting by manifest.
2115 silly tarball no local data for micromark-factory-title@https://registry.npmjs.org/micromark-factory-title/-/micromark-factory-title-2.0.1.tgz. Extracting by manifest.
2116 silly tarball no local data for micromark-factory-space@https://registry.npmjs.org/micromark-factory-space/-/micromark-factory-space-2.0.1.tgz. Extracting by manifest.
2117 silly tarball no local data for micromark-factory-label@https://registry.npmjs.org/micromark-factory-label/-/micromark-factory-label-2.0.1.tgz. Extracting by manifest.
2118 silly tarball no local data for micromark-factory-destination@https://registry.npmjs.org/micromark-factory-destination/-/micromark-factory-destination-2.0.1.tgz. Extracting by manifest.
2119 silly tarball no local data for micromark-extension-gfm-tagfilter@https://registry.npmjs.org/micromark-extension-gfm-tagfilter/-/micromark-extension-gfm-tagfilter-2.0.0.tgz. Extracting by manifest.
2120 silly tarball no local data for micromark-extension-gfm-task-list-item@https://registry.npmjs.org/micromark-extension-gfm-task-list-item/-/micromark-extension-gfm-task-list-item-2.1.0.tgz. Extracting by manifest.
2121 silly tarball no local data for micromark-extension-gfm-table@https://registry.npmjs.org/micromark-extension-gfm-table/-/micromark-extension-gfm-table-2.1.1.tgz. Extracting by manifest.
2122 silly tarball no local data for micromark-extension-gfm-strikethrough@https://registry.npmjs.org/micromark-extension-gfm-strikethrough/-/micromark-extension-gfm-strikethrough-2.1.0.tgz. Extracting by manifest.
2123 silly tarball no local data for micromark-extension-gfm-footnote@https://registry.npmjs.org/micromark-extension-gfm-footnote/-/micromark-extension-gfm-footnote-2.1.0.tgz. Extracting by manifest.
2124 silly tarball no local data for micromark-extension-gfm-autolink-literal@https://registry.npmjs.org/micromark-extension-gfm-autolink-literal/-/micromark-extension-gfm-autolink-literal-2.1.0.tgz. Extracting by manifest.
2125 silly tarball no local data for micromark-extension-gfm@https://registry.npmjs.org/micromark-extension-gfm/-/micromark-extension-gfm-3.0.0.tgz. Extracting by manifest.
2126 silly tarball no local data for micromark-core-commonmark@https://registry.npmjs.org/micromark-core-commonmark/-/micromark-core-commonmark-2.0.3.tgz. Extracting by manifest.
2127 silly tarball no local data for micromark@https://registry.npmjs.org/micromark/-/micromark-4.0.2.tgz. Extracting by manifest.
2128 silly tarball no local data for merge2@https://registry.npmjs.org/merge2/-/merge2-1.4.1.tgz. Extracting by manifest.
2129 silly tarball no local data for merge-refs@https://registry.npmjs.org/merge-refs/-/merge-refs-2.0.0.tgz. Extracting by manifest.
2130 silly tarball no local data for merge-stream@https://registry.npmjs.org/merge-stream/-/merge-stream-2.0.0.tgz. Extracting by manifest.
2131 silly tarball no local data for media-engine@https://registry.npmjs.org/media-engine/-/media-engine-1.0.3.tgz. Extracting by manifest.
2132 silly tarball no local data for mdast-util-to-string@https://registry.npmjs.org/mdast-util-to-string/-/mdast-util-to-string-4.0.0.tgz. Extracting by manifest.
2133 silly tarball no local data for mdast-util-to-markdown@https://registry.npmjs.org/mdast-util-to-markdown/-/mdast-util-to-markdown-2.1.2.tgz. Extracting by manifest.
2134 silly tarball no local data for mdast-util-to-hast@https://registry.npmjs.org/mdast-util-to-hast/-/mdast-util-to-hast-13.2.0.tgz. Extracting by manifest.
2135 silly tarball no local data for mdast-util-mdxjs-esm@https://registry.npmjs.org/mdast-util-mdxjs-esm/-/mdast-util-mdxjs-esm-2.0.1.tgz. Extracting by manifest.
2136 silly tarball no local data for mdast-util-phrasing@https://registry.npmjs.org/mdast-util-phrasing/-/mdast-util-phrasing-4.1.0.tgz. Extracting by manifest.
2137 silly tarball no local data for mdast-util-mdx-jsx@https://registry.npmjs.org/mdast-util-mdx-jsx/-/mdast-util-mdx-jsx-3.2.0.tgz. Extracting by manifest.
2138 silly tarball no local data for mdast-util-mdx-expression@https://registry.npmjs.org/mdast-util-mdx-expression/-/mdast-util-mdx-expression-2.0.1.tgz. Extracting by manifest.
2139 silly tarball no local data for mdast-util-gfm-task-list-item@https://registry.npmjs.org/mdast-util-gfm-task-list-item/-/mdast-util-gfm-task-list-item-2.0.0.tgz. Extracting by manifest.
2140 silly tarball no local data for mdast-util-gfm-table@https://registry.npmjs.org/mdast-util-gfm-table/-/mdast-util-gfm-table-2.0.0.tgz. Extracting by manifest.
2141 silly tarball no local data for mdast-util-gfm-strikethrough@https://registry.npmjs.org/mdast-util-gfm-strikethrough/-/mdast-util-gfm-strikethrough-2.0.0.tgz. Extracting by manifest.
2142 silly tarball no local data for mdast-util-gfm-footnote@https://registry.npmjs.org/mdast-util-gfm-footnote/-/mdast-util-gfm-footnote-2.1.0.tgz. Extracting by manifest.
2143 silly tarball no local data for mdast-util-gfm-autolink-literal@https://registry.npmjs.org/mdast-util-gfm-autolink-literal/-/mdast-util-gfm-autolink-literal-2.0.1.tgz. Extracting by manifest.
2144 silly tarball no local data for mdast-util-gfm@https://registry.npmjs.org/mdast-util-gfm/-/mdast-util-gfm-3.1.0.tgz. Extracting by manifest.
2145 silly tarball no local data for mdast-util-from-markdown@https://registry.npmjs.org/mdast-util-from-markdown/-/mdast-util-from-markdown-2.0.2.tgz. Extracting by manifest.
2146 silly tarball no local data for mdast-util-find-and-replace@https://registry.npmjs.org/mdast-util-find-and-replace/-/mdast-util-find-and-replace-3.0.2.tgz. Extracting by manifest.
2147 silly tarball no local data for math-intrinsics@https://registry.npmjs.org/math-intrinsics/-/math-intrinsics-1.1.0.tgz. Extracting by manifest.
2148 silly tarball no local data for make-event-props@https://registry.npmjs.org/make-event-props/-/make-event-props-2.0.0.tgz. Extracting by manifest.
2149 silly tarball no local data for markdown-table@https://registry.npmjs.org/markdown-table/-/markdown-table-3.0.4.tgz. Extracting by manifest.
2150 silly tarball no local data for make-cancellable-promise@https://registry.npmjs.org/make-cancellable-promise/-/make-cancellable-promise-2.0.0.tgz. Extracting by manifest.
2151 silly tarball no local data for lucide-react@https://registry.npmjs.org/lucide-react/-/lucide-react-0.475.0.tgz. Extracting by manifest.
2152 silly tarball no local data for lru-cache@https://registry.npmjs.org/lru-cache/-/lru-cache-10.4.3.tgz. Extracting by manifest.
2153 silly tarball no local data for loose-envify@https://registry.npmjs.org/loose-envify/-/loose-envify-1.4.0.tgz. Extracting by manifest.
2154 silly tarball no local data for longest-streak@https://registry.npmjs.org/longest-streak/-/longest-streak-3.1.0.tgz. Extracting by manifest.
2155 silly tarball no local data for long@https://registry.npmjs.org/long/-/long-5.3.2.tgz. Extracting by manifest.
2156 silly tarball no local data for lodash.merge@https://registry.npmjs.org/lodash.merge/-/lodash.merge-4.6.2.tgz. Extracting by manifest.
2157 silly tarball no local data for lodash.camelcase@https://registry.npmjs.org/lodash.camelcase/-/lodash.camelcase-4.3.0.tgz. Extracting by manifest.
2158 silly tarball no local data for lodash@https://registry.npmjs.org/lodash/-/lodash-4.17.21.tgz. Extracting by manifest.
2159 silly tarball no local data for locate-path@https://registry.npmjs.org/locate-path/-/locate-path-6.0.0.tgz. Extracting by manifest.
2160 silly tarball no local data for loader-utils@https://registry.npmjs.org/loader-utils/-/loader-utils-2.0.4.tgz. Extracting by manifest.
2161 silly tarball no local data for loader-runner@https://registry.npmjs.org/loader-runner/-/loader-runner-4.3.1.tgz. Extracting by manifest.
2162 silly tarball no local data for lines-and-columns@https://registry.npmjs.org/lines-and-columns/-/lines-and-columns-1.2.4.tgz. Extracting by manifest.
2163 silly tarball no local data for linebreak@https://registry.npmjs.org/linebreak/-/linebreak-1.1.0.tgz. Extracting by manifest.
2164 silly tarball no local data for lilconfig@https://registry.npmjs.org/lilconfig/-/lilconfig-3.1.3.tgz. Extracting by manifest.
2165 silly tarball no local data for lie@https://registry.npmjs.org/lie/-/lie-3.3.0.tgz. Extracting by manifest.
2166 silly tarball no local data for levn@https://registry.npmjs.org/levn/-/levn-0.4.1.tgz. Extracting by manifest.
2167 silly tarball no local data for language-tags@https://registry.npmjs.org/language-tags/-/language-tags-1.0.9.tgz. Extracting by manifest.
2168 silly tarball no local data for language-subtag-registry@https://registry.npmjs.org/language-subtag-registry/-/language-subtag-registry-0.3.23.tgz. Extracting by manifest.
2169 silly tarball no local data for klaw-sync@https://registry.npmjs.org/klaw-sync/-/klaw-sync-6.0.0.tgz. Extracting by manifest.
2170 silly tarball no local data for keyv@https://registry.npmjs.org/keyv/-/keyv-4.5.4.tgz. Extracting by manifest.
2171 silly tarball no local data for jszip@https://registry.npmjs.org/jszip/-/jszip-3.10.1.tgz. Extracting by manifest.
2172 silly tarball no local data for jsx-ast-utils@https://registry.npmjs.org/jsx-ast-utils/-/jsx-ast-utils-3.3.5.tgz. Extracting by manifest.
2173 silly tarball no local data for jsprim@https://registry.npmjs.org/jsprim/-/jsprim-2.0.2.tgz. Extracting by manifest.
2174 silly tarball no local data for jsonify@https://registry.npmjs.org/jsonify/-/jsonify-0.0.1.tgz. Extracting by manifest.
2175 silly tarball no local data for jsonfile@https://registry.npmjs.org/jsonfile/-/jsonfile-6.2.0.tgz. Extracting by manifest.
2176 silly tarball no local data for json5@https://registry.npmjs.org/json5/-/json5-2.2.3.tgz. Extracting by manifest.
2177 silly tarball no local data for json-stringify-safe@https://registry.npmjs.org/json-stringify-safe/-/json-stringify-safe-5.0.1.tgz. Extracting by manifest.
2178 silly tarball no local data for json-stable-stringify-without-jsonify@https://registry.npmjs.org/json-stable-stringify-without-jsonify/-/json-stable-stringify-without-jsonify-1.0.1.tgz. Extracting by manifest.
2179 silly tarball no local data for json-stable-stringify@https://registry.npmjs.org/json-stable-stringify/-/json-stable-stringify-1.3.0.tgz. Extracting by manifest.
2180 silly tarball no local data for json-schema-traverse@https://registry.npmjs.org/json-schema-traverse/-/json-schema-traverse-0.4.1.tgz. Extracting by manifest.
2181 silly tarball no local data for json-schema@https://registry.npmjs.org/json-schema/-/json-schema-0.4.0.tgz. Extracting by manifest.
2182 silly tarball no local data for json-parse-even-better-errors@https://registry.npmjs.org/json-parse-even-better-errors/-/json-parse-even-better-errors-2.3.1.tgz. Extracting by manifest.
2183 silly tarball no local data for jsbn@https://registry.npmjs.org/jsbn/-/jsbn-0.1.1.tgz. Extracting by manifest.
2184 silly tarball no local data for json-buffer@https://registry.npmjs.org/json-buffer/-/json-buffer-3.0.1.tgz. Extracting by manifest.
2185 silly tarball no local data for js-yaml@https://registry.npmjs.org/js-yaml/-/js-yaml-4.1.0.tgz. Extracting by manifest.
2186 silly tarball no local data for js-tokens@https://registry.npmjs.org/js-tokens/-/js-tokens-4.0.0.tgz. Extracting by manifest.
2187 silly tarball no local data for jose@https://registry.npmjs.org/jose/-/jose-5.10.0.tgz. Extracting by manifest.
2188 silly tarball no local data for jiti@https://registry.npmjs.org/jiti/-/jiti-1.21.7.tgz. Extracting by manifest.
2189 silly tarball no local data for jest-worker@https://registry.npmjs.org/jest-worker/-/jest-worker-27.5.1.tgz. Extracting by manifest.
2190 silly tarball no local data for jay-peg@https://registry.npmjs.org/jay-peg/-/jay-peg-1.1.1.tgz. Extracting by manifest.
2191 silly tarball no local data for isstream@https://registry.npmjs.org/isstream/-/isstream-0.1.2.tgz. Extracting by manifest.
2192 silly tarball no local data for jackspeak@https://registry.npmjs.org/jackspeak/-/jackspeak-2.3.6.tgz. Extracting by manifest.
2193 silly tarball no local data for iterator.prototype@https://registry.npmjs.org/iterator.prototype/-/iterator.prototype-1.1.5.tgz. Extracting by manifest.
2194 silly tarball no local data for isexe@https://registry.npmjs.org/isexe/-/isexe-2.0.0.tgz. Extracting by manifest.
2195 silly tarball no local data for isarray@https://registry.npmjs.org/isarray/-/isarray-2.0.5.tgz. Extracting by manifest.
2196 silly tarball no local data for is-wsl@https://registry.npmjs.org/is-wsl/-/is-wsl-2.2.0.tgz. Extracting by manifest.
2197 silly tarball no local data for is-weakset@https://registry.npmjs.org/is-weakset/-/is-weakset-2.0.4.tgz. Extracting by manifest.
2198 silly tarball no local data for is-weakref@https://registry.npmjs.org/is-weakref/-/is-weakref-1.1.1.tgz. Extracting by manifest.
2199 silly tarball no local data for is-weakmap@https://registry.npmjs.org/is-weakmap/-/is-weakmap-2.0.2.tgz. Extracting by manifest.
2200 silly tarball no local data for is-url@https://registry.npmjs.org/is-url/-/is-url-1.2.4.tgz. Extracting by manifest.
2201 silly tarball no local data for is-typedarray@https://registry.npmjs.org/is-typedarray/-/is-typedarray-1.0.0.tgz. Extracting by manifest.
2202 silly tarball no local data for is-typed-array@https://registry.npmjs.org/is-typed-array/-/is-typed-array-1.1.15.tgz. Extracting by manifest.
2203 silly tarball no local data for is-symbol@https://registry.npmjs.org/is-symbol/-/is-symbol-1.1.1.tgz. Extracting by manifest.
2204 silly tarball no local data for is-string@https://registry.npmjs.org/is-string/-/is-string-1.1.1.tgz. Extracting by manifest.
2205 silly tarball no local data for is-shared-array-buffer@https://registry.npmjs.org/is-shared-array-buffer/-/is-shared-array-buffer-1.0.4.tgz. Extracting by manifest.
2206 silly tarball no local data for is-set@https://registry.npmjs.org/is-set/-/is-set-2.0.3.tgz. Extracting by manifest.
2207 silly tarball no local data for is-regex@https://registry.npmjs.org/is-regex/-/is-regex-1.2.1.tgz. Extracting by manifest.
2208 silly tarball no local data for is-plain-obj@https://registry.npmjs.org/is-plain-obj/-/is-plain-obj-4.1.0.tgz. Extracting by manifest.
2209 silly tarball no local data for is-path-inside@https://registry.npmjs.org/is-path-inside/-/is-path-inside-3.0.3.tgz. Extracting by manifest.
2210 silly tarball no local data for is-number-object@https://registry.npmjs.org/is-number-object/-/is-number-object-1.1.1.tgz. Extracting by manifest.
2211 silly tarball no local data for is-number@https://registry.npmjs.org/is-number/-/is-number-7.0.0.tgz. Extracting by manifest.
2212 silly tarball no local data for is-negative-zero@https://registry.npmjs.org/is-negative-zero/-/is-negative-zero-2.0.3.tgz. Extracting by manifest.
2213 silly tarball no local data for is-map@https://registry.npmjs.org/is-map/-/is-map-2.0.3.tgz. Extracting by manifest.
2214 silly tarball no local data for is-glob@https://registry.npmjs.org/is-glob/-/is-glob-4.0.3.tgz. Extracting by manifest.
2215 silly tarball no local data for is-hexadecimal@https://registry.npmjs.org/is-hexadecimal/-/is-hexadecimal-2.0.1.tgz. Extracting by manifest.
2216 silly tarball no local data for is-generator-function@https://registry.npmjs.org/is-generator-function/-/is-generator-function-1.1.2.tgz. Extracting by manifest.
2217 silly tarball no local data for is-fullwidth-code-point@https://registry.npmjs.org/is-fullwidth-code-point/-/is-fullwidth-code-point-3.0.0.tgz. Extracting by manifest.
2218 silly tarball no local data for is-finalizationregistry@https://registry.npmjs.org/is-finalizationregistry/-/is-finalizationregistry-1.1.1.tgz. Extracting by manifest.
2219 silly tarball no local data for is-extglob@https://registry.npmjs.org/is-extglob/-/is-extglob-2.1.1.tgz. Extracting by manifest.
2220 silly tarball no local data for is-docker@https://registry.npmjs.org/is-docker/-/is-docker-2.2.1.tgz. Extracting by manifest.
2221 silly tarball no local data for is-decimal@https://registry.npmjs.org/is-decimal/-/is-decimal-2.0.1.tgz. Extracting by manifest.
2222 silly tarball no local data for is-date-object@https://registry.npmjs.org/is-date-object/-/is-date-object-1.1.0.tgz. Extracting by manifest.
2223 silly tarball no local data for is-data-view@https://registry.npmjs.org/is-data-view/-/is-data-view-1.0.2.tgz. Extracting by manifest.
2224 silly tarball no local data for is-core-module@https://registry.npmjs.org/is-core-module/-/is-core-module-2.16.1.tgz. Extracting by manifest.
2225 silly tarball no local data for is-callable@https://registry.npmjs.org/is-callable/-/is-callable-1.2.7.tgz. Extracting by manifest.
2226 silly tarball no local data for is-bun-module@https://registry.npmjs.org/is-bun-module/-/is-bun-module-2.0.0.tgz. Extracting by manifest.
2227 silly tarball no local data for is-boolean-object@https://registry.npmjs.org/is-boolean-object/-/is-boolean-object-1.2.2.tgz. Extracting by manifest.
2228 silly tarball no local data for is-binary-path@https://registry.npmjs.org/is-binary-path/-/is-binary-path-2.1.0.tgz. Extracting by manifest.
2229 silly tarball no local data for is-bigint@https://registry.npmjs.org/is-bigint/-/is-bigint-1.1.0.tgz. Extracting by manifest.
2230 silly tarball no local data for next-themes@https://registry.npmjs.org/next-themes/-/next-themes-0.3.0.tgz. Extracting by manifest.
2231 silly tarball no local data for is-arrayish@https://registry.npmjs.org/is-arrayish/-/is-arrayish-0.3.4.tgz. Extracting by manifest.
2232 silly tarball no local data for is-array-buffer@https://registry.npmjs.org/is-array-buffer/-/is-array-buffer-3.0.5.tgz. Extracting by manifest.
2233 silly tarball no local data for is-async-function@https://registry.npmjs.org/is-async-function/-/is-async-function-2.1.1.tgz. Extracting by manifest.
2234 silly tarball no local data for is-alphanumerical@https://registry.npmjs.org/is-alphanumerical/-/is-alphanumerical-2.0.1.tgz. Extracting by manifest.
2235 silly tarball no local data for is-alphabetical@https://registry.npmjs.org/is-alphabetical/-/is-alphabetical-2.0.1.tgz. Extracting by manifest.
2236 silly tarball no local data for internmap@https://registry.npmjs.org/internmap/-/internmap-2.0.3.tgz. Extracting by manifest.
2237 silly tarball no local data for internal-slot@https://registry.npmjs.org/internal-slot/-/internal-slot-1.1.0.tgz. Extracting by manifest.
2238 silly tarball no local data for inline-style-parser@https://registry.npmjs.org/inline-style-parser/-/inline-style-parser-0.2.4.tgz. Extracting by manifest.
2239 silly tarball no local data for inherits@https://registry.npmjs.org/inherits/-/inherits-2.0.4.tgz. Extracting by manifest.
2240 silly tarball no local data for inflight@https://registry.npmjs.org/inflight/-/inflight-1.0.6.tgz. Extracting by manifest.
2241 silly tarball no local data for imurmurhash@https://registry.npmjs.org/imurmurhash/-/imurmurhash-0.1.4.tgz. Extracting by manifest.
2242 silly tarball no local data for immediate@https://registry.npmjs.org/immediate/-/immediate-3.0.6.tgz. Extracting by manifest.
2243 silly tarball no local data for import-fresh@https://registry.npmjs.org/import-fresh/-/import-fresh-3.3.1.tgz. Extracting by manifest.
2244 silly tarball no local data for ignore@https://registry.npmjs.org/ignore/-/ignore-5.3.2.tgz. Extracting by manifest.
2245 silly tarball no local data for http-signature@https://registry.npmjs.org/http-signature/-/http-signature-1.4.0.tgz. Extracting by manifest.
2246 silly tarball no local data for hyphen@https://registry.npmjs.org/hyphen/-/hyphen-1.10.6.tgz. Extracting by manifest.
2247 silly tarball no local data for html-url-attributes@https://registry.npmjs.org/html-url-attributes/-/html-url-attributes-3.0.1.tgz. Extracting by manifest.
2248 silly tarball no local data for http-parser-js@https://registry.npmjs.org/http-parser-js/-/http-parser-js-0.5.10.tgz. Extracting by manifest.
2249 silly tarball no local data for hsl-to-rgb-for-reals@https://registry.npmjs.org/hsl-to-rgb-for-reals/-/hsl-to-rgb-for-reals-1.1.1.tgz. Extracting by manifest.
2250 silly tarball no local data for hsl-to-hex@https://registry.npmjs.org/hsl-to-hex/-/hsl-to-hex-1.0.0.tgz. Extracting by manifest.
2251 silly tarball no local data for hast-util-whitespace@https://registry.npmjs.org/hast-util-whitespace/-/hast-util-whitespace-3.0.0.tgz. Extracting by manifest.
2252 silly tarball no local data for hast-util-to-jsx-runtime@https://registry.npmjs.org/hast-util-to-jsx-runtime/-/hast-util-to-jsx-runtime-2.3.6.tgz. Extracting by manifest.
2253 silly tarball no local data for has-tostringtag@https://registry.npmjs.org/has-tostringtag/-/has-tostringtag-1.0.2.tgz. Extracting by manifest.
2254 silly tarball no local data for has-symbols@https://registry.npmjs.org/has-symbols/-/has-symbols-1.1.0.tgz. Extracting by manifest.
2255 silly tarball no local data for hasown@https://registry.npmjs.org/hasown/-/hasown-2.0.2.tgz. Extracting by manifest.
2256 silly tarball no local data for has-proto@https://registry.npmjs.org/has-proto/-/has-proto-1.2.0.tgz. Extracting by manifest.
2257 silly tarball no local data for has-property-descriptors@https://registry.npmjs.org/has-property-descriptors/-/has-property-descriptors-1.0.2.tgz. Extracting by manifest.
2258 silly tarball no local data for has-flag@https://registry.npmjs.org/has-flag/-/has-flag-4.0.0.tgz. Extracting by manifest.
2259 silly tarball no local data for has-bigints@https://registry.npmjs.org/has-bigints/-/has-bigints-1.1.0.tgz. Extracting by manifest.
2260 silly tarball no local data for har-validator@https://registry.npmjs.org/har-validator/-/har-validator-5.1.5.tgz. Extracting by manifest.
2261 silly tarball no local data for har-schema@https://registry.npmjs.org/har-schema/-/har-schema-2.0.0.tgz. Extracting by manifest.
2262 silly tarball no local data for graphemer@https://registry.npmjs.org/graphemer/-/graphemer-1.4.0.tgz. Extracting by manifest.
2263 silly tarball no local data for gopd@https://registry.npmjs.org/gopd/-/gopd-1.2.0.tgz. Extracting by manifest.
2264 silly tarball no local data for graceful-fs@https://registry.npmjs.org/graceful-fs/-/graceful-fs-4.2.11.tgz. Extracting by manifest.
2265 silly tarball no local data for globby@https://registry.npmjs.org/globby/-/globby-11.1.0.tgz. Extracting by manifest.
2266 silly tarball no local data for globalthis@https://registry.npmjs.org/globalthis/-/globalthis-1.0.4.tgz. Extracting by manifest.
2267 silly tarball no local data for glob-to-regexp@https://registry.npmjs.org/glob-to-regexp/-/glob-to-regexp-0.4.1.tgz. Extracting by manifest.
2268 silly tarball no local data for globals@https://registry.npmjs.org/globals/-/globals-13.24.0.tgz. Extracting by manifest.
2269 silly tarball no local data for glob-parent@https://registry.npmjs.org/glob-parent/-/glob-parent-6.0.2.tgz. Extracting by manifest.
2270 silly tarball no local data for glob@https://registry.npmjs.org/glob/-/glob-10.3.10.tgz. Extracting by manifest.
2271 silly tarball no local data for getpass@https://registry.npmjs.org/getpass/-/getpass-0.1.7.tgz. Extracting by manifest.
2272 silly tarball no local data for get-symbol-description@https://registry.npmjs.org/get-symbol-description/-/get-symbol-description-1.1.0.tgz. Extracting by manifest.
2273 silly tarball no local data for get-proto@https://registry.npmjs.org/get-proto/-/get-proto-1.0.1.tgz. Extracting by manifest.
2274 silly tarball no local data for get-nonce@https://registry.npmjs.org/get-nonce/-/get-nonce-1.0.1.tgz. Extracting by manifest.
2275 silly tarball no local data for get-caller-file@https://registry.npmjs.org/get-caller-file/-/get-caller-file-2.0.5.tgz. Extracting by manifest.
2276 silly tarball no local data for get-intrinsic@https://registry.npmjs.org/get-intrinsic/-/get-intrinsic-1.3.0.tgz. Extracting by manifest.
2277 silly tarball no local data for get-tsconfig@https://registry.npmjs.org/get-tsconfig/-/get-tsconfig-4.12.0.tgz. Extracting by manifest.
2278 silly tarball no local data for generator-function@https://registry.npmjs.org/generator-function/-/generator-function-2.0.1.tgz. Extracting by manifest.
2279 silly tarball no local data for functions-have-names@https://registry.npmjs.org/functions-have-names/-/functions-have-names-1.2.3.tgz. Extracting by manifest.
2280 silly tarball no local data for function.prototype.name@https://registry.npmjs.org/function.prototype.name/-/function.prototype.name-1.1.8.tgz. Extracting by manifest.
2281 silly tarball no local data for function-bind@https://registry.npmjs.org/function-bind/-/function-bind-1.1.2.tgz. Extracting by manifest.
2282 silly tarball no local data for fsevents@https://registry.npmjs.org/fsevents/-/fsevents-2.3.3.tgz. Extracting by manifest.
2283 silly tarball no local data for fs.realpath@https://registry.npmjs.org/fs.realpath/-/fs.realpath-1.0.0.tgz. Extracting by manifest.
2284 silly tarball no local data for fs-extra@https://registry.npmjs.org/fs-extra/-/fs-extra-10.1.0.tgz. Extracting by manifest.
2285 silly tarball no local data for framer-motion@https://registry.npmjs.org/framer-motion/-/framer-motion-11.18.2.tgz. Extracting by manifest.
2286 silly tarball no local data for frac@https://registry.npmjs.org/frac/-/frac-1.1.2.tgz. Extracting by manifest.
2287 silly tarball no local data for forever-agent@https://registry.npmjs.org/forever-agent/-/forever-agent-0.6.1.tgz. Extracting by manifest.
2288 silly tarball no local data for form-data@https://registry.npmjs.org/form-data/-/form-data-2.5.5.tgz. Extracting by manifest.
2289 silly tarball no local data for foreground-child@https://registry.npmjs.org/foreground-child/-/foreground-child-3.3.1.tgz. Extracting by manifest.
2290 silly tarball no local data for for-each@https://registry.npmjs.org/for-each/-/for-each-0.3.5.tgz. Extracting by manifest.
2291 silly tarball no local data for follow-redirects@https://registry.npmjs.org/follow-redirects/-/follow-redirects-1.15.11.tgz. Extracting by manifest.
2292 silly tarball no local data for flat-cache@https://registry.npmjs.org/flat-cache/-/flat-cache-3.2.0.tgz. Extracting by manifest.
2293 silly tarball no local data for fontkit@https://registry.npmjs.org/fontkit/-/fontkit-2.0.4.tgz. Extracting by manifest.
2294 silly tarball no local data for flatted@https://registry.npmjs.org/flatted/-/flatted-3.3.3.tgz. Extracting by manifest.
2295 silly tarball no local data for find-yarn-workspace-root@https://registry.npmjs.org/find-yarn-workspace-root/-/find-yarn-workspace-root-2.0.0.tgz. Extracting by manifest.
2296 silly tarball no local data for fill-range@https://registry.npmjs.org/fill-range/-/fill-range-7.1.1.tgz. Extracting by manifest.
2297 silly tarball no local data for find-up@https://registry.npmjs.org/find-up/-/find-up-5.0.0.tgz. Extracting by manifest.
2298 silly tarball no local data for file-type@https://registry.npmjs.org/file-type/-/file-type-3.9.0.tgz. Extracting by manifest.
2299 silly tarball no local data for file-entry-cache@https://registry.npmjs.org/file-entry-cache/-/file-entry-cache-6.0.1.tgz. Extracting by manifest.
2300 silly tarball no local data for file-selector@https://registry.npmjs.org/file-selector/-/file-selector-2.1.2.tgz. Extracting by manifest.
2301 silly tarball no local data for file-saver@https://registry.npmjs.org/file-saver/-/file-saver-2.0.5.tgz. Extracting by manifest.
2302 silly tarball no local data for faye-websocket@https://registry.npmjs.org/faye-websocket/-/faye-websocket-0.11.4.tgz. Extracting by manifest.
2303 silly tarball no local data for fastq@https://registry.npmjs.org/fastq/-/fastq-1.19.1.tgz. Extracting by manifest.
2304 silly tarball no local data for fast-uri@https://registry.npmjs.org/fast-uri/-/fast-uri-3.1.0.tgz. Extracting by manifest.
2305 silly tarball no local data for fast-xml-parser@https://registry.npmjs.org/fast-xml-parser/-/fast-xml-parser-4.5.3.tgz. Extracting by manifest.
2306 silly tarball no local data for fast-levenshtein@https://registry.npmjs.org/fast-levenshtein/-/fast-levenshtein-2.0.6.tgz. Extracting by manifest.
2307 silly tarball no local data for fast-json-stable-stringify@https://registry.npmjs.org/fast-json-stable-stringify/-/fast-json-stable-stringify-2.1.0.tgz. Extracting by manifest.
2308 silly tarball no local data for fast-equals@https://registry.npmjs.org/fast-equals/-/fast-equals-5.3.2.tgz. Extracting by manifest.
2309 silly tarball no local data for fast-glob@https://registry.npmjs.org/fast-glob/-/fast-glob-3.3.3.tgz. Extracting by manifest.
2310 silly tarball no local data for fast-deep-equal@https://registry.npmjs.org/fast-deep-equal/-/fast-deep-equal-3.1.3.tgz. Extracting by manifest.
2311 silly tarball no local data for extsprintf@https://registry.npmjs.org/extsprintf/-/extsprintf-1.3.0.tgz. Extracting by manifest.
2312 silly tarball no local data for events@https://registry.npmjs.org/events/-/events-3.3.0.tgz. Extracting by manifest.
2313 silly tarball no local data for extend@https://registry.npmjs.org/extend/-/extend-3.0.2.tgz. Extracting by manifest.
2314 silly tarball no local data for eventemitter3@https://registry.npmjs.org/eventemitter3/-/eventemitter3-3.1.2.tgz. Extracting by manifest.
2315 silly tarball no local data for esutils@https://registry.npmjs.org/esutils/-/esutils-2.0.3.tgz. Extracting by manifest.
2316 silly tarball no local data for estraverse@https://registry.npmjs.org/estraverse/-/estraverse-5.3.0.tgz. Extracting by manifest.
2317 silly tarball no local data for estree-util-is-identifier-name@https://registry.npmjs.org/estree-util-is-identifier-name/-/estree-util-is-identifier-name-3.0.0.tgz. Extracting by manifest.
2318 silly tarball no local data for esrecurse@https://registry.npmjs.org/esrecurse/-/esrecurse-4.3.0.tgz. Extracting by manifest.
2319 silly tarball no local data for esquery@https://registry.npmjs.org/esquery/-/esquery-1.6.0.tgz. Extracting by manifest.
2320 silly tarball no local data for eslint-visitor-keys@https://registry.npmjs.org/eslint-visitor-keys/-/eslint-visitor-keys-3.4.3.tgz. Extracting by manifest.
2321 silly tarball no local data for espree@https://registry.npmjs.org/espree/-/espree-9.6.1.tgz. Extracting by manifest.
2322 silly tarball no local data for eslint-scope@https://registry.npmjs.org/eslint-scope/-/eslint-scope-7.2.2.tgz. Extracting by manifest.
2323 silly tarball no local data for eslint-plugin-react-hooks@https://registry.npmjs.org/eslint-plugin-react-hooks/-/eslint-plugin-react-hooks-5.0.0-canary-7118f5dd7-20230705.tgz. Extracting by manifest.
2324 silly tarball no local data for eslint-plugin-jsx-a11y@https://registry.npmjs.org/eslint-plugin-jsx-a11y/-/eslint-plugin-jsx-a11y-6.10.2.tgz. Extracting by manifest.
2325 silly tarball no local data for eslint-plugin-import@https://registry.npmjs.org/eslint-plugin-import/-/eslint-plugin-import-2.32.0.tgz. Extracting by manifest.
2326 silly tarball no local data for eslint-plugin-react@https://registry.npmjs.org/eslint-plugin-react/-/eslint-plugin-react-7.37.5.tgz. Extracting by manifest.
2327 silly tarball no local data for eslint-module-utils@https://registry.npmjs.org/eslint-module-utils/-/eslint-module-utils-2.12.1.tgz. Extracting by manifest.
2328 silly tarball no local data for eslint-import-resolver-typescript@https://registry.npmjs.org/eslint-import-resolver-typescript/-/eslint-import-resolver-typescript-3.10.1.tgz. Extracting by manifest.
2329 silly tarball no local data for eslint-config-next@https://registry.npmjs.org/eslint-config-next/-/eslint-config-next-14.2.5.tgz. Extracting by manifest.
2330 silly tarball no local data for eslint@https://registry.npmjs.org/eslint/-/eslint-8.57.1.tgz. Extracting by manifest.
2331 silly tarball no local data for eslint-import-resolver-node@https://registry.npmjs.org/eslint-import-resolver-node/-/eslint-import-resolver-node-0.3.9.tgz. Extracting by manifest.
2332 silly tarball no local data for escape-string-regexp@https://registry.npmjs.org/escape-string-regexp/-/escape-string-regexp-4.0.0.tgz. Extracting by manifest.
2333 silly tarball no local data for escalade@https://registry.npmjs.org/escalade/-/escalade-3.2.0.tgz. Extracting by manifest.
2334 silly tarball no local data for es-shim-unscopables@https://registry.npmjs.org/es-shim-unscopables/-/es-shim-unscopables-1.1.0.tgz. Extracting by manifest.
2335 silly tarball no local data for es-to-primitive@https://registry.npmjs.org/es-to-primitive/-/es-to-primitive-1.3.0.tgz. Extracting by manifest.
2336 silly tarball no local data for es-set-tostringtag@https://registry.npmjs.org/es-set-tostringtag/-/es-set-tostringtag-2.1.0.tgz. Extracting by manifest.
2337 silly tarball no local data for es-object-atoms@https://registry.npmjs.org/es-object-atoms/-/es-object-atoms-1.1.1.tgz. Extracting by manifest.
2338 silly tarball no local data for es-errors@https://registry.npmjs.org/es-errors/-/es-errors-1.3.0.tgz. Extracting by manifest.
2339 silly tarball no local data for es-module-lexer@https://registry.npmjs.org/es-module-lexer/-/es-module-lexer-1.7.0.tgz. Extracting by manifest.
2340 silly tarball no local data for es-iterator-helpers@https://registry.npmjs.org/es-iterator-helpers/-/es-iterator-helpers-1.2.1.tgz. Extracting by manifest.
2341 silly tarball no local data for es-abstract@https://registry.npmjs.org/es-abstract/-/es-abstract-1.24.0.tgz. Extracting by manifest.
2342 silly tarball no local data for es-define-property@https://registry.npmjs.org/es-define-property/-/es-define-property-1.0.1.tgz. Extracting by manifest.
2343 silly tarball no local data for error-kid@https://registry.npmjs.org/error-kid/-/error-kid-0.0.7.tgz. Extracting by manifest.
2344 silly tarball no local data for enhanced-resolve@https://registry.npmjs.org/enhanced-resolve/-/enhanced-resolve-5.18.3.tgz. Extracting by manifest.
2345 silly tarball no local data for end-of-stream@https://registry.npmjs.org/end-of-stream/-/end-of-stream-1.4.5.tgz. Extracting by manifest.
2346 silly tarball no local data for emojis-list@https://registry.npmjs.org/emojis-list/-/emojis-list-3.0.0.tgz. Extracting by manifest.
2347 silly tarball no local data for emoji-regex@https://registry.npmjs.org/emoji-regex/-/emoji-regex-10.6.0.tgz. Extracting by manifest.
2348 silly tarball no local data for electron-to-chromium@https://registry.npmjs.org/electron-to-chromium/-/electron-to-chromium-1.5.237.tgz. Extracting by manifest.
2349 silly tarball no local data for ecc-jsbn@https://registry.npmjs.org/ecc-jsbn/-/ecc-jsbn-0.1.2.tgz. Extracting by manifest.
2350 silly tarball no local data for eastasianwidth@https://registry.npmjs.org/eastasianwidth/-/eastasianwidth-0.2.0.tgz. Extracting by manifest.
2351 silly tarball no local data for dotenv@https://registry.npmjs.org/dotenv/-/dotenv-16.6.1.tgz. Extracting by manifest.
2352 silly tarball no local data for dunder-proto@https://registry.npmjs.org/dunder-proto/-/dunder-proto-1.0.1.tgz. Extracting by manifest.
2353 silly tarball no local data for dom-helpers@https://registry.npmjs.org/dom-helpers/-/dom-helpers-5.2.1.tgz. Extracting by manifest.
2354 silly tarball no local data for docx@https://registry.npmjs.org/docx/-/docx-8.5.0.tgz. Extracting by manifest.
2355 silly tarball no local data for doctrine@https://registry.npmjs.org/doctrine/-/doctrine-3.0.0.tgz. Extracting by manifest.
2356 silly tarball no local data for dlv@https://registry.npmjs.org/dlv/-/dlv-1.1.3.tgz. Extracting by manifest.
2357 silly tarball no local data for dir-glob@https://registry.npmjs.org/dir-glob/-/dir-glob-3.0.1.tgz. Extracting by manifest.
2358 silly tarball no local data for didyoumean@https://registry.npmjs.org/didyoumean/-/didyoumean-1.2.2.tgz. Extracting by manifest.
2359 silly tarball no local data for dfa@https://registry.npmjs.org/dfa/-/dfa-1.2.0.tgz. Extracting by manifest.
2360 silly tarball no local data for devlop@https://registry.npmjs.org/devlop/-/devlop-1.1.0.tgz. Extracting by manifest.
2361 silly tarball no local data for dequal@https://registry.npmjs.org/dequal/-/dequal-2.0.3.tgz. Extracting by manifest.
2362 silly tarball no local data for delayed-stream@https://registry.npmjs.org/delayed-stream/-/delayed-stream-1.0.0.tgz. Extracting by manifest.
2363 silly tarball no local data for define-properties@https://registry.npmjs.org/define-properties/-/define-properties-1.2.1.tgz. Extracting by manifest.
2364 silly tarball no local data for define-data-property@https://registry.npmjs.org/define-data-property/-/define-data-property-1.1.4.tgz. Extracting by manifest.
2365 silly tarball no local data for deep-is@https://registry.npmjs.org/deep-is/-/deep-is-0.1.4.tgz. Extracting by manifest.
2366 silly tarball no local data for detect-node-es@https://registry.npmjs.org/detect-node-es/-/detect-node-es-1.1.0.tgz. Extracting by manifest.
2367 silly tarball no local data for decode-named-character-reference@https://registry.npmjs.org/decode-named-character-reference/-/decode-named-character-reference-1.2.0.tgz. Extracting by manifest.
2368 silly tarball no local data for debug@https://registry.npmjs.org/debug/-/debug-4.4.3.tgz. Extracting by manifest.
2369 silly tarball no local data for decimal.js-light@https://registry.npmjs.org/decimal.js-light/-/decimal.js-light-2.5.1.tgz. Extracting by manifest.
2370 silly tarball no local data for date-fns@https://registry.npmjs.org/date-fns/-/date-fns-3.6.0.tgz. Extracting by manifest.
2371 silly tarball no local data for data-view-byte-offset@https://registry.npmjs.org/data-view-byte-offset/-/data-view-byte-offset-1.0.1.tgz. Extracting by manifest.
2372 silly tarball no local data for data-view-byte-length@https://registry.npmjs.org/data-view-byte-length/-/data-view-byte-length-1.0.2.tgz. Extracting by manifest.
2373 silly tarball no local data for data-view-buffer@https://registry.npmjs.org/data-view-buffer/-/data-view-buffer-1.0.2.tgz. Extracting by manifest.
2374 silly tarball no local data for damerau-levenshtein@https://registry.npmjs.org/damerau-levenshtein/-/damerau-levenshtein-1.0.8.tgz. Extracting by manifest.
2375 silly tarball no local data for dashdash@https://registry.npmjs.org/dashdash/-/dashdash-1.14.1.tgz. Extracting by manifest.
2376 silly tarball no local data for d3-timer@https://registry.npmjs.org/d3-timer/-/d3-timer-3.0.1.tgz. Extracting by manifest.
2377 silly tarball no local data for d3-time-format@https://registry.npmjs.org/d3-time-format/-/d3-time-format-4.1.0.tgz. Extracting by manifest.
2378 silly tarball no local data for d3-shape@https://registry.npmjs.org/d3-shape/-/d3-shape-3.2.0.tgz. Extracting by manifest.
2379 silly tarball no local data for d3-time@https://registry.npmjs.org/d3-time/-/d3-time-3.1.0.tgz. Extracting by manifest.
2380 silly tarball no local data for d3-scale@https://registry.npmjs.org/d3-scale/-/d3-scale-4.0.2.tgz. Extracting by manifest.
2381 silly tarball no local data for d3-path@https://registry.npmjs.org/d3-path/-/d3-path-3.1.0.tgz. Extracting by manifest.
2382 silly tarball no local data for d3-format@https://registry.npmjs.org/d3-format/-/d3-format-3.1.0.tgz. Extracting by manifest.
2383 silly tarball no local data for d3-interpolate@https://registry.npmjs.org/d3-interpolate/-/d3-interpolate-3.0.1.tgz. Extracting by manifest.
2384 silly tarball no local data for d3-color@https://registry.npmjs.org/d3-color/-/d3-color-3.1.0.tgz. Extracting by manifest.
2385 silly tarball no local data for d3-ease@https://registry.npmjs.org/d3-ease/-/d3-ease-3.0.1.tgz. Extracting by manifest.
2386 silly tarball no local data for csstype@https://registry.npmjs.org/csstype/-/csstype-3.1.3.tgz. Extracting by manifest.
2387 silly tarball no local data for d3-array@https://registry.npmjs.org/d3-array/-/d3-array-3.2.4.tgz. Extracting by manifest.
2388 silly tarball no local data for cssesc@https://registry.npmjs.org/cssesc/-/cssesc-3.0.0.tgz. Extracting by manifest.
2389 silly tarball no local data for crypto-js@https://registry.npmjs.org/crypto-js/-/crypto-js-4.2.0.tgz. Extracting by manifest.
2390 silly tarball no local data for cross-fetch@https://registry.npmjs.org/cross-fetch/-/cross-fetch-3.2.0.tgz. Extracting by manifest.
2391 silly tarball no local data for crc-32@https://registry.npmjs.org/crc-32/-/crc-32-1.2.2.tgz. Extracting by manifest.
2392 silly tarball no local data for cross-spawn@https://registry.npmjs.org/cross-spawn/-/cross-spawn-7.0.6.tgz. Extracting by manifest.
2393 silly tarball no local data for core-util-is@https://registry.npmjs.org/core-util-is/-/core-util-is-1.0.3.tgz. Extracting by manifest.
2394 silly tarball no local data for concat-map@https://registry.npmjs.org/concat-map/-/concat-map-0.0.1.tgz. Extracting by manifest.
2395 silly tarball no local data for commander@https://registry.npmjs.org/commander/-/commander-4.1.1.tgz. Extracting by manifest.
2396 silly tarball no local data for comma-separated-tokens@https://registry.npmjs.org/comma-separated-tokens/-/comma-separated-tokens-2.0.3.tgz. Extracting by manifest.
2397 silly tarball no local data for combined-stream@https://registry.npmjs.org/combined-stream/-/combined-stream-1.0.8.tgz. Extracting by manifest.
2398 silly tarball no local data for color-string@https://registry.npmjs.org/color-string/-/color-string-1.9.1.tgz. Extracting by manifest.
2399 silly tarball no local data for color-convert@https://registry.npmjs.org/color-convert/-/color-convert-2.0.1.tgz. Extracting by manifest.
2400 silly tarball no local data for color-name@https://registry.npmjs.org/color-name/-/color-name-1.1.4.tgz. Extracting by manifest.
2401 silly tarball no local data for codepage@https://registry.npmjs.org/codepage/-/codepage-1.15.0.tgz. Extracting by manifest.
2402 silly tarball no local data for clsx@https://registry.npmjs.org/clsx/-/clsx-2.1.1.tgz. Extracting by manifest.
2403 silly tarball no local data for clone@https://registry.npmjs.org/clone/-/clone-2.1.2.tgz. Extracting by manifest.
2404 silly tarball no local data for client-only@https://registry.npmjs.org/client-only/-/client-only-0.0.1.tgz. Extracting by manifest.
2405 silly tarball no local data for cliui@https://registry.npmjs.org/cliui/-/cliui-8.0.1.tgz. Extracting by manifest.
2406 silly tarball no local data for class-variance-authority@https://registry.npmjs.org/class-variance-authority/-/class-variance-authority-0.7.1.tgz. Extracting by manifest.
2407 silly tarball no local data for ci-info@https://registry.npmjs.org/ci-info/-/ci-info-3.9.0.tgz. Extracting by manifest.
2408 silly tarball no local data for chrome-trace-event@https://registry.npmjs.org/chrome-trace-event/-/chrome-trace-event-1.0.4.tgz. Extracting by manifest.
2409 silly tarball no local data for chokidar@https://registry.npmjs.org/chokidar/-/chokidar-3.6.0.tgz. Extracting by manifest.
2410 silly tarball no local data for character-reference-invalid@https://registry.npmjs.org/character-reference-invalid/-/character-reference-invalid-2.0.1.tgz. Extracting by manifest.
2411 silly tarball no local data for character-entities-legacy@https://registry.npmjs.org/character-entities-legacy/-/character-entities-legacy-3.0.0.tgz. Extracting by manifest.
2412 silly tarball no local data for character-entities-html4@https://registry.npmjs.org/character-entities-html4/-/character-entities-html4-2.1.0.tgz. Extracting by manifest.
2413 silly tarball no local data for chalk@https://registry.npmjs.org/chalk/-/chalk-4.1.2.tgz. Extracting by manifest.
2414 silly tarball no local data for character-entities@https://registry.npmjs.org/character-entities/-/character-entities-2.0.2.tgz. Extracting by manifest.
2415 silly tarball no local data for ccount@https://registry.npmjs.org/ccount/-/ccount-2.0.1.tgz. Extracting by manifest.
2416 silly tarball no local data for cfb@https://registry.npmjs.org/cfb/-/cfb-1.2.2.tgz. Extracting by manifest.
2417 silly tarball no local data for caseless@https://registry.npmjs.org/caseless/-/caseless-0.12.0.tgz. Extracting by manifest.
2418 silly tarball no local data for caniuse-lite@https://registry.npmjs.org/caniuse-lite/-/caniuse-lite-1.0.30001751.tgz. Extracting by manifest.
2419 silly tarball no local data for camelcase-css@https://registry.npmjs.org/camelcase-css/-/camelcase-css-2.0.1.tgz. Extracting by manifest.
2420 silly tarball no local data for callsites@https://registry.npmjs.org/callsites/-/callsites-3.1.0.tgz. Extracting by manifest.
2421 silly tarball no local data for call-bound@https://registry.npmjs.org/call-bound/-/call-bound-1.0.4.tgz. Extracting by manifest.
2422 silly tarball no local data for call-bind-apply-helpers@https://registry.npmjs.org/call-bind-apply-helpers/-/call-bind-apply-helpers-1.0.2.tgz. Extracting by manifest.
2423 silly tarball no local data for busboy@https://registry.npmjs.org/busboy/-/busboy-1.6.0.tgz. Extracting by manifest.
2424 silly tarball no local data for browserslist@https://registry.npmjs.org/browserslist/-/browserslist-4.23.1.tgz. Extracting by manifest.
2425 silly tarball no local data for browserify-zlib@https://registry.npmjs.org/browserify-zlib/-/browserify-zlib-0.2.0.tgz. Extracting by manifest.
2426 silly tarball no local data for call-bind@https://registry.npmjs.org/call-bind/-/call-bind-1.0.8.tgz. Extracting by manifest.
2427 silly tarball no local data for braces@https://registry.npmjs.org/braces/-/braces-3.0.3.tgz. Extracting by manifest.
2428 silly tarball no local data for buffer-from@https://registry.npmjs.org/buffer-from/-/buffer-from-1.1.2.tgz. Extracting by manifest.
2429 silly tarball no local data for brotli@https://registry.npmjs.org/brotli/-/brotli-1.3.3.tgz. Extracting by manifest.
2430 silly tarball no local data for brace-expansion@https://registry.npmjs.org/brace-expansion/-/brace-expansion-1.1.12.tgz. Extracting by manifest.
2431 silly tarball no local data for bluebird@https://registry.npmjs.org/bluebird/-/bluebird-3.7.2.tgz. Extracting by manifest.
2432 silly tarball no local data for bowser@https://registry.npmjs.org/bowser/-/bowser-2.12.1.tgz. Extracting by manifest.
2433 silly tarball no local data for bl@https://registry.npmjs.org/bl/-/bl-1.2.3.tgz. Extracting by manifest.
2434 silly tarball no local data for binary-extensions@https://registry.npmjs.org/binary-extensions/-/binary-extensions-2.3.0.tgz. Extracting by manifest.
2435 silly tarball no local data for bidi-js@https://registry.npmjs.org/bidi-js/-/bidi-js-1.0.3.tgz. Extracting by manifest.
2436 silly tarball no local data for big.js@https://registry.npmjs.org/big.js/-/big.js-5.2.2.tgz. Extracting by manifest.
2437 silly tarball no local data for bcrypt-pbkdf@https://registry.npmjs.org/bcrypt-pbkdf/-/bcrypt-pbkdf-1.0.2.tgz. Extracting by manifest.
2438 silly tarball no local data for balanced-match@https://registry.npmjs.org/balanced-match/-/balanced-match-1.0.2.tgz. Extracting by manifest.
2439 silly tarball no local data for bail@https://registry.npmjs.org/bail/-/bail-2.0.2.tgz. Extracting by manifest.
2440 silly tarball no local data for axobject-query@https://registry.npmjs.org/axobject-query/-/axobject-query-4.1.0.tgz. Extracting by manifest.
2441 silly tarball no local data for base64-js@https://registry.npmjs.org/base64-js/-/base64-js-1.5.1.tgz. Extracting by manifest.
2442 silly tarball no local data for axios@https://registry.npmjs.org/axios/-/axios-1.12.2.tgz. Extracting by manifest.
2443 silly tarball no local data for axe-core@https://registry.npmjs.org/axe-core/-/axe-core-4.11.0.tgz. Extracting by manifest.
2444 silly tarball no local data for aws4@https://registry.npmjs.org/aws4/-/aws4-1.13.2.tgz. Extracting by manifest.
2445 silly tarball no local data for aws-sign2@https://registry.npmjs.org/aws-sign2/-/aws-sign2-0.7.0.tgz. Extracting by manifest.
2446 silly tarball no local data for available-typed-arrays@https://registry.npmjs.org/available-typed-arrays/-/available-typed-arrays-1.0.7.tgz. Extracting by manifest.
2447 silly tarball no local data for attr-accept@https://registry.npmjs.org/attr-accept/-/attr-accept-2.2.5.tgz. Extracting by manifest.
2448 silly tarball no local data for async-function@https://registry.npmjs.org/async-function/-/async-function-1.0.0.tgz. Extracting by manifest.
2449 silly tarball no local data for asynckit@https://registry.npmjs.org/asynckit/-/asynckit-0.4.0.tgz. Extracting by manifest.
2450 silly tarball no local data for ast-types-flow@https://registry.npmjs.org/ast-types-flow/-/ast-types-flow-0.0.8.tgz. Extracting by manifest.
2451 silly tarball no local data for assert-plus@https://registry.npmjs.org/assert-plus/-/assert-plus-1.0.0.tgz. Extracting by manifest.
2452 silly tarball no local data for asn1@https://registry.npmjs.org/asn1/-/asn1-0.2.6.tgz. Extracting by manifest.
2453 silly tarball no local data for arraybuffer.prototype.slice@https://registry.npmjs.org/arraybuffer.prototype.slice/-/arraybuffer.prototype.slice-1.0.4.tgz. Extracting by manifest.
2454 silly tarball no local data for array.prototype.tosorted@https://registry.npmjs.org/array.prototype.tosorted/-/array.prototype.tosorted-1.1.4.tgz. Extracting by manifest.
2455 silly tarball no local data for array.prototype.flatmap@https://registry.npmjs.org/array.prototype.flatmap/-/array.prototype.flatmap-1.3.3.tgz. Extracting by manifest.
2456 silly tarball no local data for array.prototype.findlastindex@https://registry.npmjs.org/array.prototype.findlastindex/-/array.prototype.findlastindex-1.2.6.tgz. Extracting by manifest.
2457 silly tarball no local data for array.prototype.findlast@https://registry.npmjs.org/array.prototype.findlast/-/array.prototype.findlast-1.2.5.tgz. Extracting by manifest.
2458 silly tarball no local data for array.prototype.flat@https://registry.npmjs.org/array.prototype.flat/-/array.prototype.flat-1.3.3.tgz. Extracting by manifest.
2459 silly tarball no local data for array-buffer-byte-length@https://registry.npmjs.org/array-buffer-byte-length/-/array-buffer-byte-length-1.0.2.tgz. Extracting by manifest.
2460 silly tarball no local data for array-union@https://registry.npmjs.org/array-union/-/array-union-2.1.0.tgz. Extracting by manifest.
2461 silly tarball no local data for array.prototype.findindex@https://registry.npmjs.org/array.prototype.findindex/-/array.prototype.findindex-2.2.4.tgz. Extracting by manifest.
2462 silly tarball no local data for array-includes@https://registry.npmjs.org/array-includes/-/array-includes-3.1.9.tgz. Extracting by manifest.
2463 silly tarball no local data for arg@https://registry.npmjs.org/arg/-/arg-5.0.2.tgz. Extracting by manifest.
2464 silly tarball no local data for argparse@https://registry.npmjs.org/argparse/-/argparse-2.0.1.tgz. Extracting by manifest.
2465 silly tarball no local data for aria-query@https://registry.npmjs.org/aria-query/-/aria-query-5.3.2.tgz. Extracting by manifest.
2466 silly tarball no local data for any-promise@https://registry.npmjs.org/any-promise/-/any-promise-1.3.0.tgz. Extracting by manifest.
2467 silly tarball no local data for aria-hidden@https://registry.npmjs.org/aria-hidden/-/aria-hidden-1.2.6.tgz. Extracting by manifest.
2468 silly tarball no local data for anymatch@https://registry.npmjs.org/anymatch/-/anymatch-3.1.3.tgz. Extracting by manifest.
2469 silly tarball no local data for ansi-styles@https://registry.npmjs.org/ansi-styles/-/ansi-styles-4.3.0.tgz. Extracting by manifest.
2470 silly tarball no local data for ansi-regex@https://registry.npmjs.org/ansi-regex/-/ansi-regex-5.0.1.tgz. Extracting by manifest.
2471 silly tarball no local data for adler-32@https://registry.npmjs.org/adler-32/-/adler-32-1.3.1.tgz. Extracting by manifest.
2472 silly tarball no local data for ajv-keywords@https://registry.npmjs.org/ajv-keywords/-/ajv-keywords-3.5.2.tgz. Extracting by manifest.
2473 silly tarball no local data for ajv-formats@https://registry.npmjs.org/ajv-formats/-/ajv-formats-2.1.1.tgz. Extracting by manifest.
2474 silly tarball no local data for acorn-import-phases@https://registry.npmjs.org/acorn-import-phases/-/acorn-import-phases-1.0.4.tgz. Extracting by manifest.
2475 silly tarball no local data for acorn-jsx@https://registry.npmjs.org/acorn-jsx/-/acorn-jsx-5.3.2.tgz. Extracting by manifest.
2476 silly tarball no local data for ajv@https://registry.npmjs.org/ajv/-/ajv-6.12.6.tgz. Extracting by manifest.
2477 silly tarball no local data for abs-svg-path@https://registry.npmjs.org/abs-svg-path/-/abs-svg-path-0.1.1.tgz. Extracting by manifest.
2478 silly tarball no local data for acorn@https://registry.npmjs.org/acorn/-/acorn-8.15.0.tgz. Extracting by manifest.
2479 silly tarball no local data for @yarnpkg/lockfile@https://registry.npmjs.org/@yarnpkg/lockfile/-/lockfile-1.1.0.tgz. Extracting by manifest.
2480 silly tarball no local data for @xtuc/long@https://registry.npmjs.org/@xtuc/long/-/long-4.2.2.tgz. Extracting by manifest.
2481 silly tarball no local data for @xtuc/ieee754@https://registry.npmjs.org/@xtuc/ieee754/-/ieee754-1.2.0.tgz. Extracting by manifest.
2482 silly tarball no local data for @webassemblyjs/wast-printer@https://registry.npmjs.org/@webassemblyjs/wast-printer/-/wast-printer-1.14.1.tgz. Extracting by manifest.
2483 silly tarball no local data for @webassemblyjs/wasm-parser@https://registry.npmjs.org/@webassemblyjs/wasm-parser/-/wasm-parser-1.14.1.tgz. Extracting by manifest.
2484 silly tarball no local data for @webassemblyjs/wasm-gen@https://registry.npmjs.org/@webassemblyjs/wasm-gen/-/wasm-gen-1.14.1.tgz. Extracting by manifest.
2485 silly tarball no local data for @webassemblyjs/wasm-opt@https://registry.npmjs.org/@webassemblyjs/wasm-opt/-/wasm-opt-1.14.1.tgz. Extracting by manifest.
2486 silly tarball no local data for @webassemblyjs/wasm-edit@https://registry.npmjs.org/@webassemblyjs/wasm-edit/-/wasm-edit-1.14.1.tgz. Extracting by manifest.
2487 silly tarball no local data for @webassemblyjs/utf8@https://registry.npmjs.org/@webassemblyjs/utf8/-/utf8-1.13.2.tgz. Extracting by manifest.
2488 silly tarball no local data for @webassemblyjs/leb128@https://registry.npmjs.org/@webassemblyjs/leb128/-/leb128-1.13.2.tgz. Extracting by manifest.
2489 silly tarball no local data for @webassemblyjs/ieee754@https://registry.npmjs.org/@webassemblyjs/ieee754/-/ieee754-1.13.2.tgz. Extracting by manifest.
2490 silly tarball no local data for @webassemblyjs/helper-wasm-section@https://registry.npmjs.org/@webassemblyjs/helper-wasm-section/-/helper-wasm-section-1.14.1.tgz. Extracting by manifest.
2491 silly tarball no local data for @webassemblyjs/helper-wasm-bytecode@https://registry.npmjs.org/@webassemblyjs/helper-wasm-bytecode/-/helper-wasm-bytecode-1.13.2.tgz. Extracting by manifest.
2492 silly tarball no local data for @webassemblyjs/helper-numbers@https://registry.npmjs.org/@webassemblyjs/helper-numbers/-/helper-numbers-1.13.2.tgz. Extracting by manifest.
2493 silly tarball no local data for @webassemblyjs/helper-buffer@https://registry.npmjs.org/@webassemblyjs/helper-buffer/-/helper-buffer-1.14.1.tgz. Extracting by manifest.
2494 silly tarball no local data for @webassemblyjs/helper-api-error@https://registry.npmjs.org/@webassemblyjs/helper-api-error/-/helper-api-error-1.13.2.tgz. Extracting by manifest.
2495 silly tarball no local data for @webassemblyjs/floating-point-hex-parser@https://registry.npmjs.org/@webassemblyjs/floating-point-hex-parser/-/floating-point-hex-parser-1.13.2.tgz. Extracting by manifest.
2496 silly tarball no local data for @webassemblyjs/ast@https://registry.npmjs.org/@webassemblyjs/ast/-/ast-1.14.1.tgz. Extracting by manifest.
2497 silly tarball no local data for @ungap/structured-clone@https://registry.npmjs.org/@ungap/structured-clone/-/structured-clone-1.3.0.tgz. Extracting by manifest.
2498 silly tarball no local data for @unrs/resolver-binding-darwin-x64@https://registry.npmjs.org/@unrs/resolver-binding-darwin-x64/-/resolver-binding-darwin-x64-1.11.1.tgz. Extracting by manifest.
2499 silly tarball no local data for @typescript-eslint/visitor-keys@https://registry.npmjs.org/@typescript-eslint/visitor-keys/-/visitor-keys-7.2.0.tgz. Extracting by manifest.
2500 silly tarball no local data for @typescript-eslint/scope-manager@https://registry.npmjs.org/@typescript-eslint/scope-manager/-/scope-manager-7.2.0.tgz. Extracting by manifest.
2501 silly tarball no local data for @typescript-eslint/types@https://registry.npmjs.org/@typescript-eslint/types/-/types-7.2.0.tgz. Extracting by manifest.
2502 silly tarball no local data for @typescript-eslint/typescript-estree@https://registry.npmjs.org/@typescript-eslint/typescript-estree/-/typescript-estree-7.2.0.tgz. Extracting by manifest.
2503 silly tarball no local data for @typescript-eslint/parser@https://registry.npmjs.org/@typescript-eslint/parser/-/parser-7.2.0.tgz. Extracting by manifest.
2504 silly tarball no local data for @types/uuid@https://registry.npmjs.org/@types/uuid/-/uuid-10.0.0.tgz. Extracting by manifest.
2505 silly tarball no local data for @types/unist@https://registry.npmjs.org/@types/unist/-/unist-3.0.3.tgz. Extracting by manifest.
2506 silly tarball no local data for @types/tough-cookie@https://registry.npmjs.org/@types/tough-cookie/-/tough-cookie-4.0.5.tgz. Extracting by manifest.
2507 silly tarball no local data for @types/request@https://registry.npmjs.org/@types/request/-/request-2.48.13.tgz. Extracting by manifest.
2508 silly tarball no local data for @types/react-pdf@https://registry.npmjs.org/@types/react-pdf/-/react-pdf-7.0.0.tgz. Extracting by manifest.
2509 silly tarball no local data for @types/react@https://registry.npmjs.org/@types/react/-/react-18.3.26.tgz. Extracting by manifest.
2510 silly tarball no local data for @types/react-dom@https://registry.npmjs.org/@types/react-dom/-/react-dom-18.3.7.tgz. Extracting by manifest.
2511 silly tarball no local data for @types/node-telegram-bot-api@https://registry.npmjs.org/@types/node-telegram-bot-api/-/node-telegram-bot-api-0.64.11.tgz. Extracting by manifest.
2512 silly tarball no local data for @types/prop-types@https://registry.npmjs.org/@types/prop-types/-/prop-types-15.7.15.tgz. Extracting by manifest.
2513 silly tarball no local data for @types/node@https://registry.npmjs.org/@types/node/-/node-20.19.23.tgz. Extracting by manifest.
2514 silly tarball no local data for @types/ms@https://registry.npmjs.org/@types/ms/-/ms-2.1.0.tgz. Extracting by manifest.
2515 silly tarball no local data for @types/mdast@https://registry.npmjs.org/@types/mdast/-/mdast-4.0.4.tgz. Extracting by manifest.
2516 silly tarball no local data for @types/lodash@https://registry.npmjs.org/@types/lodash/-/lodash-4.17.20.tgz. Extracting by manifest.
2517 silly tarball no local data for @types/json-schema@https://registry.npmjs.org/@types/json-schema/-/json-schema-7.0.15.tgz. Extracting by manifest.
2518 silly tarball no local data for @types/json5@https://registry.npmjs.org/@types/json5/-/json5-0.0.29.tgz. Extracting by manifest.
2519 silly tarball no local data for @types/hast@https://registry.npmjs.org/@types/hast/-/hast-3.0.4.tgz. Extracting by manifest.
2520 silly tarball no local data for @types/file-saver@https://registry.npmjs.org/@types/file-saver/-/file-saver-2.0.7.tgz. Extracting by manifest.
2521 silly tarball no local data for @types/estree-jsx@https://registry.npmjs.org/@types/estree-jsx/-/estree-jsx-1.0.5.tgz. Extracting by manifest.
2522 silly tarball no local data for @types/estree@https://registry.npmjs.org/@types/estree/-/estree-1.0.8.tgz. Extracting by manifest.
2523 silly tarball no local data for @types/eslint@https://registry.npmjs.org/@types/eslint/-/eslint-9.6.1.tgz. Extracting by manifest.
2524 silly tarball no local data for @types/eslint-scope@https://registry.npmjs.org/@types/eslint-scope/-/eslint-scope-3.7.7.tgz. Extracting by manifest.
2525 silly tarball no local data for @types/debug@https://registry.npmjs.org/@types/debug/-/debug-4.1.12.tgz. Extracting by manifest.
2526 silly tarball no local data for @types/d3-timer@https://registry.npmjs.org/@types/d3-timer/-/d3-timer-3.0.2.tgz. Extracting by manifest.
2527 silly tarball no local data for @types/d3-time@https://registry.npmjs.org/@types/d3-time/-/d3-time-3.0.4.tgz. Extracting by manifest.
2528 silly tarball no local data for @types/d3-shape@https://registry.npmjs.org/@types/d3-shape/-/d3-shape-3.1.7.tgz. Extracting by manifest.
2529 silly tarball no local data for @types/d3-scale@https://registry.npmjs.org/@types/d3-scale/-/d3-scale-4.0.9.tgz. Extracting by manifest.
2530 silly tarball no local data for @types/d3-path@https://registry.npmjs.org/@types/d3-path/-/d3-path-3.1.1.tgz. Extracting by manifest.
2531 silly tarball no local data for @types/d3-interpolate@https://registry.npmjs.org/@types/d3-interpolate/-/d3-interpolate-3.0.4.tgz. Extracting by manifest.
2532 silly tarball no local data for @types/d3-ease@https://registry.npmjs.org/@types/d3-ease/-/d3-ease-3.0.2.tgz. Extracting by manifest.
2533 silly tarball no local data for @types/d3-color@https://registry.npmjs.org/@types/d3-color/-/d3-color-3.1.3.tgz. Extracting by manifest.
2534 silly tarball no local data for @types/d3-array@https://registry.npmjs.org/@types/d3-array/-/d3-array-3.2.2.tgz. Extracting by manifest.
2535 silly tarball no local data for @types/caseless@https://registry.npmjs.org/@types/caseless/-/caseless-0.12.5.tgz. Extracting by manifest.
2536 silly tarball no local data for @telegram-apps/types@https://registry.npmjs.org/@telegram-apps/types/-/types-2.0.3.tgz. Extracting by manifest.
2537 silly tarball no local data for @telegram-apps/toolkit@https://registry.npmjs.org/@telegram-apps/toolkit/-/toolkit-2.1.3.tgz. Extracting by manifest.
2538 silly tarball no local data for @telegram-apps/transformers@https://registry.npmjs.org/@telegram-apps/transformers/-/transformers-2.2.6.tgz. Extracting by manifest.
2539 silly tarball no local data for @telegram-apps/init-data-node@https://registry.npmjs.org/@telegram-apps/init-data-node/-/init-data-node-2.0.10.tgz. Extracting by manifest.
2540 silly tarball no local data for @tanstack/react-query@https://registry.npmjs.org/@tanstack/react-query/-/react-query-5.90.5.tgz. Extracting by manifest.
2541 silly tarball no local data for @tanstack/query-core@https://registry.npmjs.org/@tanstack/query-core/-/query-core-5.90.5.tgz. Extracting by manifest.
2542 silly tarball no local data for @tabler/icons-react@https://registry.npmjs.org/@tabler/icons-react/-/icons-react-3.35.0.tgz. Extracting by manifest.
2543 silly tarball no local data for @tailwindcss/typography@https://registry.npmjs.org/@tailwindcss/typography/-/typography-0.5.19.tgz. Extracting by manifest.
2544 silly tarball no local data for @tabler/icons@https://registry.npmjs.org/@tabler/icons/-/icons-3.35.0.tgz. Extracting by manifest.
2545 silly tarball no local data for @swc/helpers@https://registry.npmjs.org/@swc/helpers/-/helpers-0.5.17.tgz. Extracting by manifest.
2546 silly tarball no local data for @swc/counter@https://registry.npmjs.org/@swc/counter/-/counter-0.1.3.tgz. Extracting by manifest.
2547 silly tarball no local data for @smithy/uuid@https://registry.npmjs.org/@smithy/uuid/-/uuid-1.1.0.tgz. Extracting by manifest.
2548 silly tarball no local data for @smithy/util-waiter@https://registry.npmjs.org/@smithy/util-waiter/-/util-waiter-4.2.4.tgz. Extracting by manifest.
2549 silly tarball no local data for @smithy/util-uri-escape@https://registry.npmjs.org/@smithy/util-uri-escape/-/util-uri-escape-4.2.0.tgz. Extracting by manifest.
2550 silly tarball no local data for @smithy/util-stream@https://registry.npmjs.org/@smithy/util-stream/-/util-stream-4.5.5.tgz. Extracting by manifest.
2551 silly tarball no local data for @smithy/util-utf8@https://registry.npmjs.org/@smithy/util-utf8/-/util-utf8-4.2.0.tgz. Extracting by manifest.
2552 silly tarball no local data for @smithy/util-retry@https://registry.npmjs.org/@smithy/util-retry/-/util-retry-4.2.4.tgz. Extracting by manifest.
2553 silly tarball no local data for @smithy/util-middleware@https://registry.npmjs.org/@smithy/util-middleware/-/util-middleware-4.2.4.tgz. Extracting by manifest.
2554 silly tarball no local data for @smithy/util-endpoints@https://registry.npmjs.org/@smithy/util-endpoints/-/util-endpoints-3.2.4.tgz. Extracting by manifest.
2555 silly tarball no local data for @smithy/util-hex-encoding@https://registry.npmjs.org/@smithy/util-hex-encoding/-/util-hex-encoding-4.2.0.tgz. Extracting by manifest.
2556 silly tarball no local data for @smithy/util-defaults-mode-node@https://registry.npmjs.org/@smithy/util-defaults-mode-node/-/util-defaults-mode-node-4.2.8.tgz. Extracting by manifest.
2557 silly tarball no local data for @smithy/util-defaults-mode-browser@https://registry.npmjs.org/@smithy/util-defaults-mode-browser/-/util-defaults-mode-browser-4.3.5.tgz. Extracting by manifest.
2558 silly tarball no local data for @smithy/util-config-provider@https://registry.npmjs.org/@smithy/util-config-provider/-/util-config-provider-4.2.0.tgz. Extracting by manifest.
2559 silly tarball no local data for @smithy/util-body-length-node@https://registry.npmjs.org/@smithy/util-body-length-node/-/util-body-length-node-4.2.1.tgz. Extracting by manifest.
2560 silly tarball no local data for @smithy/util-buffer-from@https://registry.npmjs.org/@smithy/util-buffer-from/-/util-buffer-from-4.2.0.tgz. Extracting by manifest.
2561 silly tarball no local data for @smithy/util-body-length-browser@https://registry.npmjs.org/@smithy/util-body-length-browser/-/util-body-length-browser-4.2.0.tgz. Extracting by manifest.
2562 silly tarball no local data for @smithy/url-parser@https://registry.npmjs.org/@smithy/url-parser/-/url-parser-4.2.4.tgz. Extracting by manifest.
2563 silly tarball no local data for @smithy/util-base64@https://registry.npmjs.org/@smithy/util-base64/-/util-base64-4.3.0.tgz. Extracting by manifest.
2564 silly tarball no local data for @smithy/types@https://registry.npmjs.org/@smithy/types/-/types-4.8.1.tgz. Extracting by manifest.
2565 silly tarball no local data for @smithy/smithy-client@https://registry.npmjs.org/@smithy/smithy-client/-/smithy-client-4.9.2.tgz. Extracting by manifest.
2566 silly tarball no local data for @smithy/signature-v4@https://registry.npmjs.org/@smithy/signature-v4/-/signature-v4-5.3.4.tgz. Extracting by manifest.
2567 silly tarball no local data for @smithy/service-error-classification@https://registry.npmjs.org/@smithy/service-error-classification/-/service-error-classification-4.2.4.tgz. Extracting by manifest.
2568 silly tarball no local data for @smithy/querystring-parser@https://registry.npmjs.org/@smithy/querystring-parser/-/querystring-parser-4.2.4.tgz. Extracting by manifest.
2569 silly tarball no local data for @smithy/shared-ini-file-loader@https://registry.npmjs.org/@smithy/shared-ini-file-loader/-/shared-ini-file-loader-4.3.4.tgz. Extracting by manifest.
2570 silly tarball no local data for @smithy/querystring-builder@https://registry.npmjs.org/@smithy/querystring-builder/-/querystring-builder-4.2.4.tgz. Extracting by manifest.
2571 silly tarball no local data for @smithy/protocol-http@https://registry.npmjs.org/@smithy/protocol-http/-/protocol-http-5.3.4.tgz. Extracting by manifest.
2572 silly tarball no local data for @smithy/node-http-handler@https://registry.npmjs.org/@smithy/node-http-handler/-/node-http-handler-4.4.4.tgz. Extracting by manifest.
2573 silly tarball no local data for @smithy/property-provider@https://registry.npmjs.org/@smithy/property-provider/-/property-provider-4.2.4.tgz. Extracting by manifest.
2574 silly tarball no local data for @smithy/node-config-provider@https://registry.npmjs.org/@smithy/node-config-provider/-/node-config-provider-4.3.4.tgz. Extracting by manifest.
2575 silly tarball no local data for @smithy/middleware-stack@https://registry.npmjs.org/@smithy/middleware-stack/-/middleware-stack-4.2.4.tgz. Extracting by manifest.
2576 silly tarball no local data for @smithy/middleware-retry@https://registry.npmjs.org/@smithy/middleware-retry/-/middleware-retry-4.4.6.tgz. Extracting by manifest.
2577 silly tarball no local data for @smithy/middleware-serde@https://registry.npmjs.org/@smithy/middleware-serde/-/middleware-serde-4.2.4.tgz. Extracting by manifest.
2578 silly tarball no local data for @smithy/middleware-endpoint@https://registry.npmjs.org/@smithy/middleware-endpoint/-/middleware-endpoint-4.3.6.tgz. Extracting by manifest.
2579 silly tarball no local data for @smithy/middleware-content-length@https://registry.npmjs.org/@smithy/middleware-content-length/-/middleware-content-length-4.2.4.tgz. Extracting by manifest.
2580 silly tarball no local data for @smithy/is-array-buffer@https://registry.npmjs.org/@smithy/is-array-buffer/-/is-array-buffer-4.2.0.tgz. Extracting by manifest.
2581 silly tarball no local data for @smithy/md5-js@https://registry.npmjs.org/@smithy/md5-js/-/md5-js-4.2.4.tgz. Extracting by manifest.
2582 silly tarball no local data for @smithy/invalid-dependency@https://registry.npmjs.org/@smithy/invalid-dependency/-/invalid-dependency-4.2.4.tgz. Extracting by manifest.
2583 silly tarball no local data for @smithy/hash-stream-node@https://registry.npmjs.org/@smithy/hash-stream-node/-/hash-stream-node-4.2.4.tgz. Extracting by manifest.
2584 silly tarball no local data for @smithy/hash-blob-browser@https://registry.npmjs.org/@smithy/hash-blob-browser/-/hash-blob-browser-4.2.5.tgz. Extracting by manifest.
2585 silly tarball no local data for @smithy/fetch-http-handler@https://registry.npmjs.org/@smithy/fetch-http-handler/-/fetch-http-handler-5.3.5.tgz. Extracting by manifest.
2586 silly tarball no local data for @smithy/hash-node@https://registry.npmjs.org/@smithy/hash-node/-/hash-node-4.2.4.tgz. Extracting by manifest.
2587 silly tarball no local data for @smithy/eventstream-serde-universal@https://registry.npmjs.org/@smithy/eventstream-serde-universal/-/eventstream-serde-universal-4.2.4.tgz. Extracting by manifest.
2588 silly tarball no local data for @smithy/eventstream-serde-config-resolver@https://registry.npmjs.org/@smithy/eventstream-serde-config-resolver/-/eventstream-serde-config-resolver-4.3.4.tgz. Extracting by manifest.
2589 silly tarball no local data for @smithy/eventstream-serde-node@https://registry.npmjs.org/@smithy/eventstream-serde-node/-/eventstream-serde-node-4.2.4.tgz. Extracting by manifest.
2590 silly tarball no local data for @smithy/eventstream-serde-browser@https://registry.npmjs.org/@smithy/eventstream-serde-browser/-/eventstream-serde-browser-4.2.4.tgz. Extracting by manifest.
2591 silly tarball no local data for @smithy/eventstream-codec@https://registry.npmjs.org/@smithy/eventstream-codec/-/eventstream-codec-4.2.4.tgz. Extracting by manifest.
2592 silly tarball no local data for @smithy/config-resolver@https://registry.npmjs.org/@smithy/config-resolver/-/config-resolver-4.4.2.tgz. Extracting by manifest.
2593 silly tarball no local data for @smithy/core@https://registry.npmjs.org/@smithy/core/-/core-3.17.2.tgz. Extracting by manifest.
2594 silly tarball no local data for @smithy/credential-provider-imds@https://registry.npmjs.org/@smithy/credential-provider-imds/-/credential-provider-imds-4.2.4.tgz. Extracting by manifest.
2595 silly tarball no local data for @smithy/chunked-blob-reader-native@https://registry.npmjs.org/@smithy/chunked-blob-reader-native/-/chunked-blob-reader-native-4.2.1.tgz. Extracting by manifest.
2596 silly tarball no local data for @smithy/chunked-blob-reader@https://registry.npmjs.org/@smithy/chunked-blob-reader/-/chunked-blob-reader-5.2.0.tgz. Extracting by manifest.
2597 silly tarball no local data for @smithy/abort-controller@https://registry.npmjs.org/@smithy/abort-controller/-/abort-controller-4.2.4.tgz. Extracting by manifest.
2598 silly tarball no local data for @rushstack/eslint-patch@https://registry.npmjs.org/@rushstack/eslint-patch/-/eslint-patch-1.14.0.tgz. Extracting by manifest.
2599 silly tarball no local data for @rtsao/scc@https://registry.npmjs.org/@rtsao/scc/-/scc-1.1.0.tgz. Extracting by manifest.
2600 silly tarball no local data for @react-pdf/types@https://registry.npmjs.org/@react-pdf/types/-/types-2.9.1.tgz. Extracting by manifest.
2601 silly tarball no local data for @react-pdf/textkit@https://registry.npmjs.org/@react-pdf/textkit/-/textkit-4.4.1.tgz. Extracting by manifest.
2602 silly tarball no local data for @react-pdf/stylesheet@https://registry.npmjs.org/@react-pdf/stylesheet/-/stylesheet-4.3.0.tgz. Extracting by manifest.
2603 silly tarball no local data for @react-pdf/renderer@https://registry.npmjs.org/@react-pdf/renderer/-/renderer-3.4.5.tgz. Extracting by manifest.
2604 silly tarball no local data for @react-pdf/primitives@https://registry.npmjs.org/@react-pdf/primitives/-/primitives-3.1.1.tgz. Extracting by manifest.
2605 silly tarball no local data for @react-pdf/render@https://registry.npmjs.org/@react-pdf/render/-/render-3.5.0.tgz. Extracting by manifest.
2606 silly tarball no local data for @react-pdf/pdfkit@https://registry.npmjs.org/@react-pdf/pdfkit/-/pdfkit-3.2.0.tgz. Extracting by manifest.
2607 silly tarball no local data for @react-pdf/layout@https://registry.npmjs.org/@react-pdf/layout/-/layout-3.13.0.tgz. Extracting by manifest.
2608 silly tarball no local data for @react-pdf/image@https://registry.npmjs.org/@react-pdf/image/-/image-2.3.6.tgz. Extracting by manifest.
2609 silly tarball no local data for @react-pdf/fns@https://registry.npmjs.org/@react-pdf/fns/-/fns-2.2.1.tgz. Extracting by manifest.
2610 silly tarball no local data for @radix-ui/rect@https://registry.npmjs.org/@radix-ui/rect/-/rect-1.1.1.tgz. Extracting by manifest.
2611 silly tarball no local data for @radix-ui/react-visually-hidden@https://registry.npmjs.org/@radix-ui/react-visually-hidden/-/react-visually-hidden-1.2.3.tgz. Extracting by manifest.
2612 silly tarball no local data for @react-pdf/png-js@https://registry.npmjs.org/@react-pdf/png-js/-/png-js-2.3.1.tgz. Extracting by manifest.
2613 silly tarball no local data for @radix-ui/react-use-size@https://registry.npmjs.org/@radix-ui/react-use-size/-/react-use-size-1.1.1.tgz. Extracting by manifest.
2614 silly tarball no local data for @radix-ui/react-use-previous@https://registry.npmjs.org/@radix-ui/react-use-previous/-/react-use-previous-1.1.1.tgz. Extracting by manifest.
2615 silly tarball no local data for @radix-ui/react-use-rect@https://registry.npmjs.org/@radix-ui/react-use-rect/-/react-use-rect-1.1.1.tgz. Extracting by manifest.
2616 silly tarball no local data for @radix-ui/react-use-layout-effect@https://registry.npmjs.org/@radix-ui/react-use-layout-effect/-/react-use-layout-effect-1.1.1.tgz. Extracting by manifest.
2617 silly tarball no local data for @radix-ui/react-use-escape-keydown@https://registry.npmjs.org/@radix-ui/react-use-escape-keydown/-/react-use-escape-keydown-1.1.1.tgz. Extracting by manifest.
2618 silly tarball no local data for @radix-ui/react-use-is-hydrated@https://registry.npmjs.org/@radix-ui/react-use-is-hydrated/-/react-use-is-hydrated-0.1.0.tgz. Extracting by manifest.
2619 silly tarball no local data for @radix-ui/react-use-effect-event@https://registry.npmjs.org/@radix-ui/react-use-effect-event/-/react-use-effect-event-0.0.2.tgz. Extracting by manifest.
2620 silly tarball no local data for @react-pdf/font@https://registry.npmjs.org/@react-pdf/font/-/font-2.5.2.tgz. Extracting by manifest.
2621 silly tarball no local data for @radix-ui/react-use-controllable-state@https://registry.npmjs.org/@radix-ui/react-use-controllable-state/-/react-use-controllable-state-1.2.2.tgz. Extracting by manifest.
2622 silly tarball no local data for @radix-ui/react-use-callback-ref@https://registry.npmjs.org/@radix-ui/react-use-callback-ref/-/react-use-callback-ref-1.1.1.tgz. Extracting by manifest.
2623 silly tarball no local data for @radix-ui/react-tooltip@https://registry.npmjs.org/@radix-ui/react-tooltip/-/react-tooltip-1.2.8.tgz. Extracting by manifest.
2624 silly tarball no local data for @radix-ui/react-toast@https://registry.npmjs.org/@radix-ui/react-toast/-/react-toast-1.2.15.tgz. Extracting by manifest.
2625 silly tarball no local data for @radix-ui/react-tabs@https://registry.npmjs.org/@radix-ui/react-tabs/-/react-tabs-1.1.13.tgz. Extracting by manifest.
2626 silly tarball no local data for @radix-ui/react-switch@https://registry.npmjs.org/@radix-ui/react-switch/-/react-switch-1.2.6.tgz. Extracting by manifest.
2627 silly tarball no local data for @radix-ui/react-slider@https://registry.npmjs.org/@radix-ui/react-slider/-/react-slider-1.3.6.tgz. Extracting by manifest.
2628 silly tarball no local data for @radix-ui/react-slot@https://registry.npmjs.org/@radix-ui/react-slot/-/react-slot-1.2.3.tgz. Extracting by manifest.
2629 silly tarball no local data for @radix-ui/react-separator@https://registry.npmjs.org/@radix-ui/react-separator/-/react-separator-1.1.7.tgz. Extracting by manifest.
2630 silly tarball no local data for @radix-ui/react-select@https://registry.npmjs.org/@radix-ui/react-select/-/react-select-2.2.6.tgz. Extracting by manifest.
2631 silly tarball no local data for @radix-ui/react-scroll-area@https://registry.npmjs.org/@radix-ui/react-scroll-area/-/react-scroll-area-1.2.10.tgz. Extracting by manifest.
2632 silly tarball no local data for @radix-ui/react-roving-focus@https://registry.npmjs.org/@radix-ui/react-roving-focus/-/react-roving-focus-1.1.11.tgz. Extracting by manifest.
2633 silly tarball no local data for @radix-ui/react-radio-group@https://registry.npmjs.org/@radix-ui/react-radio-group/-/react-radio-group-1.3.8.tgz. Extracting by manifest.
2634 silly tarball no local data for @radix-ui/react-progress@https://registry.npmjs.org/@radix-ui/react-progress/-/react-progress-1.1.7.tgz. Extracting by manifest.
2635 silly tarball no local data for @radix-ui/react-presence@https://registry.npmjs.org/@radix-ui/react-presence/-/react-presence-1.1.5.tgz. Extracting by manifest.
2636 silly tarball no local data for @radix-ui/react-portal@https://registry.npmjs.org/@radix-ui/react-portal/-/react-portal-1.1.9.tgz. Extracting by manifest.
2637 silly tarball no local data for @radix-ui/react-popper@https://registry.npmjs.org/@radix-ui/react-popper/-/react-popper-1.2.8.tgz. Extracting by manifest.
2638 silly tarball no local data for @radix-ui/react-menubar@https://registry.npmjs.org/@radix-ui/react-menubar/-/react-menubar-1.1.16.tgz. Extracting by manifest.
2639 silly tarball no local data for @radix-ui/react-popover@https://registry.npmjs.org/@radix-ui/react-popover/-/react-popover-1.1.15.tgz. Extracting by manifest.
2640 silly tarball no local data for @radix-ui/react-label@https://registry.npmjs.org/@radix-ui/react-label/-/react-label-2.1.7.tgz. Extracting by manifest.
2641 silly tarball no local data for @radix-ui/react-menu@https://registry.npmjs.org/@radix-ui/react-menu/-/react-menu-2.1.16.tgz. Extracting by manifest.
2642 silly tarball no local data for @radix-ui/react-id@https://registry.npmjs.org/@radix-ui/react-id/-/react-id-1.1.1.tgz. Extracting by manifest.
2643 silly tarball no local data for @radix-ui/react-focus-scope@https://registry.npmjs.org/@radix-ui/react-focus-scope/-/react-focus-scope-1.1.7.tgz. Extracting by manifest.
2644 silly tarball no local data for @radix-ui/react-focus-guards@https://registry.npmjs.org/@radix-ui/react-focus-guards/-/react-focus-guards-1.1.3.tgz. Extracting by manifest.
2645 silly tarball no local data for @radix-ui/react-dropdown-menu@https://registry.npmjs.org/@radix-ui/react-dropdown-menu/-/react-dropdown-menu-2.1.16.tgz. Extracting by manifest.
2646 silly tarball no local data for @radix-ui/react-dismissable-layer@https://registry.npmjs.org/@radix-ui/react-dismissable-layer/-/react-dismissable-layer-1.1.11.tgz. Extracting by manifest.
2647 silly tarball no local data for @radix-ui/react-primitive@https://registry.npmjs.org/@radix-ui/react-primitive/-/react-primitive-2.1.3.tgz. Extracting by manifest.
2648 silly tarball no local data for @radix-ui/react-direction@https://registry.npmjs.org/@radix-ui/react-direction/-/react-direction-1.1.1.tgz. Extracting by manifest.
2649 silly tarball no local data for @radix-ui/react-dialog@https://registry.npmjs.org/@radix-ui/react-dialog/-/react-dialog-1.1.15.tgz. Extracting by manifest.
2650 silly tarball no local data for @radix-ui/react-context@https://registry.npmjs.org/@radix-ui/react-context/-/react-context-1.1.2.tgz. Extracting by manifest.
2651 silly tarball no local data for @radix-ui/react-collection@https://registry.npmjs.org/@radix-ui/react-collection/-/react-collection-1.1.7.tgz. Extracting by manifest.
2652 silly tarball no local data for @radix-ui/react-compose-refs@https://registry.npmjs.org/@radix-ui/react-compose-refs/-/react-compose-refs-1.1.2.tgz. Extracting by manifest.
2653 silly tarball no local data for @radix-ui/react-collapsible@https://registry.npmjs.org/@radix-ui/react-collapsible/-/react-collapsible-1.1.12.tgz. Extracting by manifest.
2654 silly tarball no local data for @radix-ui/react-checkbox@https://registry.npmjs.org/@radix-ui/react-checkbox/-/react-checkbox-1.3.3.tgz. Extracting by manifest.
2655 silly tarball no local data for @radix-ui/react-arrow@https://registry.npmjs.org/@radix-ui/react-arrow/-/react-arrow-1.1.7.tgz. Extracting by manifest.
2656 silly tarball no local data for @radix-ui/react-alert-dialog@https://registry.npmjs.org/@radix-ui/react-alert-dialog/-/react-alert-dialog-1.1.15.tgz. Extracting by manifest.
2657 silly tarball no local data for @radix-ui/primitive@https://registry.npmjs.org/@radix-ui/primitive/-/primitive-1.1.3.tgz. Extracting by manifest.
2658 silly tarball no local data for @radix-ui/number@https://registry.npmjs.org/@radix-ui/number/-/number-1.1.1.tgz. Extracting by manifest.
2659 silly tarball no local data for @protobufjs/utf8@https://registry.npmjs.org/@protobufjs/utf8/-/utf8-1.1.0.tgz. Extracting by manifest.
2660 silly tarball no local data for @radix-ui/react-avatar@https://registry.npmjs.org/@radix-ui/react-avatar/-/react-avatar-1.1.10.tgz. Extracting by manifest.
2661 silly tarball no local data for @protobufjs/path@https://registry.npmjs.org/@protobufjs/path/-/path-1.1.2.tgz. Extracting by manifest.
2662 silly tarball no local data for @protobufjs/inquire@https://registry.npmjs.org/@protobufjs/inquire/-/inquire-1.1.0.tgz. Extracting by manifest.
2663 silly tarball no local data for @protobufjs/pool@https://registry.npmjs.org/@protobufjs/pool/-/pool-1.1.0.tgz. Extracting by manifest.
2664 silly tarball no local data for @protobufjs/float@https://registry.npmjs.org/@protobufjs/float/-/float-1.0.2.tgz. Extracting by manifest.
2665 silly tarball no local data for @protobufjs/fetch@https://registry.npmjs.org/@protobufjs/fetch/-/fetch-1.1.0.tgz. Extracting by manifest.
2666 silly tarball no local data for @protobufjs/eventemitter@https://registry.npmjs.org/@protobufjs/eventemitter/-/eventemitter-1.1.0.tgz. Extracting by manifest.
2667 silly tarball no local data for @protobufjs/codegen@https://registry.npmjs.org/@protobufjs/codegen/-/codegen-2.0.4.tgz. Extracting by manifest.
2668 silly tarball no local data for @protobufjs/base64@https://registry.npmjs.org/@protobufjs/base64/-/base64-1.1.2.tgz. Extracting by manifest.
2669 silly tarball no local data for @pkgjs/parseargs@https://registry.npmjs.org/@pkgjs/parseargs/-/parseargs-0.11.0.tgz. Extracting by manifest.
2670 silly tarball no local data for @pdf-lib/upng@https://registry.npmjs.org/@pdf-lib/upng/-/upng-1.0.1.tgz. Extracting by manifest.
2671 silly tarball no local data for @radix-ui/react-accordion@https://registry.npmjs.org/@radix-ui/react-accordion/-/react-accordion-1.2.12.tgz. Extracting by manifest.
2672 silly tarball no local data for @protobufjs/aspromise@https://registry.npmjs.org/@protobufjs/aspromise/-/aspromise-1.1.2.tgz. Extracting by manifest.
2673 silly tarball no local data for @nolyfill/is-core-module@https://registry.npmjs.org/@nolyfill/is-core-module/-/is-core-module-1.0.39.tgz. Extracting by manifest.
2674 silly tarball no local data for @nodelib/fs.walk@https://registry.npmjs.org/@nodelib/fs.walk/-/fs.walk-1.2.8.tgz. Extracting by manifest.
2675 silly tarball no local data for @nodelib/fs.stat@https://registry.npmjs.org/@nodelib/fs.stat/-/fs.stat-2.0.5.tgz. Extracting by manifest.
2676 silly tarball no local data for @next/eslint-plugin-next@https://registry.npmjs.org/@next/eslint-plugin-next/-/eslint-plugin-next-14.2.5.tgz. Extracting by manifest.
2677 silly tarball no local data for @nodelib/fs.scandir@https://registry.npmjs.org/@nodelib/fs.scandir/-/fs.scandir-2.1.5.tgz. Extracting by manifest.
2678 silly tarball no local data for @next/swc-darwin-x64@https://registry.npmjs.org/@next/swc-darwin-x64/-/swc-darwin-x64-14.2.33.tgz. Extracting by manifest.
2679 silly tarball no local data for @next/env@https://registry.npmjs.org/@next/env/-/env-14.2.35.tgz. Extracting by manifest.
2680 silly tarball no local data for @napi-rs/canvas@https://registry.npmjs.org/@napi-rs/canvas/-/canvas-0.1.80.tgz. Extracting by manifest.
2681 silly tarball no local data for @pdf-lib/standard-fonts@https://registry.npmjs.org/@pdf-lib/standard-fonts/-/standard-fonts-1.0.0.tgz. Extracting by manifest.
2682 silly tarball no local data for @napi-rs/canvas-darwin-x64@https://registry.npmjs.org/@napi-rs/canvas-darwin-x64/-/canvas-darwin-x64-0.1.80.tgz. Extracting by manifest.
2683 silly tarball no local data for @jridgewell/trace-mapping@https://registry.npmjs.org/@jridgewell/trace-mapping/-/trace-mapping-0.3.31.tgz. Extracting by manifest.
2684 silly tarball no local data for @jridgewell/resolve-uri@https://registry.npmjs.org/@jridgewell/resolve-uri/-/resolve-uri-3.1.2.tgz. Extracting by manifest.
2685 silly tarball no local data for @jridgewell/sourcemap-codec@https://registry.npmjs.org/@jridgewell/sourcemap-codec/-/sourcemap-codec-1.5.5.tgz. Extracting by manifest.
2686 silly tarball no local data for @jridgewell/source-map@https://registry.npmjs.org/@jridgewell/source-map/-/source-map-0.3.11.tgz. Extracting by manifest.
2687 silly tarball no local data for @jridgewell/gen-mapping@https://registry.npmjs.org/@jridgewell/gen-mapping/-/gen-mapping-0.3.13.tgz. Extracting by manifest.
2688 silly tarball no local data for @isaacs/cliui@https://registry.npmjs.org/@isaacs/cliui/-/cliui-8.0.2.tgz. Extracting by manifest.
2689 silly tarball no local data for @humanwhocodes/module-importer@https://registry.npmjs.org/@humanwhocodes/module-importer/-/module-importer-1.0.1.tgz. Extracting by manifest.
2690 silly tarball no local data for @humanwhocodes/object-schema@https://registry.npmjs.org/@humanwhocodes/object-schema/-/object-schema-2.0.3.tgz. Extracting by manifest.
2691 silly tarball no local data for @humanwhocodes/config-array@https://registry.npmjs.org/@humanwhocodes/config-array/-/config-array-0.13.0.tgz. Extracting by manifest.
2692 silly tarball no local data for @hookform/resolvers@https://registry.npmjs.org/@hookform/resolvers/-/resolvers-3.10.0.tgz. Extracting by manifest.
2693 silly tarball no local data for @grpc/proto-loader@https://registry.npmjs.org/@grpc/proto-loader/-/proto-loader-0.7.15.tgz. Extracting by manifest.
2694 silly tarball no local data for @floating-ui/utils@https://registry.npmjs.org/@floating-ui/utils/-/utils-0.2.10.tgz. Extracting by manifest.
2695 silly tarball no local data for @google/generative-ai@https://registry.npmjs.org/@google/generative-ai/-/generative-ai-0.16.1.tgz. Extracting by manifest.
2696 silly tarball no local data for @floating-ui/react-dom@https://registry.npmjs.org/@floating-ui/react-dom/-/react-dom-2.1.6.tgz. Extracting by manifest.
2697 silly tarball no local data for @floating-ui/dom@https://registry.npmjs.org/@floating-ui/dom/-/dom-1.7.4.tgz. Extracting by manifest.
2698 silly tarball no local data for @floating-ui/core@https://registry.npmjs.org/@floating-ui/core/-/core-1.7.3.tgz. Extracting by manifest.
2699 silly tarball no local data for @firebase/util@https://registry.npmjs.org/@firebase/util/-/util-1.10.0.tgz. Extracting by manifest.
2700 silly tarball no local data for @firebase/logger@https://registry.npmjs.org/@firebase/logger/-/logger-0.4.2.tgz. Extracting by manifest.
2701 silly tarball no local data for @firebase/database-types@https://registry.npmjs.org/@firebase/database-types/-/database-types-1.0.5.tgz. Extracting by manifest.
2702 silly tarball no local data for @firebase/database-compat@https://registry.npmjs.org/@firebase/database-compat/-/database-compat-1.0.8.tgz. Extracting by manifest.
2703 silly tarball no local data for @firebase/component@https://registry.npmjs.org/@firebase/component/-/component-0.6.9.tgz. Extracting by manifest.
2704 silly tarball no local data for @firebase/auth-interop-types@https://registry.npmjs.org/@firebase/auth-interop-types/-/auth-interop-types-0.2.3.tgz. Extracting by manifest.
2705 silly tarball no local data for @firebase/app-types@https://registry.npmjs.org/@firebase/app-types/-/app-types-0.9.2.tgz. Extracting by manifest.
2706 silly tarball no local data for @firebase/app-check-interop-types@https://registry.npmjs.org/@firebase/app-check-interop-types/-/app-check-interop-types-0.3.2.tgz. Extracting by manifest.
2707 silly tarball no local data for @eslint/js@https://registry.npmjs.org/@eslint/js/-/js-8.57.1.tgz. Extracting by manifest.
2708 silly tarball no local data for @eslint/eslintrc@https://registry.npmjs.org/@eslint/eslintrc/-/eslintrc-2.1.4.tgz. Extracting by manifest.
2709 silly tarball no local data for @firebase/database@https://registry.npmjs.org/@firebase/database/-/database-1.0.8.tgz. Extracting by manifest.
2710 silly tarball no local data for @eslint-community/regexpp@https://registry.npmjs.org/@eslint-community/regexpp/-/regexpp-4.12.1.tgz. Extracting by manifest.
2711 silly tarball no local data for @eslint-community/eslint-utils@https://registry.npmjs.org/@eslint-community/eslint-utils/-/eslint-utils-4.9.0.tgz. Extracting by manifest.
2712 silly tarball no local data for @cypress/request-promise@https://registry.npmjs.org/@cypress/request-promise/-/request-promise-5.0.0.tgz. Extracting by manifest.
2713 silly tarball no local data for @cypress/request@https://registry.npmjs.org/@cypress/request/-/request-3.0.9.tgz. Extracting by manifest.
2714 silly tarball no local data for @babel/runtime@https://registry.npmjs.org/@babel/runtime/-/runtime-7.28.4.tgz. Extracting by manifest.
2715 silly tarball no local data for @aws/lambda-invoke-store@https://registry.npmjs.org/@aws/lambda-invoke-store/-/lambda-invoke-store-0.1.1.tgz. Extracting by manifest.
2716 silly tarball no local data for @aws-sdk/xml-builder@https://registry.npmjs.org/@aws-sdk/xml-builder/-/xml-builder-3.921.0.tgz. Extracting by manifest.
2717 silly tarball no local data for @aws-sdk/util-user-agent-node@https://registry.npmjs.org/@aws-sdk/util-user-agent-node/-/util-user-agent-node-3.926.0.tgz. Extracting by manifest.
2718 silly tarball no local data for @aws-sdk/util-user-agent-browser@https://registry.npmjs.org/@aws-sdk/util-user-agent-browser/-/util-user-agent-browser-3.922.0.tgz. Extracting by manifest.
2719 silly tarball no local data for @aws-sdk/util-locate-window@https://registry.npmjs.org/@aws-sdk/util-locate-window/-/util-locate-window-3.893.0.tgz. Extracting by manifest.
2720 silly tarball no local data for @aws-sdk/util-endpoints@https://registry.npmjs.org/@aws-sdk/util-endpoints/-/util-endpoints-3.922.0.tgz. Extracting by manifest.
2721 silly tarball no local data for @aws-sdk/util-format-url@https://registry.npmjs.org/@aws-sdk/util-format-url/-/util-format-url-3.922.0.tgz. Extracting by manifest.
2722 silly tarball no local data for @aws-sdk/util-arn-parser@https://registry.npmjs.org/@aws-sdk/util-arn-parser/-/util-arn-parser-3.893.0.tgz. Extracting by manifest.
2723 silly tarball no local data for @aws-sdk/types@https://registry.npmjs.org/@aws-sdk/types/-/types-3.922.0.tgz. Extracting by manifest.
2724 silly tarball no local data for @aws-sdk/token-providers@https://registry.npmjs.org/@aws-sdk/token-providers/-/token-providers-3.926.0.tgz. Extracting by manifest.
2725 silly tarball no local data for @aws-sdk/signature-v4-multi-region@https://registry.npmjs.org/@aws-sdk/signature-v4-multi-region/-/signature-v4-multi-region-3.926.0.tgz. Extracting by manifest.
2726 silly tarball no local data for @aws-sdk/region-config-resolver@https://registry.npmjs.org/@aws-sdk/region-config-resolver/-/region-config-resolver-3.925.0.tgz. Extracting by manifest.
2727 silly tarball no local data for @aws-sdk/s3-request-presigner@https://registry.npmjs.org/@aws-sdk/s3-request-presigner/-/s3-request-presigner-3.926.0.tgz. Extracting by manifest.
2728 silly tarball no local data for @aws-sdk/nested-clients@https://registry.npmjs.org/@aws-sdk/nested-clients/-/nested-clients-3.926.0.tgz. Extracting by manifest.
2729 silly tarball no local data for @aws-sdk/middleware-user-agent@https://registry.npmjs.org/@aws-sdk/middleware-user-agent/-/middleware-user-agent-3.926.0.tgz. Extracting by manifest.
2730 silly tarball no local data for @aws-sdk/middleware-ssec@https://registry.npmjs.org/@aws-sdk/middleware-ssec/-/middleware-ssec-3.922.0.tgz. Extracting by manifest.
2731 silly tarball no local data for @aws-sdk/middleware-sdk-s3@https://registry.npmjs.org/@aws-sdk/middleware-sdk-s3/-/middleware-sdk-s3-3.926.0.tgz. Extracting by manifest.
2732 silly tarball no local data for @aws-sdk/middleware-recursion-detection@https://registry.npmjs.org/@aws-sdk/middleware-recursion-detection/-/middleware-recursion-detection-3.922.0.tgz. Extracting by manifest.
2733 silly tarball no local data for @aws-sdk/middleware-logger@https://registry.npmjs.org/@aws-sdk/middleware-logger/-/middleware-logger-3.922.0.tgz. Extracting by manifest.
2734 silly tarball no local data for @aws-sdk/middleware-location-constraint@https://registry.npmjs.org/@aws-sdk/middleware-location-constraint/-/middleware-location-constraint-3.922.0.tgz. Extracting by manifest.
2735 silly tarball no local data for @aws-sdk/middleware-host-header@https://registry.npmjs.org/@aws-sdk/middleware-host-header/-/middleware-host-header-3.922.0.tgz. Extracting by manifest.
2736 silly tarball no local data for @aws-sdk/middleware-flexible-checksums@https://registry.npmjs.org/@aws-sdk/middleware-flexible-checksums/-/middleware-flexible-checksums-3.926.0.tgz. Extracting by manifest.
2737 silly tarball no local data for @aws-sdk/middleware-expect-continue@https://registry.npmjs.org/@aws-sdk/middleware-expect-continue/-/middleware-expect-continue-3.922.0.tgz. Extracting by manifest.
2738 silly tarball no local data for @aws-sdk/middleware-bucket-endpoint@https://registry.npmjs.org/@aws-sdk/middleware-bucket-endpoint/-/middleware-bucket-endpoint-3.922.0.tgz. Extracting by manifest.
2739 silly tarball no local data for @aws-sdk/credential-provider-sso@https://registry.npmjs.org/@aws-sdk/credential-provider-sso/-/credential-provider-sso-3.926.0.tgz. Extracting by manifest.
2740 silly tarball no local data for @aws-sdk/credential-provider-web-identity@https://registry.npmjs.org/@aws-sdk/credential-provider-web-identity/-/credential-provider-web-identity-3.926.0.tgz. Extracting by manifest.
2741 silly tarball no local data for @aws-sdk/credential-provider-node@https://registry.npmjs.org/@aws-sdk/credential-provider-node/-/credential-provider-node-3.926.0.tgz. Extracting by manifest.
2742 silly tarball no local data for @aws-sdk/credential-provider-process@https://registry.npmjs.org/@aws-sdk/credential-provider-process/-/credential-provider-process-3.926.0.tgz. Extracting by manifest.
2743 silly tarball no local data for @aws-sdk/credential-provider-ini@https://registry.npmjs.org/@aws-sdk/credential-provider-ini/-/credential-provider-ini-3.926.0.tgz. Extracting by manifest.
2744 silly tarball no local data for @aws-sdk/credential-provider-http@https://registry.npmjs.org/@aws-sdk/credential-provider-http/-/credential-provider-http-3.926.0.tgz. Extracting by manifest.
2745 silly tarball no local data for @aws-sdk/credential-provider-env@https://registry.npmjs.org/@aws-sdk/credential-provider-env/-/credential-provider-env-3.926.0.tgz. Extracting by manifest.
2746 silly tarball no local data for @aws-sdk/core@https://registry.npmjs.org/@aws-sdk/core/-/core-3.926.0.tgz. Extracting by manifest.
2747 silly tarball no local data for @aws-sdk/client-sso@https://registry.npmjs.org/@aws-sdk/client-sso/-/client-sso-3.926.0.tgz. Extracting by manifest.
2748 silly tarball no local data for @aws-crypto/util@https://registry.npmjs.org/@aws-crypto/util/-/util-5.2.0.tgz. Extracting by manifest.
2749 silly tarball no local data for @aws-sdk/client-s3@https://registry.npmjs.org/@aws-sdk/client-s3/-/client-s3-3.926.0.tgz. Extracting by manifest.
2750 silly tarball no local data for @aws-crypto/supports-web-crypto@https://registry.npmjs.org/@aws-crypto/supports-web-crypto/-/supports-web-crypto-5.2.0.tgz. Extracting by manifest.
2751 silly tarball no local data for @aws-crypto/sha256-js@https://registry.npmjs.org/@aws-crypto/sha256-js/-/sha256-js-5.2.0.tgz. Extracting by manifest.
2752 silly tarball no local data for @aws-crypto/sha256-browser@https://registry.npmjs.org/@aws-crypto/sha256-browser/-/sha256-browser-5.2.0.tgz. Extracting by manifest.
2753 silly tarball no local data for @aws-crypto/sha1-browser@https://registry.npmjs.org/@aws-crypto/sha1-browser/-/sha1-browser-5.2.0.tgz. Extracting by manifest.
2754 silly tarball no local data for @aws-crypto/crc32c@https://registry.npmjs.org/@aws-crypto/crc32c/-/crc32c-5.2.0.tgz. Extracting by manifest.
2755 silly tarball no local data for @alloc/quick-lru@https://registry.npmjs.org/@alloc/quick-lru/-/quick-lru-5.2.0.tgz. Extracting by manifest.
2756 silly tarball no local data for agent-base@https://registry.npmjs.org/agent-base/-/agent-base-6.0.2.tgz. Extracting by manifest.
2757 silly tarball no local data for object-hash@https://registry.npmjs.org/object-hash/-/object-hash-2.2.0.tgz. Extracting by manifest.
2758 silly tarball no local data for lru-cache@https://registry.npmjs.org/lru-cache/-/lru-cache-6.0.0.tgz. Extracting by manifest.
2759 silly tarball no local data for @aws-crypto/crc32@https://registry.npmjs.org/@aws-crypto/crc32/-/crc32-5.2.0.tgz. Extracting by manifest.
2760 silly tarball no local data for webidl-conversions@https://registry.npmjs.org/webidl-conversions/-/webidl-conversions-7.0.0.tgz. Extracting by manifest.
2761 silly tarball no local data for tr46@https://registry.npmjs.org/tr46/-/tr46-5.1.1.tgz. Extracting by manifest.
2762 silly tarball no local data for whatwg-url@https://registry.npmjs.org/whatwg-url/-/whatwg-url-14.2.0.tgz. Extracting by manifest.
2763 silly tarball no local data for @types/send@https://registry.npmjs.org/@types/send/-/send-0.17.6.tgz. Extracting by manifest.
2764 silly tarball no local data for lru-cache@https://registry.npmjs.org/lru-cache/-/lru-cache-6.0.0.tgz. Extracting by manifest.
2765 silly tarball no local data for agent-base@https://registry.npmjs.org/agent-base/-/agent-base-6.0.2.tgz. Extracting by manifest.
2766 silly tarball no local data for jose@https://registry.npmjs.org/jose/-/jose-4.15.9.tgz. Extracting by manifest.
2767 silly tarball no local data for uuid@https://registry.npmjs.org/uuid/-/uuid-9.0.1.tgz. Extracting by manifest.
2768 silly tarball no local data for https-proxy-agent@https://registry.npmjs.org/https-proxy-agent/-/https-proxy-agent-5.0.1.tgz. Extracting by manifest.
2769 silly tarball no local data for uuid@https://registry.npmjs.org/uuid/-/uuid-9.0.1.tgz. Extracting by manifest.
2770 silly tarball no local data for readable-stream@https://registry.npmjs.org/readable-stream/-/readable-stream-3.6.2.tgz. Extracting by manifest.
2771 silly tarball no local data for @grpc/grpc-js@https://registry.npmjs.org/@grpc/grpc-js/-/grpc-js-1.14.3.tgz. Extracting by manifest.
2772 silly tarball no local data for gcp-metadata@https://registry.npmjs.org/gcp-metadata/-/gcp-metadata-6.1.1.tgz. Extracting by manifest.
2773 silly tarball no local data for uuid@https://registry.npmjs.org/uuid/-/uuid-9.0.1.tgz. Extracting by manifest.
2774 silly tarball no local data for @grpc/proto-loader@https://registry.npmjs.org/@grpc/proto-loader/-/proto-loader-0.8.0.tgz. Extracting by manifest.
2775 silly tarball no local data for uuid@https://registry.npmjs.org/uuid/-/uuid-8.3.2.tgz. Extracting by manifest.
2776 silly tarball no local data for jose@https://registry.npmjs.org/jose/-/jose-4.15.9.tgz. Extracting by manifest.
2777 silly tarball no local data for mime@https://registry.npmjs.org/mime/-/mime-3.0.0.tgz. Extracting by manifest.
2778 silly tarball no local data for uuid@https://registry.npmjs.org/uuid/-/uuid-8.3.2.tgz. Extracting by manifest.
2779 silly tarball no local data for string-width@https://registry.npmjs.org/string-width/-/string-width-4.2.3.tgz. Extracting by manifest.
2780 silly tarball no local data for @types/node@https://registry.npmjs.org/@types/node/-/node-22.19.3.tgz. Extracting by manifest.
2781 silly tarball no local data for jose@https://registry.npmjs.org/jose/-/jose-4.15.9.tgz. Extracting by manifest.
2782 silly tarball no local data for emoji-regex@https://registry.npmjs.org/emoji-regex/-/emoji-regex-8.0.0.tgz. Extracting by manifest.
2783 silly tarball no local data for emoji-regex@https://registry.npmjs.org/emoji-regex/-/emoji-regex-8.0.0.tgz. Extracting by manifest.
2784 silly tarball no local data for string-width@https://registry.npmjs.org/string-width/-/string-width-4.2.3.tgz. Extracting by manifest.
2785 silly tarball no local data for strip-ansi@https://registry.npmjs.org/strip-ansi/-/strip-ansi-7.1.2.tgz. Extracting by manifest.
2786 silly tarball no local data for ansi-styles@https://registry.npmjs.org/ansi-styles/-/ansi-styles-6.2.3.tgz. Extracting by manifest.
2787 silly tarball no local data for ansi-regex@https://registry.npmjs.org/ansi-regex/-/ansi-regex-6.2.2.tgz. Extracting by manifest.
2788 silly tarball no local data for json-schema-traverse@https://registry.npmjs.org/json-schema-traverse/-/json-schema-traverse-1.0.0.tgz. Extracting by manifest.
2789 silly tarball no local data for schema-utils@https://registry.npmjs.org/schema-utils/-/schema-utils-4.3.3.tgz. Extracting by manifest.
2790 silly tarball no local data for estraverse@https://registry.npmjs.org/estraverse/-/estraverse-4.3.0.tgz. Extracting by manifest.
2791 silly tarball no local data for eslint-scope@https://registry.npmjs.org/eslint-scope/-/eslint-scope-5.1.1.tgz. Extracting by manifest.
2792 silly tarball no local data for ajv@https://registry.npmjs.org/ajv/-/ajv-8.17.1.tgz. Extracting by manifest.
2793 silly tarball no local data for core-util-is@https://registry.npmjs.org/core-util-is/-/core-util-is-1.0.2.tgz. Extracting by manifest.
2794 silly tarball no local data for ajv-keywords@https://registry.npmjs.org/ajv-keywords/-/ajv-keywords-5.1.0.tgz. Extracting by manifest.
2795 silly tarball no local data for pako@https://registry.npmjs.org/pako/-/pako-0.2.9.tgz. Extracting by manifest.
2796 silly tarball no local data for fdir@https://registry.npmjs.org/fdir/-/fdir-6.5.0.tgz. Extracting by manifest.
2797 silly tarball no local data for json5@https://registry.npmjs.org/json5/-/json5-1.0.2.tgz. Extracting by manifest.
2798 silly tarball no local data for picomatch@https://registry.npmjs.org/picomatch/-/picomatch-4.0.3.tgz. Extracting by manifest.
2799 silly tarball no local data for json-schema-traverse@https://registry.npmjs.org/json-schema-traverse/-/json-schema-traverse-1.0.0.tgz. Extracting by manifest.
2800 silly tarball no local data for ajv@https://registry.npmjs.org/ajv/-/ajv-8.17.1.tgz. Extracting by manifest.
2801 silly tarball no local data for postcss-selector-parser@https://registry.npmjs.org/postcss-selector-parser/-/postcss-selector-parser-6.1.2.tgz. Extracting by manifest.
2802 silly tarball no local data for ajv-keywords@https://registry.npmjs.org/ajv-keywords/-/ajv-keywords-5.1.0.tgz. Extracting by manifest.
2803 silly tarball no local data for emoji-regex@https://registry.npmjs.org/emoji-regex/-/emoji-regex-8.0.0.tgz. Extracting by manifest.
2804 silly tarball no local data for commander@https://registry.npmjs.org/commander/-/commander-2.20.3.tgz. Extracting by manifest.
2805 silly tarball no local data for strip-ansi@https://registry.npmjs.org/strip-ansi/-/strip-ansi-7.1.2.tgz. Extracting by manifest.
2806 silly tarball no local data for emoji-regex@https://registry.npmjs.org/emoji-regex/-/emoji-regex-9.2.2.tgz. Extracting by manifest.
2807 silly tarball no local data for ansi-regex@https://registry.npmjs.org/ansi-regex/-/ansi-regex-6.2.2.tgz. Extracting by manifest.
2808 silly tarball no local data for glob@https://registry.npmjs.org/glob/-/glob-7.2.3.tgz. Extracting by manifest.
2809 silly tarball no local data for safe-buffer@https://registry.npmjs.org/safe-buffer/-/safe-buffer-5.1.2.tgz. Extracting by manifest.
2810 silly tarball no local data for tough-cookie@https://registry.npmjs.org/tough-cookie/-/tough-cookie-2.5.0.tgz. Extracting by manifest.
2811 silly tarball no local data for uuid@https://registry.npmjs.org/uuid/-/uuid-3.4.0.tgz. Extracting by manifest.
2812 silly tarball no local data for schema-utils@https://registry.npmjs.org/schema-utils/-/schema-utils-4.3.3.tgz. Extracting by manifest.
2813 silly tarball no local data for http-signature@https://registry.npmjs.org/http-signature/-/http-signature-1.2.0.tgz. Extracting by manifest.
2814 silly tarball no local data for qs@https://registry.npmjs.org/qs/-/qs-6.5.3.tgz. Extracting by manifest.
2815 silly tarball no local data for jsprim@https://registry.npmjs.org/jsprim/-/jsprim-1.4.2.tgz. Extracting by manifest.
2816 silly tarball no local data for react-is@https://registry.npmjs.org/react-is/-/react-is-18.3.1.tgz. Extracting by manifest.
2817 silly tarball no local data for eventemitter3@https://registry.npmjs.org/eventemitter3/-/eventemitter3-4.0.7.tgz. Extracting by manifest.
2818 silly tarball no local data for form-data@https://registry.npmjs.org/form-data/-/form-data-2.3.3.tgz. Extracting by manifest.
2819 silly tarball no local data for safe-buffer@https://registry.npmjs.org/safe-buffer/-/safe-buffer-5.1.2.tgz. Extracting by manifest.
2820 silly tarball no local data for isarray@https://registry.npmjs.org/isarray/-/isarray-1.0.0.tgz. Extracting by manifest.
2821 silly tarball no local data for scheduler@https://registry.npmjs.org/scheduler/-/scheduler-0.23.2.tgz. Extracting by manifest.
2822 silly tarball no local data for nanoid@https://registry.npmjs.org/nanoid/-/nanoid-3.3.11.tgz. Extracting by manifest.
2823 silly tarball no local data for tslib@https://registry.npmjs.org/tslib/-/tslib-1.14.1.tgz. Extracting by manifest.
2824 silly tarball no local data for postcss-selector-parser@https://registry.npmjs.org/postcss-selector-parser/-/postcss-selector-parser-6.1.2.tgz. Extracting by manifest.
2825 silly tarball no local data for slash@https://registry.npmjs.org/slash/-/slash-2.0.0.tgz. Extracting by manifest.
2826 silly tarball no local data for debug@https://registry.npmjs.org/debug/-/debug-3.2.7.tgz. Extracting by manifest.
2827 silly tarball no local data for @types/unist@https://registry.npmjs.org/@types/unist/-/unist-2.0.11.tgz. Extracting by manifest.
2828 silly tarball no local data for postcss@https://registry.npmjs.org/postcss/-/postcss-8.4.31.tgz. Extracting by manifest.
2829 silly tarball no local data for nanoid@https://registry.npmjs.org/nanoid/-/nanoid-3.3.11.tgz. Extracting by manifest.
2830 silly tarball no local data for @swc/helpers@https://registry.npmjs.org/@swc/helpers/-/helpers-0.5.5.tgz. Extracting by manifest.
2831 silly tarball no local data for escape-string-regexp@https://registry.npmjs.org/escape-string-regexp/-/escape-string-regexp-5.0.0.tgz. Extracting by manifest.
2832 silly tarball no local data for supports-color@https://registry.npmjs.org/supports-color/-/supports-color-8.1.1.tgz. Extracting by manifest.
2833 silly tarball no local data for base64-js@https://registry.npmjs.org/base64-js/-/base64-js-0.0.8.tgz. Extracting by manifest.
2834 silly tarball no local data for brace-expansion@https://registry.npmjs.org/brace-expansion/-/brace-expansion-2.0.2.tgz. Extracting by manifest.
2835 silly tarball no local data for minimatch@https://registry.npmjs.org/minimatch/-/minimatch-9.0.5.tgz. Extracting by manifest.
2836 silly tarball no local data for doctrine@https://registry.npmjs.org/doctrine/-/doctrine-2.1.0.tgz. Extracting by manifest.
2837 silly tarball no local data for glob-parent@https://registry.npmjs.org/glob-parent/-/glob-parent-5.1.2.tgz. Extracting by manifest.
2838 silly tarball no local data for resolve@https://registry.npmjs.org/resolve/-/resolve-2.0.0-next.5.tgz. Extracting by manifest.
2839 silly tarball no local data for semver@https://registry.npmjs.org/semver/-/semver-6.3.1.tgz. Extracting by manifest.
2840 silly tarball no local data for semver@https://registry.npmjs.org/semver/-/semver-6.3.1.tgz. Extracting by manifest.
2841 silly tarball no local data for emoji-regex@https://registry.npmjs.org/emoji-regex/-/emoji-regex-9.2.2.tgz. Extracting by manifest.
2842 silly tarball no local data for doctrine@https://registry.npmjs.org/doctrine/-/doctrine-2.1.0.tgz. Extracting by manifest.
2843 silly tarball no local data for debug@https://registry.npmjs.org/debug/-/debug-3.2.7.tgz. Extracting by manifest.
2844 silly tarball no local data for debug@https://registry.npmjs.org/debug/-/debug-3.2.7.tgz. Extracting by manifest.
2845 silly tarball no local data for debug@https://registry.npmjs.org/debug/-/debug-3.2.7.tgz. Extracting by manifest.
2846 silly tarball no local data for string-width@https://registry.npmjs.org/string-width/-/string-width-4.2.3.tgz. Extracting by manifest.
2847 silly tarball no local data for wrap-ansi@https://registry.npmjs.org/wrap-ansi/-/wrap-ansi-7.0.0.tgz. Extracting by manifest.
2848 silly tarball no local data for emoji-regex@https://registry.npmjs.org/emoji-regex/-/emoji-regex-8.0.0.tgz. Extracting by manifest.
2849 silly tarball no local data for glob-parent@https://registry.npmjs.org/glob-parent/-/glob-parent-5.1.2.tgz. Extracting by manifest.
2850 silly tarball no local data for form-data@https://registry.npmjs.org/form-data/-/form-data-4.0.4.tgz. Extracting by manifest.
2851 silly tarball no local data for json-schema-traverse@https://registry.npmjs.org/json-schema-traverse/-/json-schema-traverse-1.0.0.tgz. Extracting by manifest.
2852 silly tarball no local data for minimatch@https://registry.npmjs.org/minimatch/-/minimatch-9.0.3.tgz. Extracting by manifest.
2853 silly tarball no local data for brace-expansion@https://registry.npmjs.org/brace-expansion/-/brace-expansion-2.0.2.tgz. Extracting by manifest.
2854 silly tarball no local data for ajv@https://registry.npmjs.org/ajv/-/ajv-8.17.1.tgz. Extracting by manifest.
2855 silly tarball no local data for @react-pdf/stylesheet@https://registry.npmjs.org/@react-pdf/stylesheet/-/stylesheet-6.1.1.tgz. Extracting by manifest.
2856 silly tarball no local data for @react-pdf/png-js@https://registry.npmjs.org/@react-pdf/png-js/-/png-js-3.0.0.tgz. Extracting by manifest.
2857 silly tarball no local data for @react-pdf/font@https://registry.npmjs.org/@react-pdf/font/-/font-4.0.3.tgz. Extracting by manifest.
2858 silly tarball no local data for @react-pdf/pdfkit@https://registry.npmjs.org/@react-pdf/pdfkit/-/pdfkit-4.0.4.tgz. Extracting by manifest.
2859 silly tarball no local data for @react-pdf/primitives@https://registry.npmjs.org/@react-pdf/primitives/-/primitives-4.1.1.tgz. Extracting by manifest.
2860 silly tarball no local data for @react-pdf/fns@https://registry.npmjs.org/@react-pdf/fns/-/fns-3.1.2.tgz. Extracting by manifest.
2861 silly tarball no local data for universalify@https://registry.npmjs.org/universalify/-/universalify-0.2.0.tgz. Extracting by manifest.
2862 silly tarball no local data for ansi-regex@https://registry.npmjs.org/ansi-regex/-/ansi-regex-6.2.2.tgz. Extracting by manifest.
2863 silly tarball no local data for tough-cookie@https://registry.npmjs.org/tough-cookie/-/tough-cookie-4.1.4.tgz. Extracting by manifest.
2864 silly tarball no local data for uuid@https://registry.npmjs.org/uuid/-/uuid-8.3.2.tgz. Extracting by manifest.
2865 silly tarball no local data for form-data@https://registry.npmjs.org/form-data/-/form-data-4.0.4.tgz. Extracting by manifest.
2866 silly tarball no local data for strnum@https://registry.npmjs.org/strnum/-/strnum-2.1.1.tgz. Extracting by manifest.
2867 silly tarball no local data for fast-xml-parser@https://registry.npmjs.org/fast-xml-parser/-/fast-xml-parser-5.2.5.tgz. Extracting by manifest.
2868 silly tarball no local data for strip-ansi@https://registry.npmjs.org/strip-ansi/-/strip-ansi-7.1.2.tgz. Extracting by manifest.
2869 silly tarball no local data for @smithy/util-utf8@https://registry.npmjs.org/@smithy/util-utf8/-/util-utf8-2.3.0.tgz. Extracting by manifest.
2870 silly tarball no local data for @smithy/util-buffer-from@https://registry.npmjs.org/@smithy/util-buffer-from/-/util-buffer-from-2.2.0.tgz. Extracting by manifest.
2871 silly tarball no local data for @smithy/is-array-buffer@https://registry.npmjs.org/@smithy/is-array-buffer/-/is-array-buffer-2.2.0.tgz. Extracting by manifest.
2872 silly tarball no local data for @smithy/util-utf8@https://registry.npmjs.org/@smithy/util-utf8/-/util-utf8-2.3.0.tgz. Extracting by manifest.
2873 silly tarball no local data for @smithy/is-array-buffer@https://registry.npmjs.org/@smithy/is-array-buffer/-/is-array-buffer-2.2.0.tgz. Extracting by manifest.
2874 silly tarball no local data for @smithy/util-utf8@https://registry.npmjs.org/@smithy/util-utf8/-/util-utf8-2.3.0.tgz. Extracting by manifest.
2875 silly tarball no local data for @smithy/util-buffer-from@https://registry.npmjs.org/@smithy/util-buffer-from/-/util-buffer-from-2.2.0.tgz. Extracting by manifest.
2876 silly tarball no local data for @smithy/util-buffer-from@https://registry.npmjs.org/@smithy/util-buffer-from/-/util-buffer-from-2.2.0.tgz. Extracting by manifest.
2877 silly tarball no local data for @smithy/is-array-buffer@https://registry.npmjs.org/@smithy/is-array-buffer/-/is-array-buffer-2.2.0.tgz. Extracting by manifest.
2878 http fetch POST 200 https://registry.npmjs.org/-/npm/v1/security/advisories/bulk 2170ms
2879 silly audit report {
2879 silly audit report   'tough-cookie': [
2879 silly audit report     {
2879 silly audit report       id: 1097682,
2879 silly audit report       url: 'https://github.com/advisories/GHSA-72xf-g2v4-qvf3',
2879 silly audit report       title: 'tough-cookie Prototype Pollution vulnerability',
2879 silly audit report       severity: 'moderate',
2879 silly audit report       vulnerable_versions: '<4.1.3',
2879 silly audit report       cwe: [Array],
2879 silly audit report       cvss: [Object]
2879 silly audit report     }
2879 silly audit report   ],
2879 silly audit report   'form-data': [
2879 silly audit report     {
2879 silly audit report       id: 1109540,
2879 silly audit report       url: 'https://github.com/advisories/GHSA-fjxv-7rqg-78g4',
2879 silly audit report       title: 'form-data uses unsafe random function in form-data for choosing boundary',
2879 silly audit report       severity: 'critical',
2879 silly audit report       vulnerable_versions: '<2.5.4',
2879 silly audit report       cwe: [Array],
2879 silly audit report       cvss: [Object]
2879 silly audit report     }
2879 silly audit report   ],
2879 silly audit report   glob: [
2879 silly audit report     {
2879 silly audit report       id: 1109842,
2879 silly audit report       url: 'https://github.com/advisories/GHSA-5j98-mcp5-4vw2',
2879 silly audit report       title: 'glob CLI: Command injection via -c/--cmd executes matches with shell:true',
2879 silly audit report       severity: 'high',
2879 silly audit report       vulnerable_versions: '>=10.2.0 <10.5.0',
2879 silly audit report       cwe: [Array],
2879 silly audit report       cvss: [Object]
2879 silly audit report     }
2879 silly audit report   ],
2879 silly audit report   'js-yaml': [
2879 silly audit report     {
2879 silly audit report       id: 1109802,
2879 silly audit report       url: 'https://github.com/advisories/GHSA-mh29-5h37-fv8m',
2879 silly audit report       title: 'js-yaml has prototype pollution in merge (<<)',
2879 silly audit report       severity: 'moderate',
2879 silly audit report       vulnerable_versions: '>=4.0.0 <4.1.1',
2879 silly audit report       cwe: [Array],
2879 silly audit report       cvss: [Object]
2879 silly audit report     }
2879 silly audit report   ],
2879 silly audit report   'mdast-util-to-hast': [
2879 silly audit report     {
2879 silly audit report       id: 1111093,
2879 silly audit report       url: 'https://github.com/advisories/GHSA-4fh9-h7wg-q85m',
2879 silly audit report       title: 'mdast-util-to-hast has unsanitized class attribute',
2879 silly audit report       severity: 'moderate',
2879 silly audit report       vulnerable_versions: '>=13.0.0 <13.2.1',
2879 silly audit report       cwe: [Array],
2879 silly audit report       cvss: [Object]
2879 silly audit report     }
2879 silly audit report   ],
2879 silly audit report   qs: [
2879 silly audit report     {
2879 silly audit report       id: 1111755,
2879 silly audit report       url: 'https://github.com/advisories/GHSA-6rw7-vpxm-498p',
2879 silly audit report       title: "qs's arrayLimit bypass in its bracket notation allows DoS via memory exhaustion",
2879 silly audit report       severity: 'high',
2879 silly audit report       vulnerable_versions: '<6.14.1',
2879 silly audit report       cwe: [Array],
2879 silly audit report       cvss: [Object]
2879 silly audit report     }
2879 silly audit report   ],
2879 silly audit report   request: [
2879 silly audit report     {
2879 silly audit report       id: 1096727,
2879 silly audit report       url: 'https://github.com/advisories/GHSA-p8p7-x288-28g6',
2879 silly audit report       title: 'Server-Side Request Forgery in Request',
2879 silly audit report       severity: 'moderate',
2879 silly audit report       vulnerable_versions: '<=2.88.2',
2879 silly audit report       cwe: [Array],
2879 silly audit report       cvss: [Object]
2879 silly audit report     }
2879 silly audit report   ],
2879 silly audit report   xlsx: [
2879 silly audit report     {
2879 silly audit report       id: 1108110,
2879 silly audit report       url: 'https://github.com/advisories/GHSA-4r6h-8v6p-xvw6',
2879 silly audit report       title: 'Prototype Pollution in sheetJS',
2879 silly audit report       severity: 'high',
2879 silly audit report       vulnerable_versions: '<0.19.3',
2879 silly audit report       cwe: [Array],
2879 silly audit report       cvss: [Object]
2879 silly audit report     },
2879 silly audit report     {
2879 silly audit report       id: 1108111,
2879 silly audit report       url: 'https://github.com/advisories/GHSA-5pgg-2g8v-p4x9',
2879 silly audit report       title: 'SheetJS Regular Expression Denial of Service (ReDoS)',
2879 silly audit report       severity: 'high',
2879 silly audit report       vulnerable_versions: '<0.20.2',
2879 silly audit report       cwe: [Array],
2879 silly audit report       cvss: [Object]
2879 silly audit report     }
2879 silly audit report   ]
2879 silly audit report }
2880 silly packumentCache corgi:https://registry.npmjs.org/tough-cookie cache-miss
2881 silly packumentCache corgi:https://registry.npmjs.org/form-data cache-miss
2882 silly packumentCache corgi:https://registry.npmjs.org/glob cache-miss
2883 silly packumentCache corgi:https://registry.npmjs.org/js-yaml cache-miss
2884 silly packumentCache corgi:https://registry.npmjs.org/mdast-util-to-hast cache-miss
2885 silly packumentCache corgi:https://registry.npmjs.org/qs cache-miss
2886 silly packumentCache corgi:https://registry.npmjs.org/request cache-miss
2887 silly packumentCache corgi:https://registry.npmjs.org/xlsx cache-miss
2888 http fetch GET 200 https://registry.npmjs.org/stubs/-/stubs-3.0.0.tgz 1418ms (cache miss)
2889 http fetch GET 200 https://registry.npmjs.org/http-proxy-agent/-/http-proxy-agent-5.0.0.tgz 1416ms (cache miss)
2890 http fetch GET 200 https://registry.npmjs.org/yallist/-/yallist-4.0.0.tgz 1424ms (cache miss)
2891 http fetch GET 200 https://registry.npmjs.org/google-logging-utils/-/google-logging-utils-0.0.2.tgz 1447ms (cache miss)
2892 http fetch GET 200 https://registry.npmjs.org/@tootallnate/once/-/once-2.0.0.tgz 1743ms (cache miss)
2893 http fetch GET 200 https://registry.npmjs.org/@types/mime/-/mime-1.3.5.tgz 1815ms (cache miss)
2894 http fetch GET 200 https://registry.npmjs.org/@js-sdsl/ordered-map/-/ordered-map-4.4.2.tgz 2128ms (cache miss)
2895 http fetch GET 200 https://registry.npmjs.org/@panva/hkdf/-/hkdf-1.2.1.tgz 2895ms (cache miss)
2896 http fetch GET 200 https://registry.npmjs.org/@types/webidl-conversions/-/webidl-conversions-7.0.3.tgz 2895ms (cache miss)
2897 http fetch GET 200 https://registry.npmjs.org/@types/whatwg-url/-/whatwg-url-11.0.5.tgz 2912ms (cache miss)
2898 http fetch GET 200 https://registry.npmjs.org/cookie/-/cookie-0.7.2.tgz 3012ms (cache miss)
2899 http fetch GET 200 https://registry.npmjs.org/sparse-bitfield/-/sparse-bitfield-3.0.3.tgz 3307ms (cache miss)
2900 http fetch GET 200 https://registry.npmjs.org/mongodb-connection-string-url/-/mongodb-connection-string-url-3.0.2.tgz 3609ms (cache miss)
2901 http fetch GET 200 https://registry.npmjs.org/jwa/-/jwa-2.0.1.tgz 4256ms (cache miss)
2902 http fetch GET 200 https://registry.npmjs.org/buffer-equal-constant-time/-/buffer-equal-constant-time-1.0.1.tgz 4257ms (cache miss)
2903 http fetch GET 200 https://registry.npmjs.org/lodash.clonedeep/-/lodash.clonedeep-4.5.0.tgz 4297ms (cache miss)
2904 http fetch GET 200 https://registry.npmjs.org/@types/http-errors/-/http-errors-2.0.5.tgz 4405ms (cache miss)
2905 http fetch GET 200 https://registry.npmjs.org/@mongodb-js/saslprep/-/saslprep-1.4.4.tgz 4470ms (cache miss)
2906 http fetch GET 200 https://registry.npmjs.org/@types/send/-/send-1.2.1.tgz 4707ms (cache miss)
2907 http fetch GET 200 https://registry.npmjs.org/stream-events/-/stream-events-1.0.5.tgz 5282ms (cache miss)
2908 http fetch GET 200 https://registry.npmjs.org/@types/serve-static/-/serve-static-1.15.10.tgz 5306ms (cache miss)
2909 http fetch GET 200 https://registry.npmjs.org/oidc-token-hash/-/oidc-token-hash-5.2.0.tgz 5323ms (cache miss)
2910 http fetch GET 200 https://registry.npmjs.org/@types/range-parser/-/range-parser-1.2.7.tgz 5372ms (cache miss)
2911 http fetch GET 200 https://registry.npmjs.org/@types/connect/-/connect-3.4.38.tgz 5372ms (cache miss)
2912 http fetch GET 200 https://registry.npmjs.org/pretty-format/-/pretty-format-3.8.0.tgz 5389ms (cache miss)
2913 http fetch GET 200 https://registry.npmjs.org/@types/qs/-/qs-6.14.0.tgz 5646ms (cache miss)
2914 http fetch GET 200 https://registry.npmjs.org/memory-pager/-/memory-pager-1.5.0.tgz 5671ms (cache miss)
2915 http fetch GET 200 https://registry.npmjs.org/openid-client/-/openid-client-5.7.1.tgz 5979ms (cache miss)
2916 http fetch GET 200 https://registry.npmjs.org/@types/express-serve-static-core/-/express-serve-static-core-4.19.7.tgz 5970ms (cache miss)
2917 http fetch GET 200 https://registry.npmjs.org/oauth/-/oauth-0.9.15.tgz 6007ms (cache miss)
2918 http fetch GET 200 https://registry.npmjs.org/lru-memoizer/-/lru-memoizer-2.3.0.tgz 6045ms (cache miss)
2919 http fetch GET 200 https://registry.npmjs.org/@types/jsonwebtoken/-/jsonwebtoken-9.0.10.tgz 6486ms (cache miss)
2920 http fetch GET 200 https://registry.npmjs.org/@types/body-parser/-/body-parser-1.19.6.tgz 6510ms (cache miss)
2921 http fetch GET 200 https://registry.npmjs.org/limiter/-/limiter-1.1.5.tgz 6509ms (cache miss)
2922 http fetch GET 200 https://registry.npmjs.org/lodash.isstring/-/lodash.isstring-4.0.1.tgz 6567ms (cache miss)
2923 http fetch GET 200 https://registry.npmjs.org/@types/express/-/express-4.17.25.tgz 6594ms (cache miss)
2924 http fetch GET 200 https://registry.npmjs.org/preact-render-to-string/-/preact-render-to-string-5.2.6.tgz 6621ms (cache miss)
2925 http fetch GET 200 https://registry.npmjs.org/lodash.isnumber/-/lodash.isnumber-3.0.3.tgz 6742ms (cache miss)
2926 http fetch GET 200 https://registry.npmjs.org/lodash.isinteger/-/lodash.isinteger-4.0.4.tgz 6742ms (cache miss)
2927 http fetch GET 200 https://registry.npmjs.org/lodash.once/-/lodash.once-4.1.1.tgz 6748ms (cache miss)
2928 http fetch GET 200 https://registry.npmjs.org/lodash.includes/-/lodash.includes-4.3.0.tgz 7335ms (cache miss)
2929 http fetch GET 200 https://registry.npmjs.org/lodash.isplainobject/-/lodash.isplainobject-4.0.6.tgz 7385ms (cache miss)
2930 http fetch GET 200 https://registry.npmjs.org/lodash.isboolean/-/lodash.isboolean-3.0.3.tgz 7384ms (cache miss)
2931 http fetch GET 200 https://registry.npmjs.org/@types/long/-/long-4.0.2.tgz 7677ms (cache miss)
2932 http fetch GET 200 https://registry.npmjs.org/jws/-/jws-4.0.1.tgz 7727ms (cache miss)
2933 http fetch GET 200 https://registry.npmjs.org/agent-base/-/agent-base-7.1.4.tgz 7827ms (cache miss)
2934 http fetch GET 200 https://registry.npmjs.org/gtoken/-/gtoken-7.1.0.tgz 7840ms (cache miss)
2935 http fetch GET 200 https://registry.npmjs.org/is-stream/-/is-stream-2.0.1.tgz 7910ms (cache miss)
2936 http fetch GET 200 https://registry.npmjs.org/json-bigint/-/json-bigint-1.0.0.tgz 7915ms (cache miss)
2937 http fetch GET 200 https://registry.npmjs.org/ecdsa-sig-formatter/-/ecdsa-sig-formatter-1.0.11.tgz 7930ms (cache miss)
2938 http fetch GET 200 https://registry.npmjs.org/https-proxy-agent/-/https-proxy-agent-7.0.6.tgz 8040ms (cache miss)
2939 http fetch GET 200 https://registry.npmjs.org/proto3-json-serializer/-/proto3-json-serializer-2.0.2.tgz 8143ms (cache miss)
2940 http fetch GET 200 https://registry.npmjs.org/bson/-/bson-6.10.4.tgz 8316ms (cache miss)
2941 http fetch GET 200 https://registry.npmjs.org/bignumber.js/-/bignumber.js-9.3.1.tgz 8354ms (cache miss)
2942 http fetch GET 200 https://registry.npmjs.org/arrify/-/arrify-2.0.1.tgz 8384ms (cache miss)
2943 http fetch GET 200 https://registry.npmjs.org/retry/-/retry-0.13.1.tgz 8481ms (cache miss)
2944 http fetch GET 200 https://registry.npmjs.org/stream-shift/-/stream-shift-1.0.3.tgz 8575ms (cache miss)
2945 http fetch GET 200 https://registry.npmjs.org/retry-request/-/retry-request-7.0.2.tgz 8846ms (cache miss)
2946 http fetch GET 200 https://registry.npmjs.org/teeny-request/-/teeny-request-9.0.0.tgz 8905ms (cache miss)
2947 http fetch GET 200 https://registry.npmjs.org/async-retry/-/async-retry-1.3.3.tgz 9017ms (cache miss)
2948 http fetch GET 200 https://registry.npmjs.org/event-target-shim/-/event-target-shim-5.0.1.tgz 9046ms (cache miss)
2949 http fetch GET 200 https://registry.npmjs.org/duplexify/-/duplexify-4.1.3.tgz 9108ms (cache miss)
2950 http fetch GET 200 https://registry.npmjs.org/html-entities/-/html-entities-2.6.0.tgz 9228ms (cache miss)
2951 http fetch GET 200 https://registry.npmjs.org/gaxios/-/gaxios-6.7.1.tgz 9244ms (cache miss)
2952 http fetch GET 200 https://registry.npmjs.org/@google-cloud/projectify/-/projectify-4.0.0.tgz 9269ms (cache miss)
2953 http fetch GET 200 https://registry.npmjs.org/preact/-/preact-10.28.2.tgz 9329ms (cache miss)
2954 http fetch GET 200 https://registry.npmjs.org/abort-controller/-/abort-controller-3.0.0.tgz 9285ms (cache miss)
2955 http fetch GET 200 https://registry.npmjs.org/@google-cloud/paginator/-/paginator-5.0.2.tgz 9388ms (cache miss)
2956 http fetch GET 200 https://registry.npmjs.org/functional-red-black-tree/-/functional-red-black-tree-1.0.1.tgz 9419ms (cache miss)
2957 http fetch GET 200 https://registry.npmjs.org/@google-cloud/promisify/-/promisify-4.0.0.tgz 9424ms (cache miss)
2958 http fetch GET 200 https://registry.npmjs.org/jwks-rsa/-/jwks-rsa-3.2.0.tgz 9891ms (cache miss)
2959 http fetch GET 200 https://registry.npmjs.org/jsonwebtoken/-/jsonwebtoken-9.0.3.tgz 9929ms (cache miss)
2960 http fetch GET 200 https://registry.npmjs.org/google-auth-library/-/google-auth-library-9.15.1.tgz 10461ms (cache miss)
2961 http fetch GET 200 https://registry.npmjs.org/@fastify/busboy/-/busboy-3.2.0.tgz 10530ms (cache miss)
2962 http fetch GET 200 https://registry.npmjs.org/farmhash-modern/-/farmhash-modern-1.1.0.tgz 10735ms (cache miss)
2963 http fetch GET 200 https://registry.npmjs.org/zwitch/-/zwitch-2.0.4.tgz 10979ms (cache miss)
2964 http fetch GET 200 https://registry.npmjs.org/yocto-queue/-/yocto-queue-0.1.0.tgz 11378ms (cache miss)
2965 http fetch GET 200 https://registry.npmjs.org/@opentelemetry/api/-/api-1.9.0.tgz 11783ms (cache miss)
2966 http fetch GET 200 https://registry.npmjs.org/yargs-parser/-/yargs-parser-21.1.1.tgz 12629ms (cache miss)
2967 http fetch GET 200 https://registry.npmjs.org/y18n/-/y18n-5.0.8.tgz 12698ms (cache miss)
2968 http fetch GET 200 https://registry.npmjs.org/nodemailer/-/nodemailer-7.0.12.tgz 13198ms (cache miss)
2969 http fetch GET 200 https://registry.npmjs.org/yargs/-/yargs-17.7.2.tgz 13275ms (cache miss)
2970 http fetch GET 200 https://registry.npmjs.org/bcryptjs/-/bcryptjs-2.4.3.tgz 13403ms (cache miss)
2971 http fetch GET 200 https://registry.npmjs.org/wrappy/-/wrappy-1.0.2.tgz 14453ms (cache miss)
2972 http fetch GET 200 https://registry.npmjs.org/wrap-ansi/-/wrap-ansi-8.1.0.tgz 14452ms (cache miss)
2973 http fetch GET 200 https://registry.npmjs.org/xml/-/xml-1.0.1.tgz 14454ms (cache miss)
2974 http fetch GET 200 https://registry.npmjs.org/next-auth/-/next-auth-4.24.13.tgz 15290ms (cache miss)
2975 http fetch GET 200 https://registry.npmjs.org/yaml/-/yaml-2.8.1.tgz 15831ms (cache miss)
2976 http fetch GET 200 https://registry.npmjs.org/word/-/word-0.3.0.tgz 16137ms (cache miss)
2977 http fetch GET 200 https://registry.npmjs.org/word-wrap/-/word-wrap-1.2.5.tgz 16438ms (cache miss)
2978 http fetch GET 200 https://registry.npmjs.org/@google-cloud/storage/-/storage-7.18.0.tgz 16652ms (cache miss)
2979 http fetch GET 200 https://registry.npmjs.org/xml-js/-/xml-js-1.6.11.tgz 17047ms (cache miss)
2980 http fetch GET 200 https://registry.npmjs.org/wrap-ansi/-/wrap-ansi-7.0.0.tgz 17156ms (cache miss)
2981 http fetch GET 200 https://registry.npmjs.org/which-collection/-/which-collection-1.0.2.tgz 17382ms (cache miss)
2982 http fetch GET 200 https://registry.npmjs.org/which-typed-array/-/which-typed-array-1.1.19.tgz 17573ms (cache miss)
2983 http fetch GET 200 https://registry.npmjs.org/firebase-admin/-/firebase-admin-12.7.0.tgz 17903ms (cache miss)
2984 http fetch GET 200 https://registry.npmjs.org/which-boxed-primitive/-/which-boxed-primitive-1.1.1.tgz 17968ms (cache miss)
2985 http fetch GET 200 https://registry.npmjs.org/which-builtin-type/-/which-builtin-type-1.2.1.tgz 18188ms (cache miss)
2986 http fetch GET 200 https://registry.npmjs.org/whatwg-url/-/whatwg-url-5.0.0.tgz 18996ms (cache miss)
2987 http fetch GET 200 https://registry.npmjs.org/which/-/which-2.0.2.tgz 19064ms (cache miss)
2988 http fetch GET 200 https://registry.npmjs.org/webidl-conversions/-/webidl-conversions-3.0.1.tgz 19085ms (cache miss)
2989 http fetch GET 200 https://registry.npmjs.org/wmf/-/wmf-1.0.2.tgz 19130ms (cache miss)
2990 http fetch GET 200 https://registry.npmjs.org/websocket-extensions/-/websocket-extensions-0.1.4.tgz 19264ms (cache miss)
2991 http fetch GET 200 https://registry.npmjs.org/node-forge/-/node-forge-1.3.3.tgz 20202ms (cache miss)
2992 http fetch GET 200 https://registry.npmjs.org/websocket-driver/-/websocket-driver-0.7.4.tgz 20165ms (cache miss)
2993 http fetch GET 200 https://registry.npmjs.org/webpack-sources/-/webpack-sources-3.3.3.tgz 20172ms (cache miss)
2994 http fetch GET 200 https://registry.npmjs.org/warning/-/warning-4.0.3.tgz 20392ms (cache miss)
2995 http fetch GET 200 https://registry.npmjs.org/watchpack/-/watchpack-2.4.4.tgz 20710ms (cache miss)
2996 http fetch GET 200 https://registry.npmjs.org/vfile-message/-/vfile-message-4.0.3.tgz 20814ms (cache miss)
2997 http fetch GET 200 https://registry.npmjs.org/vfile/-/vfile-6.0.3.tgz 21354ms (cache miss)
2998 http fetch GET 200 https://registry.npmjs.org/util-deprecate/-/util-deprecate-1.0.2.tgz 21738ms (cache miss)
2999 http fetch GET 200 https://registry.npmjs.org/verror/-/verror-1.10.0.tgz 21948ms (cache miss)
3000 http fetch GET 200 https://registry.npmjs.org/google-gax/-/google-gax-4.6.1.tgz 22020ms (cache miss)
3001 http fetch GET 200 https://registry.npmjs.org/use-sync-external-store/-/use-sync-external-store-1.6.0.tgz 22092ms (cache miss)
3002 http fetch GET 200 https://registry.npmjs.org/vite-compatible-readable-stream/-/vite-compatible-readable-stream-3.6.1.tgz 22482ms (cache miss)
3003 http fetch GET 200 https://registry.npmjs.org/uuid/-/uuid-10.0.0.tgz 22488ms (cache miss)
3004 http fetch GET 200 https://registry.npmjs.org/use-callback-ref/-/use-callback-ref-1.3.3.tgz 22583ms (cache miss)
3005 http fetch GET 200 https://registry.npmjs.org/victory-vendor/-/victory-vendor-36.9.2.tgz 22756ms (cache miss)
3006 http fetch GET 200 https://registry.npmjs.org/use-sidecar/-/use-sidecar-1.1.3.tgz 22974ms (cache miss)
3007 http fetch GET 200 https://registry.npmjs.org/update-browserslist-db/-/update-browserslist-db-1.1.3.tgz 23050ms (cache miss)
3008 http fetch GET 200 https://registry.npmjs.org/yoga-layout/-/yoga-layout-2.0.1.tgz 23311ms (cache miss)
3009 http fetch GET 200 https://registry.npmjs.org/url-parse/-/url-parse-1.5.10.tgz 23364ms (cache miss)
3010 http fetch GET 200 https://registry.npmjs.org/universalify/-/universalify-2.0.1.tgz 23489ms (cache miss)
3011 http fetch GET 200 https://registry.npmjs.org/unist-util-stringify-position/-/unist-util-stringify-position-4.0.0.tgz 23540ms (cache miss)
3012 http fetch GET 200 https://registry.npmjs.org/unist-util-visit/-/unist-util-visit-5.0.0.tgz 23634ms (cache miss)
3013 http fetch GET 200 https://registry.npmjs.org/unrs-resolver/-/unrs-resolver-1.11.1.tgz 23636ms (cache miss)
3014 http fetch GET 200 https://registry.npmjs.org/unist-util-visit-parents/-/unist-util-visit-parents-6.0.2.tgz 24196ms (cache miss)
3015 http fetch GET 200 https://registry.npmjs.org/unist-util-position/-/unist-util-position-5.0.0.tgz 24459ms (cache miss)
3016 http fetch GET 200 https://registry.npmjs.org/unist-util-is/-/unist-util-is-6.0.1.tgz 24854ms (cache miss)
3017 http fetch GET 200 https://registry.npmjs.org/unified/-/unified-11.0.5.tgz 25102ms (cache miss)
3018 http fetch GET 200 https://registry.npmjs.org/valibot/-/valibot-1.0.0-beta.14.tgz 25118ms (cache miss)
3019 http fetch GET 200 https://registry.npmjs.org/unicode-properties/-/unicode-properties-1.4.1.tgz 25208ms (cache miss)
3020 http fetch GET 200 https://registry.npmjs.org/unicode-trie/-/unicode-trie-2.0.0.tgz 25210ms (cache miss)
3021 http fetch GET 200 https://registry.npmjs.org/undici-types/-/undici-types-6.21.0.tgz 25385ms (cache miss)
3022 http fetch GET 200 https://registry.npmjs.org/typed-array-byte-offset/-/typed-array-byte-offset-1.0.4.tgz 25388ms (cache miss)
3023 http fetch GET 200 https://registry.npmjs.org/unbox-primitive/-/unbox-primitive-1.1.0.tgz 25427ms (cache miss)
3024 http fetch GET 200 https://registry.npmjs.org/zod/-/zod-3.25.76.tgz 25698ms (cache miss)
3025 http fetch GET 200 https://registry.npmjs.org/typed-array-byte-length/-/typed-array-byte-length-1.0.3.tgz 25789ms (cache miss)
3026 http fetch GET 200 https://registry.npmjs.org/uri-js/-/uri-js-4.4.1.tgz 25836ms (cache miss)
3027 http fetch GET 200 https://registry.npmjs.org/typed-array-length/-/typed-array-length-1.0.7.tgz 25936ms (cache miss)
3028 http fetch GET 200 https://registry.npmjs.org/typed-array-buffer/-/typed-array-buffer-1.0.3.tgz 26372ms (cache miss)
3029 http fetch GET 200 https://registry.npmjs.org/type-check/-/type-check-0.4.0.tgz 26376ms (cache miss)
3030 http fetch GET 200 https://registry.npmjs.org/tunnel-agent/-/tunnel-agent-0.6.0.tgz 26394ms (cache miss)
3031 http fetch GET 200 https://registry.npmjs.org/tslib/-/tslib-2.8.1.tgz 26622ms (cache miss)
3032 http fetch GET 200 https://registry.npmjs.org/type-fest/-/type-fest-0.20.2.tgz 26677ms (cache miss)
3033 http fetch GET 200 https://registry.npmjs.org/trim-lines/-/trim-lines-3.0.1.tgz 26937ms (cache miss)
3034 http fetch GET 200 https://registry.npmjs.org/@google-cloud/firestore/-/firestore-7.11.6.tgz 27034ms (cache miss)
3035 http fetch GET 200 https://registry.npmjs.org/tweetnacl/-/tweetnacl-0.14.5.tgz 26970ms (cache miss)
3036 http fetch GET 200 https://registry.npmjs.org/ts-interface-checker/-/ts-interface-checker-0.1.13.tgz 27027ms (cache miss)
3037 http fetch GET 200 https://registry.npmjs.org/trough/-/trough-2.2.0.tgz 27120ms (cache miss)
3038 http fetch GET 200 https://registry.npmjs.org/to-regex-range/-/to-regex-range-5.0.1.tgz 27168ms (cache miss)
3039 http fetch GET 200 https://registry.npmjs.org/tmp/-/tmp-0.2.5.tgz 27437ms (cache miss)
3040 http fetch GET 200 https://registry.npmjs.org/tsconfig-paths/-/tsconfig-paths-3.15.0.tgz 27480ms (cache miss)
3041 http fetch GET 200 https://registry.npmjs.org/ts-api-utils/-/ts-api-utils-1.4.3.tgz 27802ms (cache miss)
3042 http fetch GET 200 https://registry.npmjs.org/tinyglobby/-/tinyglobby-0.2.15.tgz 27911ms (cache miss)
3043 http fetch GET 200 https://registry.npmjs.org/thenify-all/-/thenify-all-1.6.0.tgz 27950ms (cache miss)
3044 http fetch GET 200 https://registry.npmjs.org/tr46/-/tr46-0.0.3.tgz 27991ms (cache miss)
3045 http fetch GET 200 https://registry.npmjs.org/tiny-invariant/-/tiny-invariant-1.3.3.tgz 28358ms (cache miss)
3046 http fetch GET 200 https://registry.npmjs.org/thenify/-/thenify-3.3.1.tgz 28393ms (cache miss)
3047 http fetch GET 200 https://registry.npmjs.org/tldts-core/-/tldts-core-6.1.86.tgz 28761ms (cache miss)
3048 http fetch GET 200 https://registry.npmjs.org/text-table/-/text-table-0.2.0.tgz 28758ms (cache miss)
3049 http fetch GET 200 https://registry.npmjs.org/tough-cookie/-/tough-cookie-5.1.2.tgz 28802ms (cache miss)
3050 http fetch GET 200 https://registry.npmjs.org/tailwindcss-animate/-/tailwindcss-animate-1.0.7.tgz 29178ms (cache miss)
3051 http fetch GET 200 https://registry.npmjs.org/tapable/-/tapable-2.3.0.tgz 29211ms (cache miss)
3052 http fetch GET 200 https://registry.npmjs.org/terser-webpack-plugin/-/terser-webpack-plugin-5.3.14.tgz 29390ms (cache miss)
3053 http fetch GET 200 https://registry.npmjs.org/svg-arc-to-cubic-bezier/-/svg-arc-to-cubic-bezier-3.2.0.tgz 29610ms (cache miss)
3054 http fetch GET 200 https://registry.npmjs.org/mongodb/-/mongodb-6.21.0.tgz 29760ms (cache miss)
3055 http fetch GET 200 https://registry.npmjs.org/tiny-inflate/-/tiny-inflate-1.0.3.tgz 29770ms (cache miss)
3056 http fetch GET 200 https://registry.npmjs.org/supports-preserve-symlinks-flag/-/supports-preserve-symlinks-flag-1.0.0.tgz 29825ms (cache miss)
3057 http fetch GET 200 https://registry.npmjs.org/supports-color/-/supports-color-7.2.0.tgz 29827ms (cache miss)
3058 http fetch GET 200 https://registry.npmjs.org/style-to-object/-/style-to-object-1.0.11.tgz 30694ms (cache miss)
3059 http fetch GET 200 https://registry.npmjs.org/strip-ansi/-/strip-ansi-6.0.1.tgz 31020ms (cache miss)
3060 http fetch GET 200 https://registry.npmjs.org/strnum/-/strnum-1.1.2.tgz 31023ms (cache miss)
3061 http fetch GET 200 https://registry.npmjs.org/strip-json-comments/-/strip-json-comments-3.1.1.tgz 31023ms (cache miss)
3062 http fetch GET 200 https://registry.npmjs.org/strip-bom/-/strip-bom-3.0.0.tgz 31050ms (cache miss)
3063 http fetch GET 200 https://registry.npmjs.org/style-to-js/-/style-to-js-1.1.18.tgz 31156ms (cache miss)
3064 http fetch GET 200 https://registry.npmjs.org/strip-ansi/-/strip-ansi-6.0.1.tgz 32025ms (cache miss)
3065 http fetch GET 200 https://registry.npmjs.org/stringify-entities/-/stringify-entities-4.0.4.tgz 32316ms (cache miss)
3066 http fetch GET 200 https://registry.npmjs.org/string.prototype.trimend/-/string.prototype.trimend-1.0.9.tgz 32525ms (cache miss)
3067 http fetch GET 200 https://registry.npmjs.org/string.prototype.repeat/-/string.prototype.repeat-1.0.0.tgz 32562ms (cache miss)
3068 http fetch GET 200 https://registry.npmjs.org/string.prototype.trimstart/-/string.prototype.trimstart-1.0.8.tgz 32807ms (cache miss)
3069 http fetch GET 200 https://registry.npmjs.org/string.prototype.trim/-/string.prototype.trim-1.2.10.tgz 32807ms (cache miss)
3070 http fetch GET 200 https://registry.npmjs.org/string.prototype.includes/-/string.prototype.includes-2.0.1.tgz 33200ms (cache miss)
3071 http fetch GET 200 https://registry.npmjs.org/string.prototype.matchall/-/string.prototype.matchall-4.0.12.tgz 33307ms (cache miss)
3072 http fetch GET 200 https://registry.npmjs.org/string-width/-/string-width-5.1.2.tgz 33339ms (cache miss)
3073 http fetch GET 200 https://registry.npmjs.org/string-width/-/string-width-4.2.3.tgz 33352ms (cache miss)
3074 http fetch GET 200 https://registry.npmjs.org/string_decoder/-/string_decoder-1.1.1.tgz 33563ms (cache miss)
3075 http fetch GET 200 https://registry.npmjs.org/stop-iteration-iterator/-/stop-iteration-iterator-1.1.0.tgz 33608ms (cache miss)
3076 http fetch GET 200 https://registry.npmjs.org/tailwind-merge/-/tailwind-merge-3.3.1.tgz 33644ms (cache miss)
3077 http fetch GET 200 https://registry.npmjs.org/styled-jsx/-/styled-jsx-5.1.1.tgz 33992ms (cache miss)
3078 http fetch GET 200 https://registry.npmjs.org/streamsearch/-/streamsearch-1.1.0.tgz 34049ms (cache miss)
3079 http fetch GET 200 https://registry.npmjs.org/stealthy-require/-/stealthy-require-1.1.1.tgz 34275ms (cache miss)
3080 http fetch GET 200 https://registry.npmjs.org/stable-hash/-/stable-hash-0.0.5.tgz 34427ms (cache miss)
3081 http fetch GET 200 https://registry.npmjs.org/space-separated-tokens/-/space-separated-tokens-2.0.2.tgz 34699ms (cache miss)
3082 http fetch GET 200 https://registry.npmjs.org/sucrase/-/sucrase-3.35.0.tgz 34749ms (cache miss)
3083 http fetch GET 200 https://registry.npmjs.org/ssf/-/ssf-0.11.2.tgz 34961ms (cache miss)
3084 http fetch GET 200 https://registry.npmjs.org/source-map-support/-/source-map-support-0.5.21.tgz 34979ms (cache miss)
3085 http fetch GET 200 https://registry.npmjs.org/simple-swizzle/-/simple-swizzle-0.2.4.tgz 35330ms (cache miss)
3086 http fetch GET 200 https://registry.npmjs.org/sshpk/-/sshpk-1.18.0.tgz 35362ms (cache miss)
3087 http fetch GET 200 https://registry.npmjs.org/signal-exit/-/signal-exit-4.1.0.tgz 35401ms (cache miss)
3088 http fetch GET 200 https://registry.npmjs.org/source-map-js/-/source-map-js-1.2.1.tgz 35487ms (cache miss)
3089 http fetch GET 200 https://registry.npmjs.org/side-channel-weakmap/-/side-channel-weakmap-1.0.2.tgz 35698ms (cache miss)
3090 http fetch GET 200 https://registry.npmjs.org/side-channel-map/-/side-channel-map-1.0.1.tgz 35698ms (cache miss)
3091 http fetch GET 200 https://registry.npmjs.org/side-channel-list/-/side-channel-list-1.0.0.tgz 35719ms (cache miss)
3092 http fetch GET 200 https://registry.npmjs.org/slash/-/slash-3.0.0.tgz 35790ms (cache miss)
3093 http fetch GET 200 https://registry.npmjs.org/shebang-regex/-/shebang-regex-3.0.0.tgz 36057ms (cache miss)
3094 http fetch GET 200 https://registry.npmjs.org/side-channel/-/side-channel-1.1.0.tgz 36267ms (cache miss)
3095 http fetch GET 200 https://registry.npmjs.org/set-proto/-/set-proto-1.0.0.tgz 36298ms (cache miss)
3096 http fetch GET 200 https://registry.npmjs.org/shebang-command/-/shebang-command-2.0.0.tgz 36401ms (cache miss)
3097 http fetch GET 200 https://registry.npmjs.org/setimmediate/-/setimmediate-1.0.5.tgz 36703ms (cache miss)
3098 http fetch GET 200 https://registry.npmjs.org/set-function-name/-/set-function-name-2.0.2.tgz 36707ms (cache miss)
3099 http fetch GET 200 https://registry.npmjs.org/set-function-length/-/set-function-length-1.2.2.tgz 36968ms (cache miss)
3100 http fetch GET 200 https://registry.npmjs.org/semver/-/semver-7.7.3.tgz 36975ms (cache miss)
3101 http fetch GET 200 https://registry.npmjs.org/serialize-javascript/-/serialize-javascript-6.0.2.tgz 37150ms (cache miss)
3102 http fetch GET 200 https://registry.npmjs.org/schema-utils/-/schema-utils-3.3.0.tgz 37192ms (cache miss)
3103 http fetch GET 200 https://registry.npmjs.org/safer-buffer/-/safer-buffer-2.1.2.tgz 37343ms (cache miss)
3104 http fetch GET 200 https://registry.npmjs.org/terser/-/terser-5.44.0.tgz 37459ms (cache miss)
3105 http fetch GET 200 https://registry.npmjs.org/sax/-/sax-1.4.1.tgz 37453ms (cache miss)
3106 http fetch GET 200 https://registry.npmjs.org/safe-regex-test/-/safe-regex-test-1.1.0.tgz 37508ms (cache miss)
3107 http fetch GET 200 https://registry.npmjs.org/safe-push-apply/-/safe-push-apply-1.0.0.tgz 37690ms (cache miss)
3108 http fetch GET 200 https://registry.npmjs.org/scheduler/-/scheduler-0.17.0.tgz 37806ms (cache miss)
3109 http fetch GET 200 https://registry.npmjs.org/safe-array-concat/-/safe-array-concat-1.1.3.tgz 38078ms (cache miss)
3110 http fetch GET 200 https://registry.npmjs.org/run-parallel/-/run-parallel-1.2.0.tgz 38102ms (cache miss)
3111 http fetch GET 200 https://registry.npmjs.org/safe-buffer/-/safe-buffer-5.2.1.tgz 38255ms (cache miss)
3112 http fetch GET 200 https://registry.npmjs.org/rimraf/-/rimraf-3.0.2.tgz 38303ms (cache miss)
3113 warn deprecated rimraf@3.0.2: Rimraf versions prior to v4 are no longer supported
3114 http fetch GET 200 https://registry.npmjs.org/source-map/-/source-map-0.6.1.tgz 38330ms (cache miss)
3115 http fetch GET 200 https://registry.npmjs.org/reusify/-/reusify-1.1.0.tgz 38495ms (cache miss)
3116 http fetch GET 200 https://registry.npmjs.org/resolve-pkg-maps/-/resolve-pkg-maps-1.0.0.tgz 38496ms (cache miss)
3117 http fetch GET 200 https://registry.npmjs.org/resolve-from/-/resolve-from-4.0.0.tgz 38865ms (cache miss)
3118 http fetch GET 200 https://registry.npmjs.org/restructure/-/restructure-3.0.2.tgz 38900ms (cache miss)
3119 http fetch GET 200 https://registry.npmjs.org/requires-port/-/requires-port-1.0.0.tgz 39063ms (cache miss)
3120 http fetch GET 200 https://registry.npmjs.org/require-from-string/-/require-from-string-2.0.2.tgz 39065ms (cache miss)
3121 http fetch GET 200 https://registry.npmjs.org/remark-stringify/-/remark-stringify-11.0.0.tgz 39099ms (cache miss)
3122 http fetch GET 200 https://registry.npmjs.org/require-directory/-/require-directory-2.1.1.tgz 39167ms (cache miss)
3123 http fetch GET 200 https://registry.npmjs.org/request-promise-core/-/request-promise-core-1.1.3.tgz 39166ms (cache miss)
3124 http fetch GET 200 https://registry.npmjs.org/resolve/-/resolve-1.22.11.tgz 39374ms (cache miss)
3125 http fetch GET 200 https://registry.npmjs.org/remark-rehype/-/remark-rehype-11.1.2.tgz 39371ms (cache miss)
3126 http fetch GET 200 https://registry.npmjs.org/remark-parse/-/remark-parse-11.0.0.tgz 39678ms (cache miss)
3127 http fetch GET 200 https://registry.npmjs.org/regexp.prototype.flags/-/regexp.prototype.flags-1.5.4.tgz 39942ms (cache miss)
3128 http fetch GET 200 https://registry.npmjs.org/reflect.getprototypeof/-/reflect.getprototypeof-1.0.10.tgz 40268ms (cache miss)
3129 http fetch GET 200 https://registry.npmjs.org/remark-gfm/-/remark-gfm-4.0.1.tgz 40270ms (cache miss)
3130 http fetch GET 200 https://registry.npmjs.org/readdirp/-/readdirp-3.6.0.tgz 40399ms (cache miss)
3131 http fetch GET 200 https://registry.npmjs.org/request/-/request-2.88.2.tgz 40705ms (cache miss)
3132 warn deprecated request@2.88.2: request has been deprecated, see https://github.com/request/request/issues/3142
3133 http fetch GET 200 https://registry.npmjs.org/recharts-scale/-/recharts-scale-0.4.5.tgz 40820ms (cache miss)
3134 http fetch GET 200 https://registry.npmjs.org/webpack/-/webpack-5.102.1.tgz 41067ms (cache miss)
3135 http fetch GET 200 https://registry.npmjs.org/readable-stream/-/readable-stream-2.3.8.tgz 40986ms (cache miss)
3136 http fetch GET 200 https://registry.npmjs.org/read-cache/-/read-cache-1.0.0.tgz 41181ms (cache miss)
3137 http fetch GET 200 https://registry.npmjs.org/react-remove-scroll-bar/-/react-remove-scroll-bar-2.3.8.tgz 41388ms (cache miss)
3138 http fetch GET 200 https://registry.npmjs.org/react-style-singleton/-/react-style-singleton-2.2.3.tgz 41501ms (cache miss)
3139 http fetch GET 200 https://registry.npmjs.org/react-remove-scroll/-/react-remove-scroll-2.7.1.tgz 41520ms (cache miss)
3140 http fetch GET 200 https://registry.npmjs.org/react-transition-group/-/react-transition-group-4.4.5.tgz 41544ms (cache miss)
3141 http fetch GET 200 https://registry.npmjs.org/react-is/-/react-is-16.13.1.tgz 41855ms (cache miss)
3142 http fetch GET 200 https://registry.npmjs.org/react-smooth/-/react-smooth-4.0.4.tgz 42386ms (cache miss)
3143 http fetch GET 200 https://registry.npmjs.org/react-markdown/-/react-markdown-9.1.0.tgz 42402ms (cache miss)
3144 http fetch GET 200 https://registry.npmjs.org/tldts/-/tldts-6.1.86.tgz 42562ms (cache miss)
3145 http fetch GET 200 https://registry.npmjs.org/randombytes/-/randombytes-2.1.0.tgz 42646ms (cache miss)
3146 http fetch GET 200 https://registry.npmjs.org/queue-microtask/-/queue-microtask-1.2.3.tgz 42740ms (cache miss)
3147 http fetch GET 200 https://registry.npmjs.org/queue/-/queue-6.0.2.tgz 42981ms (cache miss)
3148 http fetch GET 200 https://registry.npmjs.org/querystringify/-/querystringify-2.2.0.tgz 43331ms (cache miss)
3149 http fetch GET 200 https://registry.npmjs.org/punycode/-/punycode-2.3.1.tgz 43490ms (cache miss)
3150 http fetch GET 200 https://registry.npmjs.org/pump/-/pump-2.0.1.tgz 43503ms (cache miss)
3151 http fetch GET 200 https://registry.npmjs.org/react-pdf/-/react-pdf-10.2.0.tgz 43579ms (cache miss)
3152 http fetch GET 200 https://registry.npmjs.org/proxy-from-env/-/proxy-from-env-1.1.0.tgz 45179ms (cache miss)
3153 http fetch GET 200 https://registry.npmjs.org/qs/-/qs-6.14.0.tgz 45314ms (cache miss)
3154 http fetch GET 200 https://registry.npmjs.org/prop-types/-/prop-types-15.8.1.tgz 45353ms (cache miss)
3155 http fetch GET 200 https://registry.npmjs.org/react-dropzone/-/react-dropzone-14.3.8.tgz 45481ms (cache miss)
3156 http fetch GET 200 https://registry.npmjs.org/react/-/react-18.3.1.tgz 45588ms (cache miss)
3157 http fetch GET 200 https://registry.npmjs.org/property-information/-/property-information-7.1.0.tgz 45593ms (cache miss)
3158 http fetch GET 200 https://registry.npmjs.org/process-nextick-args/-/process-nextick-args-2.0.1.tgz 46735ms (cache miss)
3159 http fetch GET 200 https://registry.npmjs.org/postcss-nested/-/postcss-nested-6.2.0.tgz 46940ms (cache miss)
3160 http fetch GET 200 https://registry.npmjs.org/prelude-ls/-/prelude-ls-1.2.1.tgz 46972ms (cache miss)
3161 http fetch GET 200 https://registry.npmjs.org/postcss-value-parser/-/postcss-value-parser-4.2.0.tgz 46973ms (cache miss)
3162 http fetch GET 200 https://registry.npmjs.org/postcss-load-config/-/postcss-load-config-6.0.1.tgz 47202ms (cache miss)
3163 http fetch GET 200 https://registry.npmjs.org/postcss-selector-parser/-/postcss-selector-parser-6.0.10.tgz 47871ms (cache miss)
3164 http fetch GET 200 https://registry.npmjs.org/postcss-js/-/postcss-js-4.1.0.tgz 48306ms (cache miss)
3165 http fetch GET 200 https://registry.npmjs.org/possible-typed-array-names/-/possible-typed-array-names-1.1.0.tgz 48402ms (cache miss)
3166 http fetch GET 200 https://registry.npmjs.org/postcss-import/-/postcss-import-15.1.0.tgz 48443ms (cache miss)
3167 http fetch GET 200 https://registry.npmjs.org/react-day-picker/-/react-day-picker-8.10.1.tgz 48681ms (cache miss)
3168 http fetch GET 200 https://registry.npmjs.org/pify/-/pify-2.3.0.tgz 48684ms (cache miss)
3169 http fetch GET 200 https://registry.npmjs.org/tailwindcss/-/tailwindcss-3.4.18.tgz 48895ms (cache miss)
3170 http fetch GET 200 https://registry.npmjs.org/postcss/-/postcss-8.5.6.tgz 49628ms (cache miss)
3171 http fetch GET 200 https://registry.npmjs.org/react-hook-form/-/react-hook-form-7.65.0.tgz 49704ms (cache miss)
3172 http fetch GET 200 https://registry.npmjs.org/pirates/-/pirates-4.0.7.tgz 49892ms (cache miss)
3173 http fetch GET 200 https://registry.npmjs.org/picocolors/-/picocolors-1.1.1.tgz 49894ms (cache miss)
3174 http fetch GET 200 https://registry.npmjs.org/performance-now/-/performance-now-2.1.0.tgz 49897ms (cache miss)
3175 http fetch GET 200 https://registry.npmjs.org/psl/-/psl-1.15.0.tgz 50157ms (cache miss)
3176 http fetch GET 200 https://registry.npmjs.org/picomatch/-/picomatch-2.3.1.tgz 50145ms (cache miss)
3177 http fetch GET 200 https://registry.npmjs.org/path-type/-/path-type-4.0.0.tgz 50446ms (cache miss)
3178 http fetch GET 200 https://registry.npmjs.org/path-parse/-/path-parse-1.0.7.tgz 50840ms (cache miss)
3179 http fetch GET 200 https://registry.npmjs.org/path-exists/-/path-exists-4.0.0.tgz 51043ms (cache miss)
3180 http fetch GET 200 https://registry.npmjs.org/path-key/-/path-key-3.1.1.tgz 51094ms (cache miss)
3181 http fetch GET 200 https://registry.npmjs.org/parent-module/-/parent-module-1.0.1.tgz 51317ms (cache miss)
3182 http fetch GET 200 https://registry.npmjs.org/path-is-absolute/-/path-is-absolute-1.0.1.tgz 51383ms (cache miss)
3183 http fetch GET 200 https://registry.npmjs.org/parse-entities/-/parse-entities-4.0.2.tgz 51490ms (cache miss)
3184 http fetch GET 200 https://registry.npmjs.org/parse-svg-path/-/parse-svg-path-0.1.2.tgz 51676ms (cache miss)
3185 http fetch GET 200 https://registry.npmjs.org/p-locate/-/p-locate-5.0.0.tgz 52496ms (cache miss)
3186 http fetch GET 200 https://registry.npmjs.org/own-keys/-/own-keys-1.0.1.tgz 52741ms (cache miss)
3187 http fetch GET 200 https://registry.npmjs.org/p-limit/-/p-limit-3.1.0.tgz 52773ms (cache miss)
3188 http fetch GET 200 https://registry.npmjs.org/optionator/-/optionator-0.9.4.tgz 53114ms (cache miss)
3189 http fetch GET 200 https://registry.npmjs.org/path-scurry/-/path-scurry-1.11.1.tgz 53471ms (cache miss)
3190 http fetch GET 200 https://registry.npmjs.org/open/-/open-7.4.2.tgz 53489ms (cache miss)
3191 http fetch GET 200 https://registry.npmjs.org/once/-/once-1.4.0.tgz 53809ms (cache miss)
3192 http fetch GET 200 https://registry.npmjs.org/object.groupby/-/object.groupby-1.0.3.tgz 53875ms (cache miss)
3193 http fetch GET 200 https://registry.npmjs.org/object.values/-/object.values-1.2.1.tgz 54256ms (cache miss)
3194 http fetch GET 200 https://registry.npmjs.org/object.fromentries/-/object.fromentries-2.0.8.tgz 54497ms (cache miss)
3195 http fetch GET 200 https://registry.npmjs.org/patch-package/-/patch-package-8.0.1.tgz 54573ms (cache miss)
3196 http fetch GET 200 https://registry.npmjs.org/object.entries/-/object.entries-1.1.9.tgz 54942ms (cache miss)
3197 http fetch GET 200 https://registry.npmjs.org/object.assign/-/object.assign-4.1.7.tgz 55057ms (cache miss)
3198 http fetch GET 200 https://registry.npmjs.org/object-keys/-/object-keys-1.1.1.tgz 55199ms (cache miss)
3199 http fetch GET 200 https://registry.npmjs.org/object-inspect/-/object-inspect-1.13.4.tgz 55516ms (cache miss)
3200 http fetch GET 200 https://registry.npmjs.org/object-hash/-/object-hash-3.0.0.tgz 55579ms (cache miss)
3201 http fetch GET 200 https://registry.npmjs.org/object-assign/-/object-assign-4.1.1.tgz 55695ms (cache miss)
3202 http fetch GET 200 https://registry.npmjs.org/oauth-sign/-/oauth-sign-0.9.0.tgz 55697ms (cache miss)
3203 http fetch GET 200 https://registry.npmjs.org/null-loader/-/null-loader-4.0.1.tgz 56198ms (cache miss)
3204 http fetch GET 200 https://registry.npmjs.org/normalize-path/-/normalize-path-3.0.0.tgz 56374ms (cache miss)
3205 http fetch GET 200 https://registry.npmjs.org/normalize-svg-path/-/normalize-svg-path-1.1.0.tgz 56695ms (cache miss)
3206 http fetch GET 200 https://registry.npmjs.org/node-releases/-/node-releases-2.0.26.tgz 56694ms (cache miss)
3207 http fetch GET 200 https://registry.npmjs.org/natural-compare/-/natural-compare-1.4.0.tgz 57483ms (cache miss)
3208 http fetch GET 200 https://registry.npmjs.org/pako/-/pako-1.0.11.tgz 57643ms (cache miss)
3209 http fetch GET 200 https://registry.npmjs.org/nanoid/-/nanoid-5.1.6.tgz 58477ms (cache miss)
3210 http fetch GET 200 https://registry.npmjs.org/neo-async/-/neo-async-2.6.2.tgz 58717ms (cache miss)
3211 http fetch GET 200 https://registry.npmjs.org/node-fetch/-/node-fetch-2.7.0.tgz 58857ms (cache miss)
3212 http fetch GET 200 https://registry.npmjs.org/ms/-/ms-2.1.3.tgz 59019ms (cache miss)
3213 http fetch GET 200 https://registry.npmjs.org/mz/-/mz-2.7.0.tgz 59022ms (cache miss)
3214 http fetch GET 200 https://registry.npmjs.org/napi-postinstall/-/napi-postinstall-0.3.4.tgz 59179ms (cache miss)
3215 http fetch GET 200 https://registry.npmjs.org/node-telegram-bot-api/-/node-telegram-bot-api-0.66.0.tgz 59688ms (cache miss)
3216 http fetch GET 200 https://registry.npmjs.org/motion-utils/-/motion-utils-11.18.1.tgz 60071ms (cache miss)
3217 http fetch GET 200 https://registry.npmjs.org/minimist/-/minimist-1.2.8.tgz 60943ms (cache miss)
3218 http fetch GET 200 https://registry.npmjs.org/minimatch/-/minimatch-3.1.2.tgz 61464ms (cache miss)
3219 http fetch GET 200 https://registry.npmjs.org/mime-types/-/mime-types-2.1.35.tgz 61464ms (cache miss)
3220 http fetch GET 200 https://registry.npmjs.org/motion-dom/-/motion-dom-11.18.1.tgz 61563ms (cache miss)
3221 http fetch GET 200 https://registry.npmjs.org/mime/-/mime-1.6.0.tgz 61761ms (cache miss)
3222 http fetch GET 200 https://registry.npmjs.org/minipass/-/minipass-7.1.2.tgz 62162ms (cache miss)
3223 http fetch GET 200 https://registry.npmjs.org/mime-db/-/mime-db-1.52.0.tgz 62271ms (cache miss)
3224 http fetch GET 200 https://registry.npmjs.org/protobufjs/-/protobufjs-7.5.4.tgz 62521ms (cache miss)
3225 http fetch GET 200 https://registry.npmjs.org/micromatch/-/micromatch-4.0.8.tgz 62594ms (cache miss)
3226 http fetch GET 200 https://registry.npmjs.org/micromark-util-sanitize-uri/-/micromark-util-sanitize-uri-2.0.1.tgz 63242ms (cache miss)
3227 http fetch GET 200 https://registry.npmjs.org/micromark-util-symbol/-/micromark-util-symbol-2.0.1.tgz 63282ms (cache miss)
3228 http fetch GET 200 https://registry.npmjs.org/micromark-util-subtokenize/-/micromark-util-subtokenize-2.1.0.tgz 63282ms (cache miss)
3229 http fetch GET 200 https://registry.npmjs.org/micromark-util-types/-/micromark-util-types-2.0.2.tgz 63315ms (cache miss)
3230 http fetch GET 200 https://registry.npmjs.org/micromark-util-resolve-all/-/micromark-util-resolve-all-2.0.1.tgz 63549ms (cache miss)
3231 http fetch GET 200 https://registry.npmjs.org/micromark-util-html-tag-name/-/micromark-util-html-tag-name-2.0.1.tgz 63576ms (cache miss)
3232 http fetch GET 200 https://registry.npmjs.org/micromark-util-normalize-identifier/-/micromark-util-normalize-identifier-2.0.1.tgz 63884ms (cache miss)
3233 http fetch GET 200 https://registry.npmjs.org/micromark-util-encode/-/micromark-util-encode-2.0.1.tgz 63940ms (cache miss)
3234 http fetch GET 200 https://registry.npmjs.org/micromark-util-decode-numeric-character-reference/-/micromark-util-decode-numeric-character-reference-2.0.2.tgz 64681ms (cache miss)
3235 http fetch GET 200 https://registry.npmjs.org/micromark-util-combine-extensions/-/micromark-util-combine-extensions-2.0.1.tgz 64721ms (cache miss)
3236 http fetch GET 200 https://registry.npmjs.org/micromark-util-decode-string/-/micromark-util-decode-string-2.0.1.tgz 64722ms (cache miss)
3237 http fetch GET 200 https://registry.npmjs.org/micromark-util-classify-character/-/micromark-util-classify-character-2.0.1.tgz 64721ms (cache miss)
3238 http fetch GET 200 https://registry.npmjs.org/micromark-util-character/-/micromark-util-character-2.1.1.tgz 65156ms (cache miss)
3239 http fetch GET 200 https://registry.npmjs.org/micromark-util-chunked/-/micromark-util-chunked-2.0.1.tgz 65158ms (cache miss)
3240 http fetch GET 200 https://registry.npmjs.org/micromark-factory-whitespace/-/micromark-factory-whitespace-2.0.1.tgz 65189ms (cache miss)
3241 http fetch GET 200 https://registry.npmjs.org/micromark-factory-title/-/micromark-factory-title-2.0.1.tgz 65512ms (cache miss)
3242 http fetch GET 200 https://registry.npmjs.org/recharts/-/recharts-2.15.4.tgz 65769ms (cache miss)
3243 http fetch GET 200 https://registry.npmjs.org/micromark-factory-label/-/micromark-factory-label-2.0.1.tgz 66209ms (cache miss)
3244 http fetch GET 200 https://registry.npmjs.org/micromark-extension-gfm-tagfilter/-/micromark-extension-gfm-tagfilter-2.0.0.tgz 66211ms (cache miss)
3245 http fetch GET 200 https://registry.npmjs.org/micromark-factory-destination/-/micromark-factory-destination-2.0.1.tgz 66237ms (cache miss)
3246 http fetch GET 200 https://registry.npmjs.org/micromark-factory-space/-/micromark-factory-space-2.0.1.tgz 66298ms (cache miss)
3247 http fetch GET 200 https://registry.npmjs.org/micromark-extension-gfm-task-list-item/-/micromark-extension-gfm-task-list-item-2.1.0.tgz 66644ms (cache miss)
3248 http fetch GET 200 https://registry.npmjs.org/micromark-extension-gfm-strikethrough/-/micromark-extension-gfm-strikethrough-2.1.0.tgz 66779ms (cache miss)
3249 http fetch GET 200 https://registry.npmjs.org/micromark-extension-gfm-table/-/micromark-extension-gfm-table-2.1.1.tgz 66898ms (cache miss)
3250 http fetch GET 200 https://registry.npmjs.org/micromark-extension-gfm-autolink-literal/-/micromark-extension-gfm-autolink-literal-2.1.0.tgz 67126ms (cache miss)
3251 http fetch GET 200 https://registry.npmjs.org/micromark-extension-gfm-footnote/-/micromark-extension-gfm-footnote-2.1.0.tgz 67186ms (cache miss)
3252 http fetch GET 200 https://registry.npmjs.org/micromark-extension-gfm/-/micromark-extension-gfm-3.0.0.tgz 67399ms (cache miss)
3253 http fetch GET 200 https://registry.npmjs.org/merge2/-/merge2-1.4.1.tgz 67437ms (cache miss)
3254 http fetch GET 200 https://registry.npmjs.org/merge-refs/-/merge-refs-2.0.0.tgz 67779ms (cache miss)
3255 http fetch GET 200 https://registry.npmjs.org/merge-stream/-/merge-stream-2.0.0.tgz 68162ms (cache miss)
3256 http fetch GET 200 https://registry.npmjs.org/media-engine/-/media-engine-1.0.3.tgz 68162ms (cache miss)
3257 http fetch GET 200 https://registry.npmjs.org/micromark-core-commonmark/-/micromark-core-commonmark-2.0.3.tgz 68392ms (cache miss)
3258 http fetch GET 200 https://registry.npmjs.org/mdast-util-to-string/-/mdast-util-to-string-4.0.0.tgz 68429ms (cache miss)
3259 http fetch GET 200 https://registry.npmjs.org/micromark/-/micromark-4.0.2.tgz 68558ms (cache miss)
3260 http fetch GET 200 https://registry.npmjs.org/mdast-util-mdxjs-esm/-/mdast-util-mdxjs-esm-2.0.1.tgz 68683ms (cache miss)
3261 http fetch GET 200 https://registry.npmjs.org/mdast-util-phrasing/-/mdast-util-phrasing-4.1.0.tgz 69018ms (cache miss)
3262 http fetch GET 200 https://registry.npmjs.org/mdast-util-mdx-expression/-/mdast-util-mdx-expression-2.0.1.tgz 69262ms (cache miss)
3263 http fetch GET 200 https://registry.npmjs.org/mdast-util-gfm-task-list-item/-/mdast-util-gfm-task-list-item-2.0.0.tgz 69264ms (cache miss)
3264 http fetch GET 200 https://registry.npmjs.org/mdast-util-gfm-strikethrough/-/mdast-util-gfm-strikethrough-2.0.0.tgz 69281ms (cache miss)
3265 http fetch GET 200 https://registry.npmjs.org/mdast-util-to-hast/-/mdast-util-to-hast-13.2.0.tgz 69324ms (cache miss)
3266 http fetch GET 200 https://registry.npmjs.org/mdast-util-to-markdown/-/mdast-util-to-markdown-2.1.2.tgz 69379ms (cache miss)
3267 http fetch GET 200 https://registry.npmjs.org/mdast-util-mdx-jsx/-/mdast-util-mdx-jsx-3.2.0.tgz 69446ms (cache miss)
3268 http fetch GET 200 https://registry.npmjs.org/mdast-util-gfm-table/-/mdast-util-gfm-table-2.0.0.tgz 69456ms (cache miss)
3269 http fetch GET 200 https://registry.npmjs.org/mdast-util-gfm-footnote/-/mdast-util-gfm-footnote-2.1.0.tgz 69810ms (cache miss)
3270 http fetch GET 200 https://registry.npmjs.org/mdast-util-gfm-autolink-literal/-/mdast-util-gfm-autolink-literal-2.0.1.tgz 70378ms (cache miss)
3271 http fetch GET 200 https://registry.npmjs.org/mdast-util-gfm/-/mdast-util-gfm-3.1.0.tgz 70559ms (cache miss)
3272 http fetch GET 200 https://registry.npmjs.org/math-intrinsics/-/math-intrinsics-1.1.0.tgz 70794ms (cache miss)
3273 http fetch GET 200 https://registry.npmjs.org/mdast-util-find-and-replace/-/mdast-util-find-and-replace-3.0.2.tgz 70837ms (cache miss)
3274 http fetch GET 200 https://registry.npmjs.org/make-cancellable-promise/-/make-cancellable-promise-2.0.0.tgz 70835ms (cache miss)
3275 http fetch GET 200 https://registry.npmjs.org/markdown-table/-/markdown-table-3.0.4.tgz 70862ms (cache miss)
3276 http fetch GET 200 https://registry.npmjs.org/mdast-util-from-markdown/-/mdast-util-from-markdown-2.0.2.tgz 70873ms (cache miss)
3277 http fetch GET 200 https://registry.npmjs.org/make-event-props/-/make-event-props-2.0.0.tgz 70932ms (cache miss)
3278 http fetch GET 200 https://registry.npmjs.org/loose-envify/-/loose-envify-1.4.0.tgz 72072ms (cache miss)
3279 http fetch GET 200 https://registry.npmjs.org/locate-path/-/locate-path-6.0.0.tgz 72158ms (cache miss)
3280 http fetch GET 200 https://registry.npmjs.org/lodash.camelcase/-/lodash.camelcase-4.3.0.tgz 72170ms (cache miss)
3281 http fetch GET 200 https://registry.npmjs.org/longest-streak/-/longest-streak-3.1.0.tgz 72373ms (cache miss)
3282 http fetch GET 200 https://registry.npmjs.org/lodash.merge/-/lodash.merge-4.6.2.tgz 72465ms (cache miss)
3283 http fetch GET 200 https://registry.npmjs.org/react-dom/-/react-dom-18.3.1.tgz 72708ms (cache miss)
3284 http fetch GET 200 https://registry.npmjs.org/long/-/long-5.3.2.tgz 72786ms (cache miss)
3285 http fetch GET 200 https://registry.npmjs.org/xlsx/-/xlsx-0.18.5.tgz 73255ms (cache miss)
3286 http fetch GET 200 https://registry.npmjs.org/lines-and-columns/-/lines-and-columns-1.2.4.tgz 73316ms (cache miss)
3287 http fetch GET 200 https://registry.npmjs.org/loader-runner/-/loader-runner-4.3.1.tgz 73318ms (cache miss)
3288 http fetch GET 200 https://registry.npmjs.org/loader-utils/-/loader-utils-2.0.4.tgz 73503ms (cache miss)
3289 http fetch GET 200 https://registry.npmjs.org/lilconfig/-/lilconfig-3.1.3.tgz 73598ms (cache miss)
3290 http fetch GET 200 https://registry.npmjs.org/lie/-/lie-3.3.0.tgz 73963ms (cache miss)
3291 http fetch GET 200 https://registry.npmjs.org/levn/-/levn-0.4.1.tgz 73996ms (cache miss)
3292 http fetch GET 200 https://registry.npmjs.org/linebreak/-/linebreak-1.1.0.tgz 74123ms (cache miss)
3293 http fetch GET 200 https://registry.npmjs.org/language-tags/-/language-tags-1.0.9.tgz 74647ms (cache miss)
3294 http fetch GET 200 https://registry.npmjs.org/klaw-sync/-/klaw-sync-6.0.0.tgz 74749ms (cache miss)
3295 http fetch GET 200 https://registry.npmjs.org/keyv/-/keyv-4.5.4.tgz 75328ms (cache miss)
3296 http fetch GET 200 https://registry.npmjs.org/jsprim/-/jsprim-2.0.2.tgz 75528ms (cache miss)
3297 http fetch GET 200 https://registry.npmjs.org/jsonify/-/jsonify-0.0.1.tgz 75651ms (cache miss)
3298 http fetch GET 200 https://registry.npmjs.org/jsonfile/-/jsonfile-6.2.0.tgz 76061ms (cache miss)
3299 http fetch GET 200 https://registry.npmjs.org/jsx-ast-utils/-/jsx-ast-utils-3.3.5.tgz 76493ms (cache miss)
3300 http fetch GET 200 https://registry.npmjs.org/json-stable-stringify-without-jsonify/-/json-stable-stringify-without-jsonify-1.0.1.tgz 76845ms (cache miss)
3301 http fetch GET 200 https://registry.npmjs.org/json-stringify-safe/-/json-stringify-safe-5.0.1.tgz 76847ms (cache miss)
3302 http fetch GET 200 https://registry.npmjs.org/lru-cache/-/lru-cache-10.4.3.tgz 77185ms (cache miss)
3303 http fetch GET 200 https://registry.npmjs.org/json-stable-stringify/-/json-stable-stringify-1.3.0.tgz 77370ms (cache miss)
3304 http fetch GET 200 https://registry.npmjs.org/json-schema-traverse/-/json-schema-traverse-0.4.1.tgz 77697ms (cache miss)
3305 http fetch GET 200 https://registry.npmjs.org/json5/-/json5-2.2.3.tgz 77895ms (cache miss)
3306 http fetch GET 200 https://registry.npmjs.org/json-parse-even-better-errors/-/json-parse-even-better-errors-2.3.1.tgz 78090ms (cache miss)
3307 http fetch GET 200 https://registry.npmjs.org/json-schema/-/json-schema-0.4.0.tgz 78180ms (cache miss)
3308 http fetch GET 200 https://registry.npmjs.org/jsbn/-/jsbn-0.1.1.tgz 78387ms (cache miss)
3309 http fetch GET 200 https://registry.npmjs.org/json-buffer/-/json-buffer-3.0.1.tgz 78388ms (cache miss)
3310 http fetch GET 200 https://registry.npmjs.org/js-tokens/-/js-tokens-4.0.0.tgz 79143ms (cache miss)
3311 http fetch GET 200 https://registry.npmjs.org/isstream/-/isstream-0.1.2.tgz 79416ms (cache miss)
3312 http fetch GET 200 https://registry.npmjs.org/jest-worker/-/jest-worker-27.5.1.tgz 80389ms (cache miss)
3313 http fetch GET 200 https://registry.npmjs.org/jay-peg/-/jay-peg-1.1.1.tgz 80401ms (cache miss)
3314 http fetch GET 200 https://registry.npmjs.org/language-subtag-registry/-/language-subtag-registry-0.3.23.tgz 80636ms (cache miss)
3315 http fetch GET 200 https://registry.npmjs.org/iterator.prototype/-/iterator.prototype-1.1.5.tgz 81322ms (cache miss)
3316 http fetch GET 200 https://registry.npmjs.org/jszip/-/jszip-3.10.1.tgz 81369ms (cache miss)
3317 http fetch GET 200 https://registry.npmjs.org/js-yaml/-/js-yaml-4.1.0.tgz 82159ms (cache miss)
3318 http fetch GET 200 https://registry.npmjs.org/jose/-/jose-5.10.0.tgz 82309ms (cache miss)
3319 http fetch GET 200 https://registry.npmjs.org/lodash/-/lodash-4.17.21.tgz 82331ms (cache miss)
3320 http fetch GET 200 https://registry.npmjs.org/isexe/-/isexe-2.0.0.tgz 82383ms (cache miss)
3321 http fetch GET 200 https://registry.npmjs.org/jackspeak/-/jackspeak-2.3.6.tgz 82501ms (cache miss)
3322 http fetch GET 200 https://registry.npmjs.org/isarray/-/isarray-2.0.5.tgz 82501ms (cache miss)
3323 http fetch GET 200 https://registry.npmjs.org/is-wsl/-/is-wsl-2.2.0.tgz 82597ms (cache miss)
3324 http fetch GET 200 https://registry.npmjs.org/is-weakref/-/is-weakref-1.1.1.tgz 83086ms (cache miss)
3325 http fetch GET 200 https://registry.npmjs.org/is-weakset/-/is-weakset-2.0.4.tgz 83089ms (cache miss)
3326 http fetch GET 200 https://registry.npmjs.org/is-url/-/is-url-1.2.4.tgz 83479ms (cache miss)
3327 http fetch GET 200 https://registry.npmjs.org/is-typed-array/-/is-typed-array-1.1.15.tgz 83504ms (cache miss)
3328 http fetch GET 200 https://registry.npmjs.org/is-typedarray/-/is-typedarray-1.0.0.tgz 83578ms (cache miss)
3329 http fetch GET 200 https://registry.npmjs.org/is-weakmap/-/is-weakmap-2.0.2.tgz 83624ms (cache miss)
3330 http fetch GET 200 https://registry.npmjs.org/is-shared-array-buffer/-/is-shared-array-buffer-1.0.4.tgz 83803ms (cache miss)
3331 http fetch GET 200 https://registry.npmjs.org/is-symbol/-/is-symbol-1.1.1.tgz 84018ms (cache miss)
3332 http fetch GET 200 https://registry.npmjs.org/is-string/-/is-string-1.1.1.tgz 84018ms (cache miss)
3333 http fetch GET 200 https://registry.npmjs.org/is-set/-/is-set-2.0.3.tgz 84354ms (cache miss)
3334 http fetch GET 200 https://registry.npmjs.org/is-regex/-/is-regex-1.2.1.tgz 84375ms (cache miss)
3335 http fetch GET 200 https://registry.npmjs.org/is-path-inside/-/is-path-inside-3.0.3.tgz 84858ms (cache miss)
3336 http fetch GET 200 https://registry.npmjs.org/is-plain-obj/-/is-plain-obj-4.1.0.tgz 84961ms (cache miss)
3337 http fetch GET 200 https://registry.npmjs.org/is-number/-/is-number-7.0.0.tgz 84959ms (cache miss)
3338 http fetch GET 200 https://registry.npmjs.org/is-number-object/-/is-number-object-1.1.1.tgz 85059ms (cache miss)
3339 http fetch GET 200 https://registry.npmjs.org/is-glob/-/is-glob-4.0.3.tgz 85170ms (cache miss)
3340 http fetch GET 200 https://registry.npmjs.org/is-negative-zero/-/is-negative-zero-2.0.3.tgz 85177ms (cache miss)
3341 http fetch GET 200 https://registry.npmjs.org/is-map/-/is-map-2.0.3.tgz 85177ms (cache miss)
3342 http fetch GET 200 https://registry.npmjs.org/is-hexadecimal/-/is-hexadecimal-2.0.1.tgz 85259ms (cache miss)
3343 http fetch GET 200 https://registry.npmjs.org/is-generator-function/-/is-generator-function-1.1.2.tgz 85354ms (cache miss)
3344 http fetch GET 200 https://registry.npmjs.org/is-fullwidth-code-point/-/is-fullwidth-code-point-3.0.0.tgz 85664ms (cache miss)
3345 http fetch GET 200 https://registry.npmjs.org/is-extglob/-/is-extglob-2.1.1.tgz 85693ms (cache miss)
3346 http fetch GET 200 https://registry.npmjs.org/is-finalizationregistry/-/is-finalizationregistry-1.1.1.tgz 85695ms (cache miss)
3347 http fetch GET 200 https://registry.npmjs.org/is-docker/-/is-docker-2.2.1.tgz 85980ms (cache miss)
3348 http fetch GET 200 https://registry.npmjs.org/is-callable/-/is-callable-1.2.7.tgz 86397ms (cache miss)
3349 http fetch GET 200 https://registry.npmjs.org/is-decimal/-/is-decimal-2.0.1.tgz 86603ms (cache miss)
3350 http fetch GET 200 https://registry.npmjs.org/is-data-view/-/is-data-view-1.0.2.tgz 86638ms (cache miss)
3351 http fetch GET 200 https://registry.npmjs.org/is-binary-path/-/is-binary-path-2.1.0.tgz 86719ms (cache miss)
3352 http fetch GET 200 https://registry.npmjs.org/is-date-object/-/is-date-object-1.1.0.tgz 86730ms (cache miss)
3353 http fetch GET 200 https://registry.npmjs.org/is-core-module/-/is-core-module-2.16.1.tgz 86828ms (cache miss)
3354 http fetch GET 200 https://registry.npmjs.org/is-bun-module/-/is-bun-module-2.0.0.tgz 86944ms (cache miss)
3355 http fetch GET 200 https://registry.npmjs.org/is-bigint/-/is-bigint-1.1.0.tgz 87054ms (cache miss)
3356 http fetch GET 200 https://registry.npmjs.org/is-boolean-object/-/is-boolean-object-1.2.2.tgz 87056ms (cache miss)
3357 http fetch GET 200 https://registry.npmjs.org/is-arrayish/-/is-arrayish-0.3.4.tgz 87471ms (cache miss)
3358 http fetch GET 200 https://registry.npmjs.org/next-themes/-/next-themes-0.3.0.tgz 87730ms (cache miss)
3359 http fetch GET 200 https://registry.npmjs.org/internmap/-/internmap-2.0.3.tgz 87860ms (cache miss)
3360 http fetch GET 200 https://registry.npmjs.org/is-alphanumerical/-/is-alphanumerical-2.0.1.tgz 87905ms (cache miss)
3361 http fetch GET 200 https://registry.npmjs.org/is-array-buffer/-/is-array-buffer-3.0.5.tgz 87958ms (cache miss)
3362 http fetch GET 200 https://registry.npmjs.org/is-alphabetical/-/is-alphabetical-2.0.1.tgz 87979ms (cache miss)
3363 http fetch GET 200 https://registry.npmjs.org/is-async-function/-/is-async-function-2.1.1.tgz 88239ms (cache miss)
3364 http fetch GET 200 https://registry.npmjs.org/jiti/-/jiti-1.21.7.tgz 88278ms (cache miss)
3365 http fetch GET 200 https://registry.npmjs.org/internal-slot/-/internal-slot-1.1.0.tgz 88570ms (cache miss)
3366 http fetch GET 200 https://registry.npmjs.org/inline-style-parser/-/inline-style-parser-0.2.4.tgz 88586ms (cache miss)
3367 http fetch GET 200 https://registry.npmjs.org/inherits/-/inherits-2.0.4.tgz 88739ms (cache miss)
3368 http fetch GET 200 https://registry.npmjs.org/inflight/-/inflight-1.0.6.tgz 88948ms (cache miss)
3369 warn deprecated inflight@1.0.6: This module is not supported, and leaks memory. Do not use it. Check out lru-cache if you want a good and tested way to coalesce async requests by a key value, which is much more comprehensive and powerful.
3370 http fetch GET 200 https://registry.npmjs.org/imurmurhash/-/imurmurhash-0.1.4.tgz 88952ms (cache miss)
3371 http fetch GET 200 https://registry.npmjs.org/immediate/-/immediate-3.0.6.tgz 88975ms (cache miss)
3372 http fetch GET 200 https://registry.npmjs.org/import-fresh/-/import-fresh-3.3.1.tgz 89155ms (cache miss)
3373 http fetch GET 200 https://registry.npmjs.org/ignore/-/ignore-5.3.2.tgz 89228ms (cache miss)
3374 http fetch GET 200 https://registry.npmjs.org/http-signature/-/http-signature-1.4.0.tgz 89396ms (cache miss)
3375 http fetch GET 200 https://registry.npmjs.org/http-parser-js/-/http-parser-js-0.5.10.tgz 89595ms (cache miss)
3376 http fetch GET 200 https://registry.npmjs.org/html-url-attributes/-/html-url-attributes-3.0.1.tgz 89703ms (cache miss)
3377 http fetch GET 200 https://registry.npmjs.org/hsl-to-rgb-for-reals/-/hsl-to-rgb-for-reals-1.1.1.tgz 89703ms (cache miss)
3378 http fetch GET 200 https://registry.npmjs.org/hast-util-whitespace/-/hast-util-whitespace-3.0.0.tgz 90103ms (cache miss)
3379 http fetch GET 200 https://registry.npmjs.org/hsl-to-hex/-/hsl-to-hex-1.0.0.tgz 90201ms (cache miss)
3380 http fetch GET 200 https://registry.npmjs.org/hast-util-to-jsx-runtime/-/hast-util-to-jsx-runtime-2.3.6.tgz 90257ms (cache miss)
3381 http fetch GET 200 https://registry.npmjs.org/has-tostringtag/-/has-tostringtag-1.0.2.tgz 90304ms (cache miss)
3382 http fetch GET 200 https://registry.npmjs.org/has-symbols/-/has-symbols-1.1.0.tgz 90529ms (cache miss)
3383 http fetch GET 200 https://registry.npmjs.org/has-proto/-/has-proto-1.2.0.tgz 90630ms (cache miss)
3384 http fetch GET 200 https://registry.npmjs.org/hasown/-/hasown-2.0.2.tgz 90648ms (cache miss)
3385 http fetch GET 200 https://registry.npmjs.org/has-property-descriptors/-/has-property-descriptors-1.0.2.tgz 90745ms (cache miss)
3386 http fetch GET 200 https://registry.npmjs.org/has-flag/-/has-flag-4.0.0.tgz 91025ms (cache miss)
3387 http fetch GET 200 https://registry.npmjs.org/has-bigints/-/has-bigints-1.1.0.tgz 91348ms (cache miss)
3388 http fetch GET 200 https://registry.npmjs.org/har-schema/-/har-schema-2.0.0.tgz 91347ms (cache miss)
3389 http fetch GET 200 https://registry.npmjs.org/har-validator/-/har-validator-5.1.5.tgz 91350ms (cache miss)
3390 warn deprecated har-validator@5.1.5: this library is no longer supported
3391 http fetch GET 200 https://registry.npmjs.org/gopd/-/gopd-1.2.0.tgz 91887ms (cache miss)
3392 http fetch GET 200 https://registry.npmjs.org/globby/-/globby-11.1.0.tgz 92088ms (cache miss)
3393 http fetch GET 200 https://registry.npmjs.org/graceful-fs/-/graceful-fs-4.2.11.tgz 92156ms (cache miss)
3394 http fetch GET 200 https://registry.npmjs.org/globalthis/-/globalthis-1.0.4.tgz 92236ms (cache miss)
3395 http fetch GET 200 https://registry.npmjs.org/glob-to-regexp/-/glob-to-regexp-0.4.1.tgz 92263ms (cache miss)
3396 http fetch GET 200 https://registry.npmjs.org/graphemer/-/graphemer-1.4.0.tgz 92617ms (cache miss)
3397 http fetch GET 200 https://registry.npmjs.org/glob-parent/-/glob-parent-6.0.2.tgz 92631ms (cache miss)
3398 http fetch GET 200 https://registry.npmjs.org/globals/-/globals-13.24.0.tgz 92725ms (cache miss)
3399 http fetch GET 200 https://registry.npmjs.org/getpass/-/getpass-0.1.7.tgz 92990ms (cache miss)
3400 http fetch GET 200 https://registry.npmjs.org/get-symbol-description/-/get-symbol-description-1.1.0.tgz 93186ms (cache miss)
3401 http fetch GET 200 https://registry.npmjs.org/get-proto/-/get-proto-1.0.1.tgz 93187ms (cache miss)
3402 http fetch GET 200 https://registry.npmjs.org/get-nonce/-/get-nonce-1.0.1.tgz 93223ms (cache miss)
3403 http fetch GET 200 https://registry.npmjs.org/get-caller-file/-/get-caller-file-2.0.5.tgz 93487ms (cache miss)
3404 http fetch GET 200 https://registry.npmjs.org/generator-function/-/generator-function-2.0.1.tgz 93845ms (cache miss)
3405 http fetch GET 200 https://registry.npmjs.org/get-intrinsic/-/get-intrinsic-1.3.0.tgz 94152ms (cache miss)
3406 http fetch GET 200 https://registry.npmjs.org/glob/-/glob-10.3.10.tgz 94320ms (cache miss)
3407 http fetch GET 200 https://registry.npmjs.org/functions-have-names/-/functions-have-names-1.2.3.tgz 94463ms (cache miss)
3408 http fetch GET 200 https://registry.npmjs.org/function.prototype.name/-/function.prototype.name-1.1.8.tgz 94645ms (cache miss)
3409 http fetch GET 200 https://registry.npmjs.org/fs.realpath/-/fs.realpath-1.0.0.tgz 94684ms (cache miss)
3410 http fetch GET 200 https://registry.npmjs.org/get-tsconfig/-/get-tsconfig-4.12.0.tgz 94718ms (cache miss)
3411 http fetch GET 200 https://registry.npmjs.org/function-bind/-/function-bind-1.1.2.tgz 94745ms (cache miss)
3412 http fetch GET 200 https://registry.npmjs.org/fsevents/-/fsevents-2.3.3.tgz 94775ms (cache miss)
3413 http fetch GET 200 https://registry.npmjs.org/fs-extra/-/fs-extra-10.1.0.tgz 95106ms (cache miss)
3414 http fetch GET 200 https://registry.npmjs.org/frac/-/frac-1.1.2.tgz 95149ms (cache miss)
3415 http fetch GET 200 https://registry.npmjs.org/forever-agent/-/forever-agent-0.6.1.tgz 95215ms (cache miss)
3416 http fetch GET 200 https://registry.npmjs.org/for-each/-/for-each-0.3.5.tgz 96139ms (cache miss)
