0 verbose cli /usr/local/Cellar/node/25.2.1/bin/node /usr/local/bin/npm
1 info using npm@11.6.4
2 info using node@v25.2.1
3 silly config load:file:/usr/local/lib/node_modules/npm/npmrc
4 silly config load:file:/Users/timofey/Downloads/download (1)/.npmrc
5 silly config load:file:/Users/timofey/.npmrc
6 silly config load:file:/usr/local/etc/npmrc
7 verbose title npm install
8 verbose argv "install" "--cache" "./.npm-cache" "--no-audit" "--no-fund"
9 verbose logfile logs-max:10 dir:/Users/timofey/Downloads/download (1)/.npm-cache/_logs/2026-01-10T22_56_41_834Z-
10 verbose logfile /Users/timofey/Downloads/download (1)/.npm-cache/_logs/2026-01-10T22_56_41_834Z-debug-0.log
11 silly logfile done cleaning log files
12 silly packumentCache heap:4496293888 maxSize:1124073472 maxEntrySize:562036736
13 silly idealTree buildDeps
14 silly fetch manifest firebase-admin@^12.5.0
15 silly packumentCache full:https://registry.npmjs.org/firebase-admin cache-miss
16 http cache https://registry.npmjs.org/firebase-admin 26ms (cache hit)
17 silly packumentCache full:https://registry.npmjs.org/firebase-admin set size:716837 disposed:false
18 silly fetch manifest mongodb@^6.13.0
19 silly packumentCache full:https://registry.npmjs.org/mongodb cache-miss
20 http cache https://registry.npmjs.org/mongodb 26ms (cache hit)
21 silly packumentCache full:https://registry.npmjs.org/mongodb set size:3946094 disposed:false
22 silly fetch manifest @aws-sdk/credential-providers@^3.188.0
23 silly packumentCache full:https://registry.npmjs.org/@aws-sdk%2fcredential-providers cache-miss
24 http cache https://registry.npmjs.org/@aws-sdk%2fcredential-providers 11ms (cache hit)
25 silly packumentCache full:https://registry.npmjs.org/@aws-sdk%2fcredential-providers set size:1814555 disposed:false
26 silly fetch manifest @mongodb-js/zstd@^1.1.0 || ^2.0.0
27 silly packumentCache full:https://registry.npmjs.org/@mongodb-js%2fzstd cache-miss
28 http cache https://registry.npmjs.org/@mongodb-js%2fzstd 9ms (cache hit)
29 silly packumentCache full:https://registry.npmjs.org/@mongodb-js%2fzstd set size:99210 disposed:false
30 silly fetch manifest gcp-metadata@^5.2.0
31 silly packumentCache full:https://registry.npmjs.org/gcp-metadata cache-miss
32 http cache https://registry.npmjs.org/gcp-metadata 6ms (cache hit)
33 silly packumentCache full:https://registry.npmjs.org/gcp-metadata set size:191448 disposed:false
34 silly fetch manifest kerberos@^2.0.1
35 silly packumentCache full:https://registry.npmjs.org/kerberos cache-miss
36 http cache https://registry.npmjs.org/kerberos 9ms (cache hit)
37 silly packumentCache full:https://registry.npmjs.org/kerberos set size:117635 disposed:false
38 silly fetch manifest mongodb-client-encryption@>=6.0.0 <7
39 silly packumentCache full:https://registry.npmjs.org/mongodb-client-encryption cache-miss
40 http cache https://registry.npmjs.org/mongodb-client-encryption 7ms (cache hit)
41 silly packumentCache full:https://registry.npmjs.org/mongodb-client-encryption set size:262485 disposed:false
42 silly fetch manifest snappy@^7.3.2
43 silly packumentCache full:https://registry.npmjs.org/snappy cache-miss
44 http cache https://registry.npmjs.org/snappy 6ms (cache hit)
45 silly packumentCache full:https://registry.npmjs.org/snappy set size:185121 disposed:false
46 silly fetch manifest socks@^2.7.1
47 silly packumentCache full:https://registry.npmjs.org/socks cache-miss
48 http cache https://registry.npmjs.org/socks 12ms (cache hit)
49 silly packumentCache full:https://registry.npmjs.org/socks set size:168523 disposed:false
50 silly fetch manifest next-auth@^4.24.11
51 silly packumentCache full:https://registry.npmjs.org/next-auth cache-miss
52 http cache https://registry.npmjs.org/next-auth 97ms (cache hit)
53 silly packumentCache full:https://registry.npmjs.org/next-auth set size:3623524 disposed:false
54 silly fetch manifest @auth/core@0.34.3
55 silly packumentCache full:https://registry.npmjs.org/@auth%2fcore cache-miss
56 http cache https://registry.npmjs.org/@auth%2fcore 5ms (cache hit)
57 silly packumentCache full:https://registry.npmjs.org/@auth%2fcore set size:375031 disposed:false
58 silly fetch manifest @simplewebauthn/browser@^9.0.1
59 silly packumentCache full:https://registry.npmjs.org/@simplewebauthn%2fbrowser cache-miss
60 http cache https://registry.npmjs.org/@simplewebauthn%2fbrowser 5ms (cache hit)
61 silly packumentCache full:https://registry.npmjs.org/@simplewebauthn%2fbrowser set size:177539 disposed:false
62 silly fetch manifest @simplewebauthn/server@^9.0.2
63 silly packumentCache full:https://registry.npmjs.org/@simplewebauthn%2fserver cache-miss
64 http cache https://registry.npmjs.org/@simplewebauthn%2fserver 14ms (cache hit)
65 silly packumentCache full:https://registry.npmjs.org/@simplewebauthn%2fserver set size:275630 disposed:false
66 silly fetch manifest nodemailer@^7.0.7
67 silly packumentCache full:https://registry.npmjs.org/nodemailer cache-miss
68 http cache https://registry.npmjs.org/nodemailer 8ms (cache hit)
69 silly packumentCache full:https://registry.npmjs.org/nodemailer set size:555947 disposed:false
70 silly fetch manifest next@14.2.35
71 silly packumentCache full:https://registry.npmjs.org/next cache-miss
72 http cache https://registry.npmjs.org/next 133ms (cache hit)
73 silly packumentCache full:https://registry.npmjs.org/next set size:28374446 disposed:false
74 silly fetch manifest @opentelemetry/api@^1.1.0
75 silly packumentCache full:https://registry.npmjs.org/@opentelemetry%2fapi cache-miss
76 http cache https://registry.npmjs.org/@opentelemetry%2fapi 30ms (cache hit)
77 silly packumentCache full:https://registry.npmjs.org/@opentelemetry%2fapi set size:455567 disposed:false
78 silly fetch manifest @playwright/test@^1.41.2
79 silly packumentCache full:https://registry.npmjs.org/@playwright%2ftest cache-miss
80 http cache https://registry.npmjs.org/@playwright%2ftest 34ms (cache hit)
81 silly packumentCache full:https://registry.npmjs.org/@playwright%2ftest set size:8608545 disposed:false
82 silly fetch manifest react@18.3.1
83 silly packumentCache full:https://registry.npmjs.org/react cache-miss
84 http cache https://registry.npmjs.org/react 29ms (cache hit)
85 silly packumentCache full:https://registry.npmjs.org/react set size:6366570 disposed:false
86 silly fetch manifest react-dom@18.3.1
87 silly packumentCache full:https://registry.npmjs.org/react-dom cache-miss
88 http cache https://registry.npmjs.org/react-dom 33ms (cache hit)
89 silly packumentCache full:https://registry.npmjs.org/react-dom set size:8382055 disposed:false
90 silly fetch manifest sass@^1.3.0
91 silly packumentCache full:https://registry.npmjs.org/sass cache-miss
92 http cache https://registry.npmjs.org/sass 9ms (cache hit)
93 silly packumentCache full:https://registry.npmjs.org/sass set size:719969 disposed:false
94 silly fetch manifest bcryptjs@^2.4.3
95 silly packumentCache full:https://registry.npmjs.org/bcryptjs cache-miss
96 http cache https://registry.npmjs.org/bcryptjs 5ms (cache hit)
97 silly packumentCache full:https://registry.npmjs.org/bcryptjs set size:80409 disposed:false
98 silly placeDep ROOT bcryptjs@2.4.3 OK for: ai-smetchik-v3-gemini@0.1.0 want: ^2.4.3
99 silly placeDep ROOT firebase-admin@12.7.0 OK for: ai-smetchik-v3-gemini@0.1.0 want: ^12.5.0
100 silly placeDep ROOT mongodb@6.21.0 OK for: ai-smetchik-v3-gemini@0.1.0 want: ^6.13.0
101 silly placeDep ROOT next-auth@4.24.13 OK for: ai-smetchik-v3-gemini@0.1.0 want: ^4.24.11
102 silly placeDep ROOT nodemailer@7.0.12 OK for: ai-smetchik-v3-gemini@0.1.0 want: ^7.0.7
103 silly fetch manifest jwks-rsa@^3.1.0
104 silly packumentCache full:https://registry.npmjs.org/jwks-rsa cache-miss
105 silly fetch manifest node-forge@^1.3.1
106 silly packumentCache full:https://registry.npmjs.org/node-forge cache-miss
107 silly fetch manifest @types/node@^22.0.1
108 silly packumentCache full:https://registry.npmjs.org/@types%2fnode cache-miss
109 silly fetch manifest jsonwebtoken@^9.0.0
110 silly packumentCache full:https://registry.npmjs.org/jsonwebtoken cache-miss
111 silly fetch manifest @fastify/busboy@^3.0.0
112 silly packumentCache full:https://registry.npmjs.org/@fastify%2fbusboy cache-miss
113 silly fetch manifest farmhash-modern@^1.1.0
114 silly packumentCache full:https://registry.npmjs.org/farmhash-modern cache-miss
115 silly fetch manifest @google-cloud/storage@^7.7.0
116 silly packumentCache full:https://registry.npmjs.org/@google-cloud%2fstorage cache-miss
117 http cache https://registry.npmjs.org/node-forge 15ms (cache hit)
118 silly packumentCache full:https://registry.npmjs.org/node-forge set size:391006 disposed:false
119 silly fetch manifest @google-cloud/firestore@^7.7.0
120 silly packumentCache full:https://registry.npmjs.org/@google-cloud%2ffirestore cache-miss
121 http cache https://registry.npmjs.org/jsonwebtoken 21ms (cache hit)
122 silly packumentCache full:https://registry.npmjs.org/jsonwebtoken set size:183606 disposed:false
123 silly fetch manifest bson@^6.10.4
124 silly packumentCache full:https://registry.npmjs.org/bson cache-miss
125 http cache https://registry.npmjs.org/jwks-rsa 29ms (cache hit)
126 silly packumentCache full:https://registry.npmjs.org/jwks-rsa set size:203582 disposed:false
127 silly fetch manifest @mongodb-js/saslprep@^1.3.0
128 silly packumentCache full:https://registry.npmjs.org/@mongodb-js%2fsaslprep cache-miss
129 http cache https://registry.npmjs.org/@fastify%2fbusboy 34ms (cache hit)
130 silly packumentCache full:https://registry.npmjs.org/@fastify%2fbusboy set size:62317 disposed:false
131 silly fetch manifest mongodb-connection-string-url@^3.0.2
132 silly packumentCache full:https://registry.npmjs.org/mongodb-connection-string-url cache-miss
133 http cache https://registry.npmjs.org/@types%2fnode 71ms (cache hit)
134 silly packumentCache full:https://registry.npmjs.org/@types%2fnode set size:10765460 disposed:false
135 silly fetch manifest @panva/hkdf@^1.0.2
136 silly packumentCache full:https://registry.npmjs.org/@panva%2fhkdf cache-miss
137 http cache https://registry.npmjs.org/farmhash-modern 252ms (cache hit)
138 silly packumentCache full:https://registry.npmjs.org/farmhash-modern set size:15739 disposed:false
139 silly fetch manifest cookie@^0.7.0
140 silly packumentCache full:https://registry.npmjs.org/cookie cache-miss
141 http cache https://registry.npmjs.org/@google-cloud%2fstorage 257ms (cache hit)
142 silly packumentCache full:https://registry.npmjs.org/@google-cloud%2fstorage set size:933908 disposed:false
143 silly fetch manifest jose@^4.15.5
144 silly packumentCache full:https://registry.npmjs.org/jose cache-miss
145 http cache https://registry.npmjs.org/bson 256ms (cache hit)
146 silly packumentCache full:https://registry.npmjs.org/bson set size:566884 disposed:false
147 silly fetch manifest oauth@^0.9.15
148 silly packumentCache full:https://registry.npmjs.org/oauth cache-miss
149 http cache https://registry.npmjs.org/@mongodb-js%2fsaslprep 257ms (cache hit)
150 silly packumentCache full:https://registry.npmjs.org/@mongodb-js%2fsaslprep set size:87321 disposed:false
151 silly fetch manifest openid-client@^5.4.0
152 silly packumentCache full:https://registry.npmjs.org/openid-client cache-miss
153 http cache https://registry.npmjs.org/mongodb-connection-string-url 257ms (cache hit)
154 silly packumentCache full:https://registry.npmjs.org/mongodb-connection-string-url set size:123838 disposed:false
155 silly fetch manifest preact@^10.6.3
156 silly packumentCache full:https://registry.npmjs.org/preact cache-miss
157 http cache https://registry.npmjs.org/@google-cloud%2ffirestore 279ms (cache hit)
158 silly packumentCache full:https://registry.npmjs.org/@google-cloud%2ffirestore set size:710122 disposed:false
159 silly fetch manifest preact-render-to-string@^5.1.19
160 silly packumentCache full:https://registry.npmjs.org/preact-render-to-string cache-miss
161 http cache https://registry.npmjs.org/jose 43ms (cache hit)
162 silly packumentCache full:https://registry.npmjs.org/jose set size:1390941 disposed:false
163 silly fetch manifest uuid@^8.3.2
164 silly packumentCache full:https://registry.npmjs.org/uuid cache-miss
165 http cache https://registry.npmjs.org/@panva%2fhkdf 78ms (cache hit)
166 silly packumentCache full:https://registry.npmjs.org/@panva%2fhkdf set size:22482 disposed:false
167 http cache https://registry.npmjs.org/cookie 77ms (cache hit)
168 silly packumentCache full:https://registry.npmjs.org/cookie set size:72891 disposed:false
169 http cache https://registry.npmjs.org/oauth 52ms (cache hit)
170 silly packumentCache full:https://registry.npmjs.org/oauth set size:45115 disposed:false
171 http cache https://registry.npmjs.org/openid-client 53ms (cache hit)
172 silly packumentCache full:https://registry.npmjs.org/openid-client set size:718846 disposed:false
173 http cache https://registry.npmjs.org/preact-render-to-string 51ms (cache hit)
174 silly packumentCache full:https://registry.npmjs.org/preact-render-to-string set size:517995 disposed:false
175 http cache https://registry.npmjs.org/preact 74ms (cache hit)
176 silly packumentCache full:https://registry.npmjs.org/preact set size:1777656 disposed:false
177 http cache https://registry.npmjs.org/uuid 63ms (cache hit)
178 silly packumentCache full:https://registry.npmjs.org/uuid set size:224608 disposed:false
179 silly placeDep ROOT @fastify/busboy@3.2.0 OK for: firebase-admin@12.7.0 want: ^3.0.0
180 silly placeDep ROOT @google-cloud/firestore@7.11.6 OK for: firebase-admin@12.7.0 want: ^7.7.0
181 silly placeDep ROOT @google-cloud/storage@7.18.0 OK for: firebase-admin@12.7.0 want: ^7.7.0
182 silly placeDep node_modules/firebase-admin @types/node@22.19.5 OK for: firebase-admin@12.7.0 want: ^22.0.1
183 silly placeDep ROOT farmhash-modern@1.1.0 OK for: firebase-admin@12.7.0 want: ^1.1.0
184 silly placeDep ROOT jsonwebtoken@9.0.3 OK for: firebase-admin@12.7.0 want: ^9.0.0
185 silly placeDep ROOT jwks-rsa@3.2.0 OK for: firebase-admin@12.7.0 want: ^3.1.0
186 silly placeDep ROOT node-forge@1.3.3 OK for: firebase-admin@12.7.0 want: ^1.3.1
187 silly fetch manifest google-gax@^4.3.3
188 silly packumentCache full:https://registry.npmjs.org/google-gax cache-miss
189 silly fetch manifest @opentelemetry/api@^1.3.0
190 silly packumentCache full:https://registry.npmjs.org/@opentelemetry%2fapi cache-hit
191 silly fetch manifest functional-red-black-tree@^1.0.1
192 silly packumentCache full:https://registry.npmjs.org/functional-red-black-tree cache-miss
193 silly fetch manifest @google-cloud/paginator@^5.0.0
194 silly packumentCache full:https://registry.npmjs.org/@google-cloud%2fpaginator cache-miss
195 silly fetch manifest @google-cloud/projectify@^4.0.0
196 silly packumentCache full:https://registry.npmjs.org/@google-cloud%2fprojectify cache-miss
197 silly fetch manifest @google-cloud/promisify@<4.1.0
198 silly packumentCache full:https://registry.npmjs.org/@google-cloud%2fpromisify cache-miss
199 silly fetch manifest abort-controller@^3.0.0
200 silly packumentCache full:https://registry.npmjs.org/abort-controller cache-miss
201 silly fetch manifest async-retry@^1.3.3
202 silly packumentCache full:https://registry.npmjs.org/async-retry cache-miss
203 http cache https://registry.npmjs.org/@google-cloud%2fpaginator 16ms (cache hit)
204 silly packumentCache full:https://registry.npmjs.org/@google-cloud%2fpaginator set size:87127 disposed:false
205 silly fetch manifest duplexify@^4.1.3
206 silly packumentCache full:https://registry.npmjs.org/duplexify cache-miss
207 http cache https://registry.npmjs.org/@google-cloud%2fpromisify 18ms (cache hit)
208 silly packumentCache full:https://registry.npmjs.org/@google-cloud%2fpromisify set size:68494 disposed:false
209 silly fetch manifest gaxios@^6.0.2
210 silly packumentCache full:https://registry.npmjs.org/gaxios cache-miss
211 http cache https://registry.npmjs.org/abort-controller 21ms (cache hit)
212 silly packumentCache full:https://registry.npmjs.org/abort-controller set size:47272 disposed:false
213 silly fetch manifest google-auth-library@^9.6.3
214 silly packumentCache full:https://registry.npmjs.org/google-auth-library cache-miss
215 http cache https://registry.npmjs.org/functional-red-black-tree 25ms (cache hit)
216 silly packumentCache full:https://registry.npmjs.org/functional-red-black-tree set size:12580 disposed:false
217 silly fetch manifest html-entities@^2.5.2
218 silly packumentCache full:https://registry.npmjs.org/html-entities cache-miss
219 http cache https://registry.npmjs.org/async-retry 24ms (cache hit)
220 silly packumentCache full:https://registry.npmjs.org/async-retry set size:52084 disposed:false
221 silly fetch manifest mime@^3.0.0
222 silly packumentCache full:https://registry.npmjs.org/mime cache-miss
223 http cache https://registry.npmjs.org/google-gax 44ms (cache hit)
224 silly packumentCache full:https://registry.npmjs.org/google-gax set size:2055354 disposed:false
225 silly fetch manifest retry-request@^7.0.0
226 silly packumentCache full:https://registry.npmjs.org/retry-request cache-miss
227 http cache https://registry.npmjs.org/@google-cloud%2fprojectify 72ms (cache hit)
228 silly packumentCache full:https://registry.npmjs.org/@google-cloud%2fprojectify set size:62571 disposed:false
229 silly fetch manifest teeny-request@^9.0.0
230 silly packumentCache full:https://registry.npmjs.org/teeny-request cache-miss
231 http cache https://registry.npmjs.org/duplexify 67ms (cache hit)
232 silly packumentCache full:https://registry.npmjs.org/duplexify set size:73064 disposed:false
233 silly fetch manifest uuid@^8.0.0
234 silly packumentCache full:https://registry.npmjs.org/uuid cache-hit
235 silly fetch manifest jws@^4.0.1
236 silly packumentCache full:https://registry.npmjs.org/jws cache-miss
237 http cache https://registry.npmjs.org/mime 61ms (cache hit)
238 silly packumentCache full:https://registry.npmjs.org/mime set size:119236 disposed:false
239 silly fetch manifest lodash.once@^4.0.0
240 silly packumentCache full:https://registry.npmjs.org/lodash.once cache-miss
241 http cache https://registry.npmjs.org/html-entities 69ms (cache hit)
242 silly packumentCache full:https://registry.npmjs.org/html-entities set size:145148 disposed:false
243 silly fetch manifest lodash.includes@^4.3.0
244 silly packumentCache full:https://registry.npmjs.org/lodash.includes cache-miss
245 http cache https://registry.npmjs.org/retry-request 26ms (cache hit)
246 silly packumentCache full:https://registry.npmjs.org/retry-request set size:88328 disposed:false
247 silly fetch manifest lodash.isnumber@^3.0.3
248 silly packumentCache full:https://registry.npmjs.org/lodash.isnumber cache-miss
249 http cache https://registry.npmjs.org/gaxios 82ms (cache hit)
250 silly packumentCache full:https://registry.npmjs.org/gaxios set size:341801 disposed:false
251 silly fetch manifest lodash.isstring@^4.0.1
252 silly packumentCache full:https://registry.npmjs.org/lodash.isstring cache-miss
253 http cache https://registry.npmjs.org/google-auth-library 87ms (cache hit)
254 silly packumentCache full:https://registry.npmjs.org/google-auth-library set size:717468 disposed:false
255 silly fetch manifest lodash.isboolean@^3.0.3
256 silly packumentCache full:https://registry.npmjs.org/lodash.isboolean cache-miss
257 http cache https://registry.npmjs.org/teeny-request 50ms (cache hit)
258 silly packumentCache full:https://registry.npmjs.org/teeny-request set size:170160 disposed:false
259 silly fetch manifest lodash.isinteger@^4.0.4
260 silly packumentCache full:https://registry.npmjs.org/lodash.isinteger cache-miss
261 http cache https://registry.npmjs.org/lodash.once 45ms (cache hit)
262 silly packumentCache full:https://registry.npmjs.org/lodash.once set size:23407 disposed:false
263 silly fetch manifest lodash.isplainobject@^4.0.6
264 silly packumentCache full:https://registry.npmjs.org/lodash.isplainobject cache-miss
265 http cache https://registry.npmjs.org/jws 52ms (cache hit)
266 silly packumentCache full:https://registry.npmjs.org/jws set size:48919 disposed:false
267 silly fetch manifest jose@^4.15.4
268 silly packumentCache full:https://registry.npmjs.org/jose cache-miss
269 http cache https://registry.npmjs.org/lodash.isnumber 43ms (cache hit)
270 silly packumentCache full:https://registry.npmjs.org/lodash.isnumber set size:21368 disposed:false
271 silly fetch manifest limiter@^1.1.5
272 silly packumentCache full:https://registry.npmjs.org/limiter cache-miss
273 http cache https://registry.npmjs.org/lodash.isstring 38ms (cache hit)
274 silly packumentCache full:https://registry.npmjs.org/lodash.isstring set size:21368 disposed:false
275 silly fetch manifest lru-memoizer@^2.2.0
276 silly packumentCache full:https://registry.npmjs.org/lru-memoizer cache-miss
277 http cache https://registry.npmjs.org/lodash.includes 50ms (cache hit)
278 silly packumentCache full:https://registry.npmjs.org/lodash.includes set size:27594 disposed:false
279 silly fetch manifest @types/express@^4.17.20
280 silly packumentCache full:https://registry.npmjs.org/@types%2fexpress cache-miss
281 http cache https://registry.npmjs.org/lodash.isinteger 24ms (cache hit)
282 silly packumentCache full:https://registry.npmjs.org/lodash.isinteger set size:10827 disposed:false
283 silly fetch manifest @types/jsonwebtoken@^9.0.4
284 silly packumentCache full:https://registry.npmjs.org/@types%2fjsonwebtoken cache-miss
285 http cache https://registry.npmjs.org/lodash.isboolean 31ms (cache hit)
286 silly packumentCache full:https://registry.npmjs.org/lodash.isboolean set size:21437 disposed:false
287 http cache https://registry.npmjs.org/jose 24ms (cache hit)
288 silly packumentCache full:https://registry.npmjs.org/jose set size:1390941 disposed:false
289 http cache https://registry.npmjs.org/@types%2fexpress 40ms (cache hit)
290 silly packumentCache full:https://registry.npmjs.org/@types%2fexpress set size:111364 disposed:false
291 http cache https://registry.npmjs.org/lodash.isplainobject 53ms (cache hit)
292 silly packumentCache full:https://registry.npmjs.org/lodash.isplainobject set size:38531 disposed:false
293 http cache https://registry.npmjs.org/lru-memoizer 47ms (cache hit)
294 silly packumentCache full:https://registry.npmjs.org/lru-memoizer set size:57712 disposed:false
295 http cache https://registry.npmjs.org/limiter 53ms (cache hit)
296 silly packumentCache full:https://registry.npmjs.org/limiter set size:39581 disposed:false
297 http cache https://registry.npmjs.org/@types%2fjsonwebtoken 48ms (cache hit)
298 silly packumentCache full:https://registry.npmjs.org/@types%2fjsonwebtoken set size:129919 disposed:false
299 silly placeDep ROOT @opentelemetry/api@1.9.0 OK for: @google-cloud/firestore@7.11.6 want: ^1.3.0
300 silly placeDep ROOT functional-red-black-tree@1.0.1 OK for: @google-cloud/firestore@7.11.6 want: ^1.0.1
301 silly placeDep ROOT google-gax@4.6.1 OK for: @google-cloud/firestore@7.11.6 want: ^4.3.3
302 silly fetch manifest uuid@^9.0.1
303 silly packumentCache full:https://registry.npmjs.org/uuid cache-hit
304 silly fetch manifest duplexify@^4.0.0
305 silly packumentCache full:https://registry.npmjs.org/duplexify cache-hit
306 silly fetch manifest @types/long@^4.0.0
307 silly packumentCache full:https://registry.npmjs.org/@types%2flong cache-miss
308 silly fetch manifest @grpc/grpc-js@^1.10.9
309 silly packumentCache full:https://registry.npmjs.org/@grpc%2fgrpc-js cache-miss
310 silly fetch manifest google-auth-library@^9.3.0
311 silly packumentCache full:https://registry.npmjs.org/google-auth-library cache-hit
312 silly fetch manifest proto3-json-serializer@^2.0.2
313 silly packumentCache full:https://registry.npmjs.org/proto3-json-serializer cache-miss
314 http cache https://registry.npmjs.org/@types%2flong 15ms (cache hit)
315 silly packumentCache full:https://registry.npmjs.org/@types%2flong set size:28711 disposed:false
316 http cache https://registry.npmjs.org/proto3-json-serializer 12ms (cache hit)
317 silly packumentCache full:https://registry.npmjs.org/proto3-json-serializer set size:83221 disposed:false
318 http cache https://registry.npmjs.org/@grpc%2fgrpc-js 20ms (cache hit)
319 silly packumentCache full:https://registry.npmjs.org/@grpc%2fgrpc-js set size:658277 disposed:false
320 silly placeDep ROOT @google-cloud/paginator@5.0.2 OK for: @google-cloud/storage@7.18.0 want: ^5.0.0
321 silly placeDep ROOT @google-cloud/projectify@4.0.0 OK for: @google-cloud/storage@7.18.0 want: ^4.0.0
322 silly placeDep ROOT @google-cloud/promisify@4.0.0 OK for: @google-cloud/storage@7.18.0 want: <4.1.0
323 silly placeDep ROOT abort-controller@3.0.0 OK for: @google-cloud/storage@7.18.0 want: ^3.0.0
324 silly placeDep ROOT async-retry@1.3.3 OK for: @google-cloud/storage@7.18.0 want: ^1.3.3
325 silly placeDep ROOT duplexify@4.1.3 OK for: @google-cloud/storage@7.18.0 want: ^4.1.3
326 silly placeDep ROOT gaxios@6.7.1 OK for: @google-cloud/storage@7.18.0 want: ^6.0.2
327 silly placeDep ROOT google-auth-library@9.15.1 OK for: @google-cloud/storage@7.18.0 want: ^9.6.3
328 silly placeDep ROOT html-entities@2.6.0 OK for: @google-cloud/storage@7.18.0 want: ^2.5.2
329 silly placeDep node_modules/@google-cloud/storage mime@3.0.0 OK for: @google-cloud/storage@7.18.0 want: ^3.0.0
330 silly placeDep ROOT retry-request@7.0.2 OK for: @google-cloud/storage@7.18.0 want: ^7.0.0
331 silly placeDep ROOT teeny-request@9.0.0 OK for: @google-cloud/storage@7.18.0 want: ^9.0.0
332 silly placeDep node_modules/@google-cloud/storage uuid@8.3.2 OK for: @google-cloud/storage@7.18.0 want: ^8.0.0
333 silly fetch manifest arrify@^2.0.0
334 silly packumentCache full:https://registry.npmjs.org/arrify cache-miss
335 silly fetch manifest event-target-shim@^5.0.0
336 silly packumentCache full:https://registry.npmjs.org/event-target-shim cache-miss
337 silly fetch manifest retry@0.13.1
338 silly packumentCache full:https://registry.npmjs.org/retry cache-miss
339 silly fetch manifest readable-stream@^3.1.1
340 silly packumentCache full:https://registry.npmjs.org/readable-stream cache-miss
341 silly fetch manifest stream-shift@^1.0.2
342 silly packumentCache full:https://registry.npmjs.org/stream-shift cache-miss
343 silly fetch manifest is-stream@^2.0.0
344 silly packumentCache full:https://registry.npmjs.org/is-stream cache-miss
345 silly fetch manifest https-proxy-agent@^7.0.1
346 silly packumentCache full:https://registry.npmjs.org/https-proxy-agent cache-miss
347 http cache https://registry.npmjs.org/arrify 42ms (cache hit)
348 silly packumentCache full:https://registry.npmjs.org/arrify set size:11862 disposed:false
349 silly fetch manifest jws@^4.0.0
350 silly packumentCache full:https://registry.npmjs.org/jws cache-hit
351 silly fetch manifest gtoken@^7.0.0
352 silly packumentCache full:https://registry.npmjs.org/gtoken cache-miss
353 http cache https://registry.npmjs.org/event-target-shim 48ms (cache hit)
354 silly packumentCache full:https://registry.npmjs.org/event-target-shim set size:103601 disposed:false
355 silly fetch manifest gcp-metadata@^6.1.0
356 silly packumentCache full:https://registry.npmjs.org/gcp-metadata cache-hit
357 silly fetch manifest ecdsa-sig-formatter@^1.0.11
358 silly packumentCache full:https://registry.npmjs.org/ecdsa-sig-formatter cache-miss
359 http cache https://registry.npmjs.org/readable-stream 59ms (cache hit)
360 silly packumentCache full:https://registry.npmjs.org/readable-stream set size:261096 disposed:false
361 silly fetch manifest uuid@^9.0.0
362 silly packumentCache full:https://registry.npmjs.org/uuid cache-hit
363 silly fetch manifest stream-events@^1.0.5
364 silly packumentCache full:https://registry.npmjs.org/stream-events cache-miss
365 http cache https://registry.npmjs.org/retry 66ms (cache hit)
366 silly packumentCache full:https://registry.npmjs.org/retry set size:31161 disposed:false
367 silly fetch manifest http-proxy-agent@^5.0.0
368 silly packumentCache full:https://registry.npmjs.org/http-proxy-agent cache-miss
369 http cache https://registry.npmjs.org/stream-shift 67ms (cache hit)
370 silly packumentCache full:https://registry.npmjs.org/stream-shift set size:8066 disposed:false
371 silly fetch manifest https-proxy-agent@^5.0.0
372 silly packumentCache full:https://registry.npmjs.org/https-proxy-agent cache-miss
373 http cache https://registry.npmjs.org/is-stream 69ms (cache hit)
374 silly packumentCache full:https://registry.npmjs.org/is-stream set size:18582 disposed:false
375 http cache https://registry.npmjs.org/https-proxy-agent 69ms (cache hit)
376 silly packumentCache full:https://registry.npmjs.org/https-proxy-agent set size:76241 disposed:false
377 http cache https://registry.npmjs.org/https-proxy-agent 21ms (cache hit)
378 silly packumentCache full:https://registry.npmjs.org/https-proxy-agent set size:76241 disposed:false
379 silly packumentCache full:https://registry.npmjs.org/https-proxy-agent dispose
380 http cache https://registry.npmjs.org/gtoken 50ms (cache hit)
381 silly packumentCache full:https://registry.npmjs.org/gtoken set size:155604 disposed:false
382 http cache https://registry.npmjs.org/ecdsa-sig-formatter 41ms (cache hit)
383 silly packumentCache full:https://registry.npmjs.org/ecdsa-sig-formatter set size:23546 disposed:false
384 http cache https://registry.npmjs.org/stream-events 33ms (cache hit)
385 silly packumentCache full:https://registry.npmjs.org/stream-events set size:12460 disposed:false
386 http cache https://registry.npmjs.org/http-proxy-agent 33ms (cache hit)
387 silly packumentCache full:https://registry.npmjs.org/http-proxy-agent set size:50096 disposed:false
388 silly placeDep ROOT arrify@2.0.1 OK for: @google-cloud/paginator@5.0.2 want: ^2.0.0
389 silly placeDep ROOT event-target-shim@5.0.1 OK for: abort-controller@3.0.0 want: ^5.0.0
390 silly placeDep ROOT retry@0.13.1 OK for: async-retry@1.3.3 want: 0.13.1
391 silly placeDep node_modules/duplexify readable-stream@3.6.2 OK for: duplexify@4.1.3 want: ^3.1.1
392 silly placeDep ROOT stream-shift@1.0.3 OK for: duplexify@4.1.3 want: ^1.0.2
393 silly placeDep ROOT https-proxy-agent@7.0.6 OK for: gaxios@6.7.1 want: ^7.0.1
394 silly placeDep ROOT is-stream@2.0.1 OK for: gaxios@6.7.1 want: ^2.0.0
395 silly placeDep node_modules/gaxios uuid@9.0.1 OK for: gaxios@6.7.1 want: ^9.0.1
396 silly fetch manifest agent-base@^7.1.2
397 silly packumentCache full:https://registry.npmjs.org/agent-base cache-miss
398 http cache https://registry.npmjs.org/agent-base 5ms (cache hit)
399 silly packumentCache full:https://registry.npmjs.org/agent-base set size:67460 disposed:false
400 silly placeDep ROOT ecdsa-sig-formatter@1.0.11 OK for: google-auth-library@9.15.1 want: ^1.0.11
401 silly placeDep ROOT gcp-metadata@6.1.1 OK for: google-auth-library@9.15.1 want: ^6.1.0
402 silly placeDep ROOT gtoken@7.1.0 OK for: google-auth-library@9.15.1 want: ^7.0.0
403 silly placeDep ROOT jws@4.0.1 OK for: google-auth-library@9.15.1 want: ^4.0.0
404 silly fetch manifest json-bigint@^1.0.0
405 silly packumentCache full:https://registry.npmjs.org/json-bigint cache-miss
406 silly fetch manifest google-logging-utils@^0.0.2
407 silly packumentCache full:https://registry.npmjs.org/google-logging-utils cache-miss
408 silly fetch manifest jwa@^2.0.1
409 silly packumentCache full:https://registry.npmjs.org/jwa cache-miss
410 http cache https://registry.npmjs.org/google-logging-utils 8ms (cache hit)
411 silly packumentCache full:https://registry.npmjs.org/google-logging-utils set size:21694 disposed:false
412 http cache https://registry.npmjs.org/json-bigint 11ms (cache hit)
413 silly packumentCache full:https://registry.npmjs.org/json-bigint set size:36963 disposed:false
414 http cache https://registry.npmjs.org/jwa 13ms (cache hit)
415 silly packumentCache full:https://registry.npmjs.org/jwa set size:39956 disposed:false
416 silly placeDep ROOT google-logging-utils@0.0.2 OK for: gcp-metadata@6.1.1 want: ^0.0.2
417 silly placeDep ROOT json-bigint@1.0.0 OK for: gcp-metadata@6.1.1 want: ^1.0.0
418 silly fetch manifest bignumber.js@^9.0.0
419 silly packumentCache full:https://registry.npmjs.org/bignumber.js cache-miss
420 http cache https://registry.npmjs.org/bignumber.js 6ms (cache hit)
421 silly packumentCache full:https://registry.npmjs.org/bignumber.js set size:123203 disposed:false
422 silly placeDep node_modules/google-gax @grpc/grpc-js@1.14.3 OK for: google-gax@4.6.1 want: ^1.10.9
423 silly placeDep ROOT @types/long@4.0.2 OK for: google-gax@4.6.1 want: ^4.0.0
424 silly placeDep ROOT proto3-json-serializer@2.0.2 OK for: google-gax@4.6.1 want: ^2.0.2
425 silly placeDep node_modules/google-gax uuid@9.0.1 OK for: google-gax@4.6.1 want: ^9.0.1
426 silly fetch manifest @grpc/proto-loader@^0.8.0
427 silly packumentCache full:https://registry.npmjs.org/@grpc%2fproto-loader cache-miss
428 silly fetch manifest @js-sdsl/ordered-map@^4.4.2
429 silly packumentCache full:https://registry.npmjs.org/@js-sdsl%2fordered-map cache-miss
430 http cache https://registry.npmjs.org/@js-sdsl%2fordered-map 6ms (cache hit)
431 silly packumentCache full:https://registry.npmjs.org/@js-sdsl%2fordered-map set size:63788 disposed:false
432 http cache https://registry.npmjs.org/@grpc%2fproto-loader 9ms (cache hit)
433 silly packumentCache full:https://registry.npmjs.org/@grpc%2fproto-loader set size:215394 disposed:false
434 silly placeDep ROOT agent-base@7.1.4 OK for: https-proxy-agent@7.0.6 want: ^7.1.2
435 silly placeDep ROOT bignumber.js@9.3.1 OK for: json-bigint@1.0.0 want: ^9.0.0
436 silly placeDep ROOT lodash.includes@4.3.0 OK for: jsonwebtoken@9.0.3 want: ^4.3.0
437 silly placeDep ROOT lodash.isboolean@3.0.3 OK for: jsonwebtoken@9.0.3 want: ^3.0.3
438 silly placeDep ROOT lodash.isinteger@4.0.4 OK for: jsonwebtoken@9.0.3 want: ^4.0.4
439 silly placeDep ROOT lodash.isnumber@3.0.3 OK for: jsonwebtoken@9.0.3 want: ^3.0.3
440 silly placeDep ROOT lodash.isplainobject@4.0.6 OK for: jsonwebtoken@9.0.3 want: ^4.0.6
441 silly placeDep ROOT lodash.isstring@4.0.1 OK for: jsonwebtoken@9.0.3 want: ^4.0.1
442 silly placeDep ROOT lodash.once@4.1.1 OK for: jsonwebtoken@9.0.3 want: ^4.0.0
443 silly placeDep ROOT @types/express@4.17.25 OK for: jwks-rsa@3.2.0 want: ^4.17.20
444 silly placeDep ROOT @types/jsonwebtoken@9.0.10 OK for: jwks-rsa@3.2.0 want: ^9.0.4
445 silly placeDep node_modules/jwks-rsa jose@4.15.9 OK for: jwks-rsa@3.2.0 want: ^4.15.4
446 silly placeDep ROOT limiter@1.1.5 OK for: jwks-rsa@3.2.0 want: ^1.1.5
447 silly placeDep ROOT lru-memoizer@2.3.0 OK for: jwks-rsa@3.2.0 want: ^2.2.0
448 silly fetch manifest @types/qs@*
449 silly packumentCache full:https://registry.npmjs.org/@types%2fqs cache-miss
450 silly fetch manifest @types/body-parser@*
451 silly packumentCache full:https://registry.npmjs.org/@types%2fbody-parser cache-miss
452 silly fetch manifest @types/serve-static@^1
453 silly packumentCache full:https://registry.npmjs.org/@types%2fserve-static cache-miss
454 silly fetch manifest @types/express-serve-static-core@^4.17.33
455 silly packumentCache full:https://registry.npmjs.org/@types%2fexpress-serve-static-core cache-miss
456 silly fetch manifest lru-cache@6.0.0
457 silly packumentCache full:https://registry.npmjs.org/lru-cache cache-miss
458 silly fetch manifest lodash.clonedeep@^4.5.0
459 silly packumentCache full:https://registry.npmjs.org/lodash.clonedeep cache-miss
460 http cache https://registry.npmjs.org/@types%2fqs 16ms (cache hit)
461 silly packumentCache full:https://registry.npmjs.org/@types%2fqs set size:79370 disposed:false
462 http cache https://registry.npmjs.org/@types%2fexpress-serve-static-core 17ms (cache hit)
463 silly packumentCache full:https://registry.npmjs.org/@types%2fexpress-serve-static-core set size:264345 disposed:false
464 http cache https://registry.npmjs.org/@types%2fserve-static 25ms (cache hit)
465 silly packumentCache full:https://registry.npmjs.org/@types%2fserve-static set size:70859 disposed:false
466 http cache https://registry.npmjs.org/lodash.clonedeep 26ms (cache hit)
467 silly packumentCache full:https://registry.npmjs.org/lodash.clonedeep set size:48192 disposed:false
468 http cache https://registry.npmjs.org/@types%2fbody-parser 29ms (cache hit)
469 silly packumentCache full:https://registry.npmjs.org/@types%2fbody-parser set size:59466 disposed:false
470 http cache https://registry.npmjs.org/lru-cache 32ms (cache hit)
471 silly packumentCache full:https://registry.npmjs.org/lru-cache set size:406394 disposed:false
472 silly placeDep ROOT @types/body-parser@1.19.6 OK for: @types/express@4.17.25 want: *
473 silly placeDep ROOT @types/express-serve-static-core@4.19.8 OK for: @types/express@4.17.25 want: ^4.17.33
474 silly placeDep ROOT @types/qs@6.14.0 OK for: @types/express@4.17.25 want: *
475 silly placeDep ROOT @types/serve-static@1.15.10 OK for: @types/express@4.17.25 want: ^1
476 silly fetch manifest @types/connect@*
477 silly packumentCache full:https://registry.npmjs.org/@types%2fconnect cache-miss
478 silly fetch manifest @types/send@*
479 silly packumentCache full:https://registry.npmjs.org/@types%2fsend cache-miss
480 silly fetch manifest @types/range-parser@*
481 silly packumentCache full:https://registry.npmjs.org/@types%2frange-parser cache-miss
482 silly fetch manifest @types/send@<1
483 silly packumentCache full:https://registry.npmjs.org/@types%2fsend cache-miss
484 silly fetch manifest @types/http-errors@*
485 silly packumentCache full:https://registry.npmjs.org/@types%2fhttp-errors cache-miss
486 http cache https://registry.npmjs.org/@types%2fsend 9ms (cache hit)
487 silly packumentCache full:https://registry.npmjs.org/@types%2fsend set size:29985 disposed:false
488 http cache https://registry.npmjs.org/@types%2fconnect 14ms (cache hit)
489 silly packumentCache full:https://registry.npmjs.org/@types%2fconnect set size:31512 disposed:false
490 http cache https://registry.npmjs.org/@types%2fsend 14ms (cache hit)
491 silly packumentCache full:https://registry.npmjs.org/@types%2fsend set size:29985 disposed:false
492 silly packumentCache full:https://registry.npmjs.org/@types%2fsend dispose
493 http cache https://registry.npmjs.org/@types%2frange-parser 16ms (cache hit)
494 silly packumentCache full:https://registry.npmjs.org/@types%2frange-parser set size:15278 disposed:false
495 http cache https://registry.npmjs.org/@types%2fhttp-errors 16ms (cache hit)
496 silly packumentCache full:https://registry.npmjs.org/@types%2fhttp-errors set size:48994 disposed:false
497 silly placeDep ROOT @types/connect@3.4.38 OK for: @types/body-parser@1.19.6 want: *
498 silly placeDep ROOT @types/range-parser@1.2.7 OK for: @types/express-serve-static-core@4.19.8 want: *
499 silly placeDep ROOT @types/send@1.2.1 OK for: @types/express-serve-static-core@4.19.8 want: *
500 silly placeDep ROOT @types/http-errors@2.0.5 OK for: @types/serve-static@1.15.10 want: *
501 silly placeDep node_modules/@types/serve-static @types/send@0.17.6 OK for: @types/serve-static@1.15.10 want: <1
502 silly fetch manifest @types/mime@^1
503 silly packumentCache full:https://registry.npmjs.org/@types%2fmime cache-miss
504 http cache https://registry.npmjs.org/@types%2fmime 5ms (cache hit)
505 silly packumentCache full:https://registry.npmjs.org/@types%2fmime set size:43242 disposed:false
506 silly placeDep ROOT jwa@2.0.1 OK for: jws@4.0.1 want: ^2.0.1
507 silly fetch manifest buffer-equal-constant-time@^1.0.1
508 silly packumentCache full:https://registry.npmjs.org/buffer-equal-constant-time cache-miss
509 http cache https://registry.npmjs.org/buffer-equal-constant-time 4ms (cache hit)
510 silly packumentCache full:https://registry.npmjs.org/buffer-equal-constant-time set size:4390 disposed:false
511 silly placeDep ROOT buffer-equal-constant-time@1.0.1 OK for: jwa@2.0.1 want: ^1.0.1
512 silly placeDep ROOT lodash.clonedeep@4.5.0 OK for: lru-memoizer@2.3.0 want: ^4.5.0
513 silly placeDep node_modules/lru-memoizer lru-cache@6.0.0 OK for: lru-memoizer@2.3.0 want: 6.0.0
514 silly fetch manifest yallist@^4.0.0
515 silly packumentCache full:https://registry.npmjs.org/yallist cache-miss
516 http cache https://registry.npmjs.org/yallist 6ms (cache hit)
517 silly packumentCache full:https://registry.npmjs.org/yallist set size:34610 disposed:false
518 silly placeDep ROOT @mongodb-js/saslprep@1.4.4 OK for: mongodb@6.21.0 want: ^1.3.0
519 silly placeDep ROOT bson@6.10.4 OK for: mongodb@6.21.0 want: ^6.10.4
520 silly placeDep ROOT gcp-metadata@5.3.0 REPLACE for: mongodb@6.21.0 want: ^5.2.0
521 silly placeDep ROOT mongodb-connection-string-url@3.0.2 OK for: mongodb@6.21.0 want: ^3.0.2
522 silly fetch manifest sparse-bitfield@^3.0.3
523 silly packumentCache full:https://registry.npmjs.org/sparse-bitfield cache-miss
524 silly fetch manifest gaxios@^5.0.0
525 silly packumentCache full:https://registry.npmjs.org/gaxios cache-hit
526 silly fetch manifest whatwg-url@^14.1.0 || ^13.0.0
527 silly packumentCache full:https://registry.npmjs.org/whatwg-url cache-miss
528 silly fetch manifest @types/whatwg-url@^11.0.2
529 silly packumentCache full:https://registry.npmjs.org/@types%2fwhatwg-url cache-miss
530 http cache https://registry.npmjs.org/sparse-bitfield 12ms (cache hit)
531 silly packumentCache full:https://registry.npmjs.org/sparse-bitfield set size:18366 disposed:false
532 http cache https://registry.npmjs.org/@types%2fwhatwg-url 13ms (cache hit)
533 silly packumentCache full:https://registry.npmjs.org/@types%2fwhatwg-url set size:25750 disposed:false
534 http cache https://registry.npmjs.org/whatwg-url 15ms (cache hit)
535 silly packumentCache full:https://registry.npmjs.org/whatwg-url set size:165406 disposed:false
536 silly placeDep ROOT sparse-bitfield@3.0.3 OK for: @mongodb-js/saslprep@1.4.4 want: ^3.0.3
537 silly fetch manifest memory-pager@^1.0.2
538 silly packumentCache full:https://registry.npmjs.org/memory-pager cache-miss
539 http cache https://registry.npmjs.org/memory-pager 6ms (cache hit)
540 silly packumentCache full:https://registry.npmjs.org/memory-pager set size:21090 disposed:false
541 silly placeDep node_modules/gcp-metadata gaxios@5.1.3 OK for: gcp-metadata@5.3.0 want: ^5.0.0
542 silly placeDep node_modules/google-auth-library gcp-metadata@6.1.1 OK for: google-auth-library@9.15.1 want: ^6.1.0
543 silly placeDep ROOT @types/whatwg-url@11.0.5 OK for: mongodb-connection-string-url@3.0.2 want: ^11.0.2
544 silly placeDep node_modules/mongodb-connection-string-url whatwg-url@14.2.0 OK for: mongodb-connection-string-url@3.0.2 want: ^14.1.0 || ^13.0.0
545 silly fetch manifest @types/webidl-conversions@*
546 silly packumentCache full:https://registry.npmjs.org/@types%2fwebidl-conversions cache-miss
547 silly fetch manifest tr46@^5.1.0
548 silly packumentCache full:https://registry.npmjs.org/tr46 cache-miss
549 silly fetch manifest webidl-conversions@^7.0.0
550 silly packumentCache full:https://registry.npmjs.org/webidl-conversions cache-miss
551 http cache https://registry.npmjs.org/@types%2fwebidl-conversions 7ms (cache hit)
552 silly packumentCache full:https://registry.npmjs.org/@types%2fwebidl-conversions set size:22935 disposed:false
553 http cache https://registry.npmjs.org/webidl-conversions 7ms (cache hit)
554 silly packumentCache full:https://registry.npmjs.org/webidl-conversions set size:46073 disposed:false
555 http cache https://registry.npmjs.org/tr46 11ms (cache hit)
556 silly packumentCache full:https://registry.npmjs.org/tr46 set size:47377 disposed:false
557 silly placeDep ROOT @types/webidl-conversions@7.0.3 OK for: @types/whatwg-url@11.0.5 want: *
558 silly placeDep ROOT @panva/hkdf@1.2.1 OK for: next-auth@4.24.13 want: ^1.0.2
559 silly placeDep ROOT cookie@0.7.2 OK for: next-auth@4.24.13 want: ^0.7.0
560 silly placeDep node_modules/next-auth jose@4.15.9 OK for: next-auth@4.24.13 want: ^4.15.5
561 silly placeDep ROOT oauth@0.9.15 OK for: next-auth@4.24.13 want: ^0.9.15
562 silly placeDep ROOT openid-client@5.7.1 OK for: next-auth@4.24.13 want: ^5.4.0
563 silly placeDep ROOT preact@10.28.2 OK for: next-auth@4.24.13 want: ^10.6.3
564 silly placeDep ROOT preact-render-to-string@5.2.6 OK for: next-auth@4.24.13 want: ^5.1.19
565 silly placeDep node_modules/next-auth uuid@8.3.2 OK for: next-auth@4.24.13 want: ^8.3.2
566 silly fetch manifest jose@^4.15.9
567 silly packumentCache full:https://registry.npmjs.org/jose cache-miss
568 silly fetch manifest lru-cache@^6.0.0
569 silly packumentCache full:https://registry.npmjs.org/lru-cache cache-hit
570 silly fetch manifest object-hash@^2.2.0
571 silly packumentCache full:https://registry.npmjs.org/object-hash cache-miss
572 silly fetch manifest oidc-token-hash@^5.0.3
573 silly packumentCache full:https://registry.npmjs.org/oidc-token-hash cache-miss
574 silly fetch manifest pretty-format@^3.8.0
575 silly packumentCache full:https://registry.npmjs.org/pretty-format cache-miss
576 http cache https://registry.npmjs.org/jose 17ms (cache hit)
577 silly packumentCache full:https://registry.npmjs.org/jose set size:1390941 disposed:false
578 http cache https://registry.npmjs.org/pretty-format 53ms (cache hit)
579 silly packumentCache full:https://registry.npmjs.org/pretty-format set size:591748 disposed:false
580 http cache https://registry.npmjs.org/oidc-token-hash 61ms (cache hit)
581 silly packumentCache full:https://registry.npmjs.org/oidc-token-hash set size:37230 disposed:false
582 http cache https://registry.npmjs.org/object-hash 63ms (cache hit)
583 silly packumentCache full:https://registry.npmjs.org/object-hash set size:100564 disposed:false
584 silly placeDep node_modules/openid-client jose@4.15.9 OK for: openid-client@5.7.1 want: ^4.15.9
585 silly placeDep node_modules/openid-client lru-cache@6.0.0 OK for: openid-client@5.7.1 want: ^6.0.0
586 silly placeDep node_modules/openid-client object-hash@2.2.0 OK for: openid-client@5.7.1 want: ^2.2.0
587 silly placeDep ROOT oidc-token-hash@5.2.0 OK for: openid-client@5.7.1 want: ^5.0.3
588 silly placeDep ROOT pretty-format@3.8.0 OK for: preact-render-to-string@5.2.6 want: ^3.8.0
589 silly placeDep ROOT memory-pager@1.5.0 OK for: sparse-bitfield@3.0.3 want: ^1.0.2
590 silly placeDep ROOT http-proxy-agent@5.0.0 OK for: teeny-request@9.0.0 want: ^5.0.0
591 silly placeDep node_modules/teeny-request https-proxy-agent@5.0.1 OK for: teeny-request@9.0.0 want: ^5.0.0
592 silly placeDep ROOT stream-events@1.0.5 OK for: teeny-request@9.0.0 want: ^1.0.5
593 silly placeDep node_modules/teeny-request uuid@9.0.1 OK for: teeny-request@9.0.0 want: ^9.0.0
594 silly fetch manifest @tootallnate/once@2
595 silly packumentCache full:https://registry.npmjs.org/@tootallnate%2fonce cache-miss
596 silly fetch manifest agent-base@6
597 silly packumentCache full:https://registry.npmjs.org/agent-base cache-hit
598 silly fetch manifest agent-base@6
599 silly packumentCache full:https://registry.npmjs.org/agent-base cache-hit
600 silly fetch manifest stubs@^3.0.0
601 silly packumentCache full:https://registry.npmjs.org/stubs cache-miss
602 http cache https://registry.npmjs.org/@tootallnate%2fonce 8ms (cache hit)
603 silly packumentCache full:https://registry.npmjs.org/@tootallnate%2fonce set size:19864 disposed:false
604 http cache https://registry.npmjs.org/stubs 8ms (cache hit)
605 silly packumentCache full:https://registry.npmjs.org/stubs set size:9388 disposed:false
606 silly placeDep ROOT @tootallnate/once@2.0.0 OK for: http-proxy-agent@5.0.0 want: 2
607 silly placeDep node_modules/http-proxy-agent agent-base@6.0.2 OK for: http-proxy-agent@5.0.0 want: 6
608 silly placeDep ROOT stubs@3.0.0 OK for: stream-events@1.0.5 want: ^3.0.0
609 silly placeDep ROOT @types/mime@1.3.5 OK for: @types/send@0.17.6 want: ^1
610 silly placeDep node_modules/gcp-metadata https-proxy-agent@5.0.1 OK for: gaxios@5.1.3 want: ^5.0.0
611 silly placeDep node_modules/gcp-metadata agent-base@6.0.2 OK for: https-proxy-agent@5.0.1 want: 6
612 silly placeDep ROOT google-logging-utils@0.0.2 OK for: gcp-metadata@6.1.1 want: ^0.0.2
613 silly placeDep node_modules/google-gax/node_modules/@grpc/grpc-js @grpc/proto-loader@0.8.0 OK for: @grpc/grpc-js@1.14.3 want: ^0.8.0
614 silly placeDep ROOT @js-sdsl/ordered-map@4.4.2 OK for: @grpc/grpc-js@1.14.3 want: ^4.4.2
615 silly placeDep ROOT yallist@4.0.0 OK for: lru-cache@6.0.0 want: ^4.0.0
616 silly placeDep node_modules/mongodb-connection-string-url tr46@5.1.1 OK for: whatwg-url@14.2.0 want: ^5.1.0
617 silly placeDep node_modules/mongodb-connection-string-url webidl-conversions@7.0.0 OK for: whatwg-url@14.2.0 want: ^7.0.0
618 silly placeDep node_modules/teeny-request agent-base@6.0.2 OK for: https-proxy-agent@5.0.1 want: 6
619 silly reify moves {}
620 http cache yallist@https://registry.npmjs.org/yallist/-/yallist-4.0.0.tgz 0ms (cache hit)
621 http cache @js-sdsl/ordered-map@https://registry.npmjs.org/@js-sdsl/ordered-map/-/ordered-map-4.4.2.tgz 0ms (cache hit)
622 http cache @types/mime@https://registry.npmjs.org/@types/mime/-/mime-1.3.5.tgz 0ms (cache hit)
623 http cache google-logging-utils@https://registry.npmjs.org/google-logging-utils/-/google-logging-utils-0.0.2.tgz 0ms (cache hit)
624 http cache stubs@https://registry.npmjs.org/stubs/-/stubs-3.0.0.tgz 0ms (cache hit)
625 http cache stream-events@https://registry.npmjs.org/stream-events/-/stream-events-1.0.5.tgz 0ms (cache hit)
626 http cache @tootallnate/once@https://registry.npmjs.org/@tootallnate/once/-/once-2.0.0.tgz 0ms (cache hit)
627 http cache memory-pager@https://registry.npmjs.org/memory-pager/-/memory-pager-1.5.0.tgz 0ms (cache hit)
628 http cache oidc-token-hash@https://registry.npmjs.org/oidc-token-hash/-/oidc-token-hash-5.2.0.tgz 0ms (cache hit)
629 http cache pretty-format@https://registry.npmjs.org/pretty-format/-/pretty-format-3.8.0.tgz 0ms (cache hit)
630 http cache http-proxy-agent@https://registry.npmjs.org/http-proxy-agent/-/http-proxy-agent-5.0.0.tgz 0ms (cache hit)
631 http cache preact@https://registry.npmjs.org/preact/-/preact-10.28.2.tgz 0ms (cache hit)
632 http cache oauth@https://registry.npmjs.org/oauth/-/oauth-0.9.15.tgz 0ms (cache hit)
633 http cache preact-render-to-string@https://registry.npmjs.org/preact-render-to-string/-/preact-render-to-string-5.2.6.tgz 0ms (cache hit)
634 http cache openid-client@https://registry.npmjs.org/openid-client/-/openid-client-5.7.1.tgz 0ms (cache hit)
635 http cache cookie@https://registry.npmjs.org/cookie/-/cookie-0.7.2.tgz 0ms (cache hit)
636 http cache @panva/hkdf@https://registry.npmjs.org/@panva/hkdf/-/hkdf-1.2.1.tgz 0ms (cache hit)
637 http cache @types/webidl-conversions@https://registry.npmjs.org/@types/webidl-conversions/-/webidl-conversions-7.0.3.tgz 0ms (cache hit)
638 http cache @types/whatwg-url@https://registry.npmjs.org/@types/whatwg-url/-/whatwg-url-11.0.5.tgz 0ms (cache hit)
639 http cache sparse-bitfield@https://registry.npmjs.org/sparse-bitfield/-/sparse-bitfield-3.0.3.tgz 0ms (cache hit)
640 http cache mongodb-connection-string-url@https://registry.npmjs.org/mongodb-connection-string-url/-/mongodb-connection-string-url-3.0.2.tgz 0ms (cache hit)
641 http cache lodash.clonedeep@https://registry.npmjs.org/lodash.clonedeep/-/lodash.clonedeep-4.5.0.tgz 0ms (cache hit)
642 http cache bson@https://registry.npmjs.org/bson/-/bson-6.10.4.tgz 0ms (cache hit)
643 http cache @mongodb-js/saslprep@https://registry.npmjs.org/@mongodb-js/saslprep/-/saslprep-1.4.4.tgz 0ms (cache hit)
644 http cache buffer-equal-constant-time@https://registry.npmjs.org/buffer-equal-constant-time/-/buffer-equal-constant-time-1.0.1.tgz 0ms (cache hit)
645 http cache jwa@https://registry.npmjs.org/jwa/-/jwa-2.0.1.tgz 0ms (cache hit)
646 http cache @types/send@https://registry.npmjs.org/@types/send/-/send-1.2.1.tgz 0ms (cache hit)
647 http cache @types/range-parser@https://registry.npmjs.org/@types/range-parser/-/range-parser-1.2.7.tgz 0ms (cache hit)
648 http cache @types/http-errors@https://registry.npmjs.org/@types/http-errors/-/http-errors-2.0.5.tgz 0ms (cache hit)
649 http cache @types/connect@https://registry.npmjs.org/@types/connect/-/connect-3.4.38.tgz 0ms (cache hit)
650 http cache @types/serve-static@https://registry.npmjs.org/@types/serve-static/-/serve-static-1.15.10.tgz 0ms (cache hit)
651 http cache @types/express-serve-static-core@https://registry.npmjs.org/@types/express-serve-static-core/-/express-serve-static-core-4.19.8.tgz 0ms (cache hit)
652 http cache @types/qs@https://registry.npmjs.org/@types/qs/-/qs-6.14.0.tgz 0ms (cache hit)
653 http cache @types/body-parser@https://registry.npmjs.org/@types/body-parser/-/body-parser-1.19.6.tgz 0ms (cache hit)
654 http cache limiter@https://registry.npmjs.org/limiter/-/limiter-1.1.5.tgz 0ms (cache hit)
655 http cache lru-memoizer@https://registry.npmjs.org/lru-memoizer/-/lru-memoizer-2.3.0.tgz 0ms (cache hit)
656 http cache @types/jsonwebtoken@https://registry.npmjs.org/@types/jsonwebtoken/-/jsonwebtoken-9.0.10.tgz 0ms (cache hit)
657 http cache lodash.once@https://registry.npmjs.org/lodash.once/-/lodash.once-4.1.1.tgz 0ms (cache hit)
658 http cache lodash.isstring@https://registry.npmjs.org/lodash.isstring/-/lodash.isstring-4.0.1.tgz 0ms (cache hit)
659 http cache lodash.isplainobject@https://registry.npmjs.org/lodash.isplainobject/-/lodash.isplainobject-4.0.6.tgz 0ms (cache hit)
660 http cache @types/express@https://registry.npmjs.org/@types/express/-/express-4.17.25.tgz 0ms (cache hit)
661 http cache lodash.isinteger@https://registry.npmjs.org/lodash.isinteger/-/lodash.isinteger-4.0.4.tgz 0ms (cache hit)
662 http cache lodash.isnumber@https://registry.npmjs.org/lodash.isnumber/-/lodash.isnumber-3.0.3.tgz 0ms (cache hit)
663 http cache lodash.includes@https://registry.npmjs.org/lodash.includes/-/lodash.includes-4.3.0.tgz 0ms (cache hit)
664 http cache lodash.isboolean@https://registry.npmjs.org/lodash.isboolean/-/lodash.isboolean-3.0.3.tgz 0ms (cache hit)
665 http cache agent-base@https://registry.npmjs.org/agent-base/-/agent-base-7.1.4.tgz 0ms (cache hit)
666 http cache bignumber.js@https://registry.npmjs.org/bignumber.js/-/bignumber.js-9.3.1.tgz 0ms (cache hit)
667 http cache proto3-json-serializer@https://registry.npmjs.org/proto3-json-serializer/-/proto3-json-serializer-2.0.2.tgz 0ms (cache hit)
668 http cache json-bigint@https://registry.npmjs.org/json-bigint/-/json-bigint-1.0.0.tgz 0ms (cache hit)
669 http cache @types/long@https://registry.npmjs.org/@types/long/-/long-4.0.2.tgz 0ms (cache hit)
670 http cache jws@https://registry.npmjs.org/jws/-/jws-4.0.1.tgz 0ms (cache hit)
671 http cache gtoken@https://registry.npmjs.org/gtoken/-/gtoken-7.1.0.tgz 0ms (cache hit)
672 http cache is-stream@https://registry.npmjs.org/is-stream/-/is-stream-2.0.1.tgz 0ms (cache hit)
673 http cache ecdsa-sig-formatter@https://registry.npmjs.org/ecdsa-sig-formatter/-/ecdsa-sig-formatter-1.0.11.tgz 0ms (cache hit)
674 http cache stream-shift@https://registry.npmjs.org/stream-shift/-/stream-shift-1.0.3.tgz 0ms (cache hit)
675 http cache retry@https://registry.npmjs.org/retry/-/retry-0.13.1.tgz 0ms (cache hit)
676 http cache event-target-shim@https://registry.npmjs.org/event-target-shim/-/event-target-shim-5.0.1.tgz 0ms (cache hit)
677 http cache https-proxy-agent@https://registry.npmjs.org/https-proxy-agent/-/https-proxy-agent-7.0.6.tgz 0ms (cache hit)
678 http cache arrify@https://registry.npmjs.org/arrify/-/arrify-2.0.1.tgz 0ms (cache hit)
679 http cache teeny-request@https://registry.npmjs.org/teeny-request/-/teeny-request-9.0.0.tgz 0ms (cache hit)
680 http cache retry-request@https://registry.npmjs.org/retry-request/-/retry-request-7.0.2.tgz 0ms (cache hit)
681 http cache html-entities@https://registry.npmjs.org/html-entities/-/html-entities-2.6.0.tgz 0ms (cache hit)
682 http cache gaxios@https://registry.npmjs.org/gaxios/-/gaxios-6.7.1.tgz 0ms (cache hit)
683 http cache duplexify@https://registry.npmjs.org/duplexify/-/duplexify-4.1.3.tgz 0ms (cache hit)
684 http cache google-auth-library@https://registry.npmjs.org/google-auth-library/-/google-auth-library-9.15.1.tgz 0ms (cache hit)
685 http cache async-retry@https://registry.npmjs.org/async-retry/-/async-retry-1.3.3.tgz 0ms (cache hit)
686 http cache abort-controller@https://registry.npmjs.org/abort-controller/-/abort-controller-3.0.0.tgz 0ms (cache hit)
687 http cache @google-cloud/promisify@https://registry.npmjs.org/@google-cloud/promisify/-/promisify-4.0.0.tgz 0ms (cache hit)
688 http cache @google-cloud/projectify@https://registry.npmjs.org/@google-cloud/projectify/-/projectify-4.0.0.tgz 0ms (cache hit)
689 http cache functional-red-black-tree@https://registry.npmjs.org/functional-red-black-tree/-/functional-red-black-tree-1.0.1.tgz 0ms (cache hit)
690 http cache @google-cloud/paginator@https://registry.npmjs.org/@google-cloud/paginator/-/paginator-5.0.2.tgz 0ms (cache hit)
691 http cache google-gax@https://registry.npmjs.org/google-gax/-/google-gax-4.6.1.tgz 0ms (cache hit)
692 http cache node-forge@https://registry.npmjs.org/node-forge/-/node-forge-1.3.3.tgz 0ms (cache hit)
693 http cache @opentelemetry/api@https://registry.npmjs.org/@opentelemetry/api/-/api-1.9.0.tgz 0ms (cache hit)
694 http cache farmhash-modern@https://registry.npmjs.org/farmhash-modern/-/farmhash-modern-1.1.0.tgz 0ms (cache hit)
695 http cache jsonwebtoken@https://registry.npmjs.org/jsonwebtoken/-/jsonwebtoken-9.0.3.tgz 0ms (cache hit)
696 http cache jwks-rsa@https://registry.npmjs.org/jwks-rsa/-/jwks-rsa-3.2.0.tgz 1ms (cache hit)
697 http cache nodemailer@https://registry.npmjs.org/nodemailer/-/nodemailer-7.0.12.tgz 0ms (cache hit)
698 http cache @google-cloud/firestore@https://registry.npmjs.org/@google-cloud/firestore/-/firestore-7.11.6.tgz 0ms (cache hit)
699 http cache @google-cloud/storage@https://registry.npmjs.org/@google-cloud/storage/-/storage-7.18.0.tgz 0ms (cache hit)
700 http cache @fastify/busboy@https://registry.npmjs.org/@fastify/busboy/-/busboy-3.2.0.tgz 0ms (cache hit)
701 http cache next-auth@https://registry.npmjs.org/next-auth/-/next-auth-4.24.13.tgz 0ms (cache hit)
702 http cache mongodb@https://registry.npmjs.org/mongodb/-/mongodb-6.21.0.tgz 0ms (cache hit)
703 http cache zwitch@https://registry.npmjs.org/zwitch/-/zwitch-2.0.4.tgz 0ms (cache hit)
704 http cache firebase-admin@https://registry.npmjs.org/firebase-admin/-/firebase-admin-12.7.0.tgz 0ms (cache hit)
705 http cache bcryptjs@https://registry.npmjs.org/bcryptjs/-/bcryptjs-2.4.3.tgz 0ms (cache hit)
706 http cache yoga-layout@https://registry.npmjs.org/yoga-layout/-/yoga-layout-2.0.1.tgz 0ms (cache hit)
707 http cache zod@https://registry.npmjs.org/zod/-/zod-3.25.76.tgz 0ms (cache hit)
708 http cache yargs-parser@https://registry.npmjs.org/yargs-parser/-/yargs-parser-21.1.1.tgz 0ms (cache hit)
709 http cache yocto-queue@https://registry.npmjs.org/yocto-queue/-/yocto-queue-0.1.0.tgz 0ms (cache hit)
710 http cache yargs@https://registry.npmjs.org/yargs/-/yargs-17.7.2.tgz 0ms (cache hit)
711 http cache y18n@https://registry.npmjs.org/y18n/-/y18n-5.0.8.tgz 0ms (cache hit)
712 http cache xml@https://registry.npmjs.org/xml/-/xml-1.0.1.tgz 0ms (cache hit)
713 http cache yaml@https://registry.npmjs.org/yaml/-/yaml-2.8.1.tgz 0ms (cache hit)
714 http cache xml-js@https://registry.npmjs.org/xml-js/-/xml-js-1.6.11.tgz 0ms (cache hit)
715 http cache wrappy@https://registry.npmjs.org/wrappy/-/wrappy-1.0.2.tgz 0ms (cache hit)
716 http cache xlsx@https://registry.npmjs.org/xlsx/-/xlsx-0.18.5.tgz 0ms (cache hit)
717 http cache wrap-ansi-cjs@https://registry.npmjs.org/wrap-ansi/-/wrap-ansi-7.0.0.tgz 0ms (cache hit)
718 http cache word-wrap@https://registry.npmjs.org/word-wrap/-/word-wrap-1.2.5.tgz 0ms (cache hit)
719 http cache wrap-ansi@https://registry.npmjs.org/wrap-ansi/-/wrap-ansi-8.1.0.tgz 0ms (cache hit)
720 http cache word@https://registry.npmjs.org/word/-/word-0.3.0.tgz 0ms (cache hit)
721 http cache which-typed-array@https://registry.npmjs.org/which-typed-array/-/which-typed-array-1.1.19.tgz 0ms (cache hit)
722 http cache wmf@https://registry.npmjs.org/wmf/-/wmf-1.0.2.tgz 0ms (cache hit)
723 http cache which-builtin-type@https://registry.npmjs.org/which-builtin-type/-/which-builtin-type-1.2.1.tgz 0ms (cache hit)
724 http cache which-collection@https://registry.npmjs.org/which-collection/-/which-collection-1.0.2.tgz 0ms (cache hit)
725 http cache whatwg-url@https://registry.npmjs.org/whatwg-url/-/whatwg-url-5.0.0.tgz 0ms (cache hit)
726 http cache which@https://registry.npmjs.org/which/-/which-2.0.2.tgz 0ms (cache hit)
727 http cache which-boxed-primitive@https://registry.npmjs.org/which-boxed-primitive/-/which-boxed-primitive-1.1.1.tgz 0ms (cache hit)
728 http cache websocket-driver@https://registry.npmjs.org/websocket-driver/-/websocket-driver-0.7.4.tgz 0ms (cache hit)
729 http cache websocket-extensions@https://registry.npmjs.org/websocket-extensions/-/websocket-extensions-0.1.4.tgz 0ms (cache hit)
730 http cache webidl-conversions@https://registry.npmjs.org/webidl-conversions/-/webidl-conversions-3.0.1.tgz 0ms (cache hit)
731 http cache webpack-sources@https://registry.npmjs.org/webpack-sources/-/webpack-sources-3.3.3.tgz 0ms (cache hit)
732 http cache webpack@https://registry.npmjs.org/webpack/-/webpack-5.102.1.tgz 0ms (cache hit)
733 http cache warning@https://registry.npmjs.org/warning/-/warning-4.0.3.tgz 0ms (cache hit)
734 http cache watchpack@https://registry.npmjs.org/watchpack/-/watchpack-2.4.4.tgz 0ms (cache hit)
735 http cache victory-vendor@https://registry.npmjs.org/victory-vendor/-/victory-vendor-36.9.2.tgz 0ms (cache hit)
736 http cache vite-compatible-readable-stream@https://registry.npmjs.org/vite-compatible-readable-stream/-/vite-compatible-readable-stream-3.6.1.tgz 0ms (cache hit)
737 http cache vfile-message@https://registry.npmjs.org/vfile-message/-/vfile-message-4.0.3.tgz 0ms (cache hit)
738 http cache vfile@https://registry.npmjs.org/vfile/-/vfile-6.0.3.tgz 0ms (cache hit)
739 http cache verror@https://registry.npmjs.org/verror/-/verror-1.10.0.tgz 0ms (cache hit)
740 http cache util-deprecate@https://registry.npmjs.org/util-deprecate/-/util-deprecate-1.0.2.tgz 0ms (cache hit)
741 http cache valibot@https://registry.npmjs.org/valibot/-/valibot-1.0.0-beta.14.tgz 0ms (cache hit)
742 http cache uuid@https://registry.npmjs.org/uuid/-/uuid-10.0.0.tgz 0ms (cache hit)
743 http cache use-sync-external-store@https://registry.npmjs.org/use-sync-external-store/-/use-sync-external-store-1.6.0.tgz 0ms (cache hit)
744 http cache use-callback-ref@https://registry.npmjs.org/use-callback-ref/-/use-callback-ref-1.3.3.tgz 0ms (cache hit)
745 http cache unrs-resolver@https://registry.npmjs.org/unrs-resolver/-/unrs-resolver-1.11.1.tgz 0ms (cache hit)
746 http cache use-sidecar@https://registry.npmjs.org/use-sidecar/-/use-sidecar-1.1.3.tgz 0ms (cache hit)
747 http cache uri-js@https://registry.npmjs.org/uri-js/-/uri-js-4.4.1.tgz 0ms (cache hit)
748 http cache url-parse@https://registry.npmjs.org/url-parse/-/url-parse-1.5.10.tgz 0ms (cache hit)
749 http cache update-browserslist-db@https://registry.npmjs.org/update-browserslist-db/-/update-browserslist-db-1.1.3.tgz 0ms (cache hit)
750 http cache universalify@https://registry.npmjs.org/universalify/-/universalify-2.0.1.tgz 0ms (cache hit)
751 http cache unist-util-visit-parents@https://registry.npmjs.org/unist-util-visit-parents/-/unist-util-visit-parents-6.0.2.tgz 0ms (cache hit)
752 http cache unist-util-visit@https://registry.npmjs.org/unist-util-visit/-/unist-util-visit-5.0.0.tgz 0ms (cache hit)
753 http cache unist-util-position@https://registry.npmjs.org/unist-util-position/-/unist-util-position-5.0.0.tgz 0ms (cache hit)
754 http cache unist-util-is@https://registry.npmjs.org/unist-util-is/-/unist-util-is-6.0.1.tgz 0ms (cache hit)
755 http cache unicode-trie@https://registry.npmjs.org/unicode-trie/-/unicode-trie-2.0.0.tgz 0ms (cache hit)
756 http cache unicode-properties@https://registry.npmjs.org/unicode-properties/-/unicode-properties-1.4.1.tgz 0ms (cache hit)
757 http cache unist-util-stringify-position@https://registry.npmjs.org/unist-util-stringify-position/-/unist-util-stringify-position-4.0.0.tgz 0ms (cache hit)
758 http cache undici-types@https://registry.npmjs.org/undici-types/-/undici-types-6.21.0.tgz 0ms (cache hit)
759 http cache unified@https://registry.npmjs.org/unified/-/unified-11.0.5.tgz 0ms (cache hit)
760 http cache typescript@https://registry.npmjs.org/typescript/-/typescript-5.9.3.tgz 0ms (cache hit)
761 http cache unbox-primitive@https://registry.npmjs.org/unbox-primitive/-/unbox-primitive-1.1.0.tgz 0ms (cache hit)
762 http cache typed-array-byte-offset@https://registry.npmjs.org/typed-array-byte-offset/-/typed-array-byte-offset-1.0.4.tgz 0ms (cache hit)
763 http cache typed-array-buffer@https://registry.npmjs.org/typed-array-buffer/-/typed-array-buffer-1.0.3.tgz 0ms (cache hit)
764 http cache typed-array-length@https://registry.npmjs.org/typed-array-length/-/typed-array-length-1.0.7.tgz 0ms (cache hit)
765 http cache type-fest@https://registry.npmjs.org/type-fest/-/type-fest-0.20.2.tgz 0ms (cache hit)
766 http cache type-check@https://registry.npmjs.org/type-check/-/type-check-0.4.0.tgz 0ms (cache hit)
767 http cache typed-array-byte-length@https://registry.npmjs.org/typed-array-byte-length/-/typed-array-byte-length-1.0.3.tgz 0ms (cache hit)
768 http cache tslib@https://registry.npmjs.org/tslib/-/tslib-2.8.1.tgz 0ms (cache hit)
769 http cache tweetnacl@https://registry.npmjs.org/tweetnacl/-/tweetnacl-0.14.5.tgz 0ms (cache hit)
770 http cache tsconfig-paths@https://registry.npmjs.org/tsconfig-paths/-/tsconfig-paths-3.15.0.tgz 0ms (cache hit)
771 http cache tunnel-agent@https://registry.npmjs.org/tunnel-agent/-/tunnel-agent-0.6.0.tgz 0ms (cache hit)
772 http cache ts-api-utils@https://registry.npmjs.org/ts-api-utils/-/ts-api-utils-1.4.3.tgz 1ms (cache hit)
773 http cache ts-interface-checker@https://registry.npmjs.org/ts-interface-checker/-/ts-interface-checker-0.1.13.tgz 0ms (cache hit)
774 http cache trim-lines@https://registry.npmjs.org/trim-lines/-/trim-lines-3.0.1.tgz 0ms (cache hit)
775 http cache trough@https://registry.npmjs.org/trough/-/trough-2.2.0.tgz 0ms (cache hit)
776 http cache tr46@https://registry.npmjs.org/tr46/-/tr46-0.0.3.tgz 0ms (cache hit)
777 http cache tough-cookie@https://registry.npmjs.org/tough-cookie/-/tough-cookie-5.1.2.tgz 0ms (cache hit)
778 http cache to-regex-range@https://registry.npmjs.org/to-regex-range/-/to-regex-range-5.0.1.tgz 0ms (cache hit)
779 http cache tldts-core@https://registry.npmjs.org/tldts-core/-/tldts-core-6.1.86.tgz 0ms (cache hit)
780 http cache tmp@https://registry.npmjs.org/tmp/-/tmp-0.2.5.tgz 0ms (cache hit)
781 http cache tiny-invariant@https://registry.npmjs.org/tiny-invariant/-/tiny-invariant-1.3.3.tgz 0ms (cache hit)
782 http cache tiny-inflate@https://registry.npmjs.org/tiny-inflate/-/tiny-inflate-1.0.3.tgz 0ms (cache hit)
783 http cache thenify@https://registry.npmjs.org/thenify/-/thenify-3.3.1.tgz 0ms (cache hit)
784 http cache thenify-all@https://registry.npmjs.org/thenify-all/-/thenify-all-1.6.0.tgz 0ms (cache hit)
785 http cache tinyglobby@https://registry.npmjs.org/tinyglobby/-/tinyglobby-0.2.15.tgz 0ms (cache hit)
786 http cache terser@https://registry.npmjs.org/terser/-/terser-5.44.0.tgz 0ms (cache hit)
787 http cache text-table@https://registry.npmjs.org/text-table/-/text-table-0.2.0.tgz 0ms (cache hit)
788 http cache tapable@https://registry.npmjs.org/tapable/-/tapable-2.3.0.tgz 0ms (cache hit)
789 http cache terser-webpack-plugin@https://registry.npmjs.org/terser-webpack-plugin/-/terser-webpack-plugin-5.3.14.tgz 0ms (cache hit)
790 http cache tailwindcss-animate@https://registry.npmjs.org/tailwindcss-animate/-/tailwindcss-animate-1.0.7.tgz 0ms (cache hit)
791 http cache tailwind-merge@https://registry.npmjs.org/tailwind-merge/-/tailwind-merge-3.3.1.tgz 0ms (cache hit)
792 http cache supports-preserve-symlinks-flag@https://registry.npmjs.org/supports-preserve-symlinks-flag/-/supports-preserve-symlinks-flag-1.0.0.tgz 0ms (cache hit)
793 http cache tailwindcss@https://registry.npmjs.org/tailwindcss/-/tailwindcss-3.4.18.tgz 0ms (cache hit)
794 http cache sucrase@https://registry.npmjs.org/sucrase/-/sucrase-3.35.0.tgz 0ms (cache hit)
795 http cache svg-arc-to-cubic-bezier@https://registry.npmjs.org/svg-arc-to-cubic-bezier/-/svg-arc-to-cubic-bezier-3.2.0.tgz 0ms (cache hit)
796 http cache supports-color@https://registry.npmjs.org/supports-color/-/supports-color-7.2.0.tgz 0ms (cache hit)
797 http cache style-to-object@https://registry.npmjs.org/style-to-object/-/style-to-object-1.0.11.tgz 0ms (cache hit)
798 http cache tldts@https://registry.npmjs.org/tldts/-/tldts-6.1.86.tgz 0ms (cache hit)
799 http cache styled-jsx@https://registry.npmjs.org/styled-jsx/-/styled-jsx-5.1.1.tgz 0ms (cache hit)
800 http cache strip-json-comments@https://registry.npmjs.org/strip-json-comments/-/strip-json-comments-3.1.1.tgz 0ms (cache hit)
801 http cache style-to-js@https://registry.npmjs.org/style-to-js/-/style-to-js-1.1.18.tgz 0ms (cache hit)
802 http cache strnum@https://registry.npmjs.org/strnum/-/strnum-1.1.2.tgz 0ms (cache hit)
803 http cache strip-bom@https://registry.npmjs.org/strip-bom/-/strip-bom-3.0.0.tgz 0ms (cache hit)
804 http cache strip-ansi@https://registry.npmjs.org/strip-ansi/-/strip-ansi-6.0.1.tgz 0ms (cache hit)
805 http cache string.prototype.trimstart@https://registry.npmjs.org/string.prototype.trimstart/-/string.prototype.trimstart-1.0.8.tgz 0ms (cache hit)
806 http cache strip-ansi-cjs@https://registry.npmjs.org/strip-ansi/-/strip-ansi-6.0.1.tgz 0ms (cache hit)
807 http cache stringify-entities@https://registry.npmjs.org/stringify-entities/-/stringify-entities-4.0.4.tgz 0ms (cache hit)
808 http cache string.prototype.trimend@https://registry.npmjs.org/string.prototype.trimend/-/string.prototype.trimend-1.0.9.tgz 0ms (cache hit)
809 http cache string.prototype.repeat@https://registry.npmjs.org/string.prototype.repeat/-/string.prototype.repeat-1.0.0.tgz 0ms (cache hit)
810 http cache string.prototype.trim@https://registry.npmjs.org/string.prototype.trim/-/string.prototype.trim-1.2.10.tgz 0ms (cache hit)
811 http cache string.prototype.matchall@https://registry.npmjs.org/string.prototype.matchall/-/string.prototype.matchall-4.0.12.tgz 0ms (cache hit)
812 http cache string.prototype.includes@https://registry.npmjs.org/string.prototype.includes/-/string.prototype.includes-2.0.1.tgz 0ms (cache hit)
813 http cache string-width-cjs@https://registry.npmjs.org/string-width/-/string-width-4.2.3.tgz 0ms (cache hit)
814 http cache string_decoder@https://registry.npmjs.org/string_decoder/-/string_decoder-1.1.1.tgz 0ms (cache hit)
815 http cache string-width@https://registry.npmjs.org/string-width/-/string-width-5.1.2.tgz 0ms (cache hit)
816 http cache streamsearch@https://registry.npmjs.org/streamsearch/-/streamsearch-1.1.0.tgz 0ms (cache hit)
817 http cache stealthy-require@https://registry.npmjs.org/stealthy-require/-/stealthy-require-1.1.1.tgz 0ms (cache hit)
818 http cache stable-hash@https://registry.npmjs.org/stable-hash/-/stable-hash-0.0.5.tgz 0ms (cache hit)
819 http cache stop-iteration-iterator@https://registry.npmjs.org/stop-iteration-iterator/-/stop-iteration-iterator-1.1.0.tgz 0ms (cache hit)
820 http cache ssf@https://registry.npmjs.org/ssf/-/ssf-0.11.2.tgz 0ms (cache hit)
821 http cache sshpk@https://registry.npmjs.org/sshpk/-/sshpk-1.18.0.tgz 0ms (cache hit)
822 http cache space-separated-tokens@https://registry.npmjs.org/space-separated-tokens/-/space-separated-tokens-2.0.2.tgz 0ms (cache hit)
823 http cache source-map-support@https://registry.npmjs.org/source-map-support/-/source-map-support-0.5.21.tgz 0ms (cache hit)
824 http cache source-map-js@https://registry.npmjs.org/source-map-js/-/source-map-js-1.2.1.tgz 0ms (cache hit)
825 http cache slash@https://registry.npmjs.org/slash/-/slash-3.0.0.tgz 0ms (cache hit)
826 http cache source-map@https://registry.npmjs.org/source-map/-/source-map-0.6.1.tgz 0ms (cache hit)
827 http cache signal-exit@https://registry.npmjs.org/signal-exit/-/signal-exit-4.1.0.tgz 0ms (cache hit)
828 http cache simple-swizzle@https://registry.npmjs.org/simple-swizzle/-/simple-swizzle-0.2.4.tgz 0ms (cache hit)
829 http cache side-channel-weakmap@https://registry.npmjs.org/side-channel-weakmap/-/side-channel-weakmap-1.0.2.tgz 1ms (cache hit)
830 http cache side-channel-map@https://registry.npmjs.org/side-channel-map/-/side-channel-map-1.0.1.tgz 0ms (cache hit)
831 http cache side-channel-list@https://registry.npmjs.org/side-channel-list/-/side-channel-list-1.0.0.tgz 0ms (cache hit)
832 http cache shebang-regex@https://registry.npmjs.org/shebang-regex/-/shebang-regex-3.0.0.tgz 0ms (cache hit)
833 http cache side-channel@https://registry.npmjs.org/side-channel/-/side-channel-1.1.0.tgz 0ms (cache hit)
834 http cache setimmediate@https://registry.npmjs.org/setimmediate/-/setimmediate-1.0.5.tgz 0ms (cache hit)
835 http cache shebang-command@https://registry.npmjs.org/shebang-command/-/shebang-command-2.0.0.tgz 0ms (cache hit)
836 http cache set-proto@https://registry.npmjs.org/set-proto/-/set-proto-1.0.0.tgz 0ms (cache hit)
837 http cache set-function-length@https://registry.npmjs.org/set-function-length/-/set-function-length-1.2.2.tgz 0ms (cache hit)
838 http cache set-function-name@https://registry.npmjs.org/set-function-name/-/set-function-name-2.0.2.tgz 1ms (cache hit)
839 http cache semver@https://registry.npmjs.org/semver/-/semver-7.7.3.tgz 0ms (cache hit)
840 http cache serialize-javascript@https://registry.npmjs.org/serialize-javascript/-/serialize-javascript-6.0.2.tgz 1ms (cache hit)
841 http cache schema-utils@https://registry.npmjs.org/schema-utils/-/schema-utils-3.3.0.tgz 0ms (cache hit)
842 http cache sax@https://registry.npmjs.org/sax/-/sax-1.4.1.tgz 0ms (cache hit)
843 http cache scheduler@https://registry.npmjs.org/scheduler/-/scheduler-0.17.0.tgz 0ms (cache hit)
844 http cache safe-push-apply@https://registry.npmjs.org/safe-push-apply/-/safe-push-apply-1.0.0.tgz 0ms (cache hit)
845 http cache safe-regex-test@https://registry.npmjs.org/safe-regex-test/-/safe-regex-test-1.1.0.tgz 0ms (cache hit)
846 http cache safe-array-concat@https://registry.npmjs.org/safe-array-concat/-/safe-array-concat-1.1.3.tgz 0ms (cache hit)
847 http cache safer-buffer@https://registry.npmjs.org/safer-buffer/-/safer-buffer-2.1.2.tgz 0ms (cache hit)
848 http cache safe-buffer@https://registry.npmjs.org/safe-buffer/-/safe-buffer-5.2.1.tgz 0ms (cache hit)
849 http cache run-parallel@https://registry.npmjs.org/run-parallel/-/run-parallel-1.2.0.tgz 0ms (cache hit)
850 http cache rimraf@https://registry.npmjs.org/rimraf/-/rimraf-3.0.2.tgz 0ms (cache hit)
851 http cache reusify@https://registry.npmjs.org/reusify/-/reusify-1.1.0.tgz 0ms (cache hit)
852 http cache resolve-from@https://registry.npmjs.org/resolve-from/-/resolve-from-4.0.0.tgz 0ms (cache hit)
853 http cache restructure@https://registry.npmjs.org/restructure/-/restructure-3.0.2.tgz 0ms (cache hit)
854 http cache resolve-pkg-maps@https://registry.npmjs.org/resolve-pkg-maps/-/resolve-pkg-maps-1.0.0.tgz 0ms (cache hit)
855 http cache resolve@https://registry.npmjs.org/resolve/-/resolve-1.22.11.tgz 0ms (cache hit)
856 http cache requires-port@https://registry.npmjs.org/requires-port/-/requires-port-1.0.0.tgz 0ms (cache hit)
857 http cache request-promise-core@https://registry.npmjs.org/request-promise-core/-/request-promise-core-1.1.3.tgz 0ms (cache hit)
858 http cache require-from-string@https://registry.npmjs.org/require-from-string/-/require-from-string-2.0.2.tgz 0ms (cache hit)
859 http cache require-directory@https://registry.npmjs.org/require-directory/-/require-directory-2.1.1.tgz 0ms (cache hit)
860 http cache request@https://registry.npmjs.org/request/-/request-2.88.2.tgz 0ms (cache hit)
861 http cache remark-stringify@https://registry.npmjs.org/remark-stringify/-/remark-stringify-11.0.0.tgz 0ms (cache hit)
862 http cache remark-gfm@https://registry.npmjs.org/remark-gfm/-/remark-gfm-4.0.1.tgz 0ms (cache hit)
863 http cache remark-parse@https://registry.npmjs.org/remark-parse/-/remark-parse-11.0.0.tgz 0ms (cache hit)
864 http cache remark-rehype@https://registry.npmjs.org/remark-rehype/-/remark-rehype-11.1.2.tgz 0ms (cache hit)
865 http cache regexp.prototype.flags@https://registry.npmjs.org/regexp.prototype.flags/-/regexp.prototype.flags-1.5.4.tgz 0ms (cache hit)
866 http cache recharts-scale@https://registry.npmjs.org/recharts-scale/-/recharts-scale-0.4.5.tgz 0ms (cache hit)
867 http cache readdirp@https://registry.npmjs.org/readdirp/-/readdirp-3.6.0.tgz 0ms (cache hit)
868 http cache reflect.getprototypeof@https://registry.npmjs.org/reflect.getprototypeof/-/reflect.getprototypeof-1.0.10.tgz 0ms (cache hit)
869 http cache recharts@https://registry.npmjs.org/recharts/-/recharts-2.15.4.tgz 0ms (cache hit)
870 http cache readable-stream@https://registry.npmjs.org/readable-stream/-/readable-stream-2.3.8.tgz 0ms (cache hit)
871 http cache react-transition-group@https://registry.npmjs.org/react-transition-group/-/react-transition-group-4.4.5.tgz 0ms (cache hit)
872 http cache read-cache@https://registry.npmjs.org/read-cache/-/read-cache-1.0.0.tgz 0ms (cache hit)
873 http cache react-style-singleton@https://registry.npmjs.org/react-style-singleton/-/react-style-singleton-2.2.3.tgz 0ms (cache hit)
874 http cache react-remove-scroll@https://registry.npmjs.org/react-remove-scroll/-/react-remove-scroll-2.7.1.tgz 0ms (cache hit)
875 http cache react-smooth@https://registry.npmjs.org/react-smooth/-/react-smooth-4.0.4.tgz 0ms (cache hit)
876 http cache react-is@https://registry.npmjs.org/react-is/-/react-is-16.13.1.tgz 0ms (cache hit)
877 http cache react-pdf@https://registry.npmjs.org/react-pdf/-/react-pdf-10.2.0.tgz 0ms (cache hit)
878 http cache react-markdown@https://registry.npmjs.org/react-markdown/-/react-markdown-9.1.0.tgz 0ms (cache hit)
879 http cache react-hook-form@https://registry.npmjs.org/react-hook-form/-/react-hook-form-7.65.0.tgz 0ms (cache hit)
880 http cache react-dom@https://registry.npmjs.org/react-dom/-/react-dom-18.3.1.tgz 0ms (cache hit)
881 http cache react-dropzone@https://registry.npmjs.org/react-dropzone/-/react-dropzone-14.3.8.tgz 0ms (cache hit)
882 http cache react-day-picker@https://registry.npmjs.org/react-day-picker/-/react-day-picker-8.10.1.tgz 0ms (cache hit)
883 http cache react@https://registry.npmjs.org/react/-/react-18.3.1.tgz 0ms (cache hit)
884 http cache queue-microtask@https://registry.npmjs.org/queue-microtask/-/queue-microtask-1.2.3.tgz 0ms (cache hit)
885 http cache randombytes@https://registry.npmjs.org/randombytes/-/randombytes-2.1.0.tgz 0ms (cache hit)
886 http cache queue@https://registry.npmjs.org/queue/-/queue-6.0.2.tgz 0ms (cache hit)
887 http cache qs@https://registry.npmjs.org/qs/-/qs-6.14.0.tgz 0ms (cache hit)
888 http cache querystringify@https://registry.npmjs.org/querystringify/-/querystringify-2.2.0.tgz 0ms (cache hit)
889 http cache punycode@https://registry.npmjs.org/punycode/-/punycode-2.3.1.tgz 0ms (cache hit)
890 http cache pump@https://registry.npmjs.org/pump/-/pump-2.0.1.tgz 0ms (cache hit)
891 http cache psl@https://registry.npmjs.org/psl/-/psl-1.15.0.tgz 0ms (cache hit)
892 http cache react-remove-scroll-bar@https://registry.npmjs.org/react-remove-scroll-bar/-/react-remove-scroll-bar-2.3.8.tgz 0ms (cache hit)
893 http cache protobufjs@https://registry.npmjs.org/protobufjs/-/protobufjs-7.5.4.tgz 0ms (cache hit)
894 http cache prop-types@https://registry.npmjs.org/prop-types/-/prop-types-15.8.1.tgz 0ms (cache hit)
895 http cache proxy-from-env@https://registry.npmjs.org/proxy-from-env/-/proxy-from-env-1.1.0.tgz 0ms (cache hit)
896 http cache process-nextick-args@https://registry.npmjs.org/process-nextick-args/-/process-nextick-args-2.0.1.tgz 0ms (cache hit)
897 http cache prelude-ls@https://registry.npmjs.org/prelude-ls/-/prelude-ls-1.2.1.tgz 0ms (cache hit)
898 http cache postcss-value-parser@https://registry.npmjs.org/postcss-value-parser/-/postcss-value-parser-4.2.0.tgz 0ms (cache hit)
899 http cache postcss-nested@https://registry.npmjs.org/postcss-nested/-/postcss-nested-6.2.0.tgz 0ms (cache hit)
900 http cache postcss-selector-parser@https://registry.npmjs.org/postcss-selector-parser/-/postcss-selector-parser-6.0.10.tgz 0ms (cache hit)
901 http cache postcss-js@https://registry.npmjs.org/postcss-js/-/postcss-js-4.1.0.tgz 0ms (cache hit)
902 http cache postcss-load-config@https://registry.npmjs.org/postcss-load-config/-/postcss-load-config-6.0.1.tgz 0ms (cache hit)
903 http cache postcss-import@https://registry.npmjs.org/postcss-import/-/postcss-import-15.1.0.tgz 0ms (cache hit)
904 http cache possible-typed-array-names@https://registry.npmjs.org/possible-typed-array-names/-/possible-typed-array-names-1.1.0.tgz 0ms (cache hit)
905 http cache postcss@https://registry.npmjs.org/postcss/-/postcss-8.5.6.tgz 0ms (cache hit)
906 http cache property-information@https://registry.npmjs.org/property-information/-/property-information-7.1.0.tgz 0ms (cache hit)
907 http cache pify@https://registry.npmjs.org/pify/-/pify-2.3.0.tgz 0ms (cache hit)
908 http cache pirates@https://registry.npmjs.org/pirates/-/pirates-4.0.7.tgz 0ms (cache hit)
909 http cache picocolors@https://registry.npmjs.org/picocolors/-/picocolors-1.1.1.tgz 0ms (cache hit)
910 http cache performance-now@https://registry.npmjs.org/performance-now/-/performance-now-2.1.0.tgz 0ms (cache hit)
911 http cache pdf-lib@https://registry.npmjs.org/pdf-lib/-/pdf-lib-1.17.1.tgz 0ms (cache hit)
912 http cache picomatch@https://registry.npmjs.org/picomatch/-/picomatch-2.3.1.tgz 0ms (cache hit)
913 http cache pdfjs-dist@https://registry.npmjs.org/pdfjs-dist/-/pdfjs-dist-5.4.296.tgz 0ms (cache hit)
914 http cache path-parse@https://registry.npmjs.org/path-parse/-/path-parse-1.0.7.tgz 0ms (cache hit)
915 http cache path-type@https://registry.npmjs.org/path-type/-/path-type-4.0.0.tgz 0ms (cache hit)
916 http cache path-key@https://registry.npmjs.org/path-key/-/path-key-3.1.1.tgz 0ms (cache hit)
917 http cache path-is-absolute@https://registry.npmjs.org/path-is-absolute/-/path-is-absolute-1.0.1.tgz 0ms (cache hit)
918 http cache path-exists@https://registry.npmjs.org/path-exists/-/path-exists-4.0.0.tgz 0ms (cache hit)
919 http cache path-scurry@https://registry.npmjs.org/path-scurry/-/path-scurry-1.11.1.tgz 0ms (cache hit)
920 http cache patch-package@https://registry.npmjs.org/patch-package/-/patch-package-8.0.1.tgz 0ms (cache hit)
921 http cache parse-entities@https://registry.npmjs.org/parse-entities/-/parse-entities-4.0.2.tgz 0ms (cache hit)
922 http cache parse-svg-path@https://registry.npmjs.org/parse-svg-path/-/parse-svg-path-0.1.2.tgz 0ms (cache hit)
923 http cache parent-module@https://registry.npmjs.org/parent-module/-/parent-module-1.0.1.tgz 0ms (cache hit)
924 http cache pako@https://registry.npmjs.org/pako/-/pako-1.0.11.tgz 0ms (cache hit)
925 http cache p-limit@https://registry.npmjs.org/p-limit/-/p-limit-3.1.0.tgz 0ms (cache hit)
926 http cache own-keys@https://registry.npmjs.org/own-keys/-/own-keys-1.0.1.tgz 0ms (cache hit)
927 http cache p-locate@https://registry.npmjs.org/p-locate/-/p-locate-5.0.0.tgz 0ms (cache hit)
928 http cache open@https://registry.npmjs.org/open/-/open-7.4.2.tgz 0ms (cache hit)
929 http cache optionator@https://registry.npmjs.org/optionator/-/optionator-0.9.4.tgz 0ms (cache hit)
930 http cache once@https://registry.npmjs.org/once/-/once-1.4.0.tgz 0ms (cache hit)
931 http cache object.groupby@https://registry.npmjs.org/object.groupby/-/object.groupby-1.0.3.tgz 0ms (cache hit)
932 http cache object.values@https://registry.npmjs.org/object.values/-/object.values-1.2.1.tgz 0ms (cache hit)
933 http cache object.entries@https://registry.npmjs.org/object.entries/-/object.entries-1.1.9.tgz 0ms (cache hit)
934 http cache object.fromentries@https://registry.npmjs.org/object.fromentries/-/object.fromentries-2.0.8.tgz 0ms (cache hit)
935 http cache object-keys@https://registry.npmjs.org/object-keys/-/object-keys-1.1.1.tgz 0ms (cache hit)
936 http cache object.assign@https://registry.npmjs.org/object.assign/-/object.assign-4.1.7.tgz 1ms (cache hit)
937 http cache object-inspect@https://registry.npmjs.org/object-inspect/-/object-inspect-1.13.4.tgz 0ms (cache hit)
938 http cache object-hash@https://registry.npmjs.org/object-hash/-/object-hash-3.0.0.tgz 0ms (cache hit)
939 http cache oauth-sign@https://registry.npmjs.org/oauth-sign/-/oauth-sign-0.9.0.tgz 0ms (cache hit)
940 http cache object-assign@https://registry.npmjs.org/object-assign/-/object-assign-4.1.1.tgz 0ms (cache hit)
941 http cache null-loader@https://registry.npmjs.org/null-loader/-/null-loader-4.0.1.tgz 0ms (cache hit)
942 http cache normalize-path@https://registry.npmjs.org/normalize-path/-/normalize-path-3.0.0.tgz 0ms (cache hit)
943 http cache normalize-svg-path@https://registry.npmjs.org/normalize-svg-path/-/normalize-svg-path-1.1.0.tgz 0ms (cache hit)
944 http cache node-telegram-bot-api@https://registry.npmjs.org/node-telegram-bot-api/-/node-telegram-bot-api-0.66.0.tgz 0ms (cache hit)
945 http cache node-fetch@https://registry.npmjs.org/node-fetch/-/node-fetch-2.7.0.tgz 0ms (cache hit)
946 http cache node-releases@https://registry.npmjs.org/node-releases/-/node-releases-2.0.26.tgz 0ms (cache hit)
947 http cache next@https://registry.npmjs.org/next/-/next-14.2.35.tgz 0ms (cache hit)
948 http cache neo-async@https://registry.npmjs.org/neo-async/-/neo-async-2.6.2.tgz 0ms (cache hit)
949 http cache next-themes@https://registry.npmjs.org/next-themes/-/next-themes-0.3.0.tgz 0ms (cache hit)
950 http cache napi-postinstall@https://registry.npmjs.org/napi-postinstall/-/napi-postinstall-0.3.4.tgz 0ms (cache hit)
951 http cache natural-compare@https://registry.npmjs.org/natural-compare/-/natural-compare-1.4.0.tgz 0ms (cache hit)
952 http cache nanoid@https://registry.npmjs.org/nanoid/-/nanoid-5.1.6.tgz 0ms (cache hit)
953 http cache ms@https://registry.npmjs.org/ms/-/ms-2.1.3.tgz 0ms (cache hit)
954 http cache mz@https://registry.npmjs.org/mz/-/mz-2.7.0.tgz 0ms (cache hit)
955 http cache motion-dom@https://registry.npmjs.org/motion-dom/-/motion-dom-11.18.1.tgz 0ms (cache hit)
956 http cache motion-utils@https://registry.npmjs.org/motion-utils/-/motion-utils-11.18.1.tgz 0ms (cache hit)
957 http cache minipass@https://registry.npmjs.org/minipass/-/minipass-7.1.2.tgz 0ms (cache hit)
958 http cache minimatch@https://registry.npmjs.org/minimatch/-/minimatch-3.1.2.tgz 0ms (cache hit)
959 http cache minimist@https://registry.npmjs.org/minimist/-/minimist-1.2.8.tgz 0ms (cache hit)
960 http cache mime-db@https://registry.npmjs.org/mime-db/-/mime-db-1.52.0.tgz 0ms (cache hit)
961 http cache mime-types@https://registry.npmjs.org/mime-types/-/mime-types-2.1.35.tgz 0ms (cache hit)
962 http cache mime@https://registry.npmjs.org/mime/-/mime-1.6.0.tgz 0ms (cache hit)
963 http cache micromark-util-types@https://registry.npmjs.org/micromark-util-types/-/micromark-util-types-2.0.2.tgz 0ms (cache hit)
964 http cache micromatch@https://registry.npmjs.org/micromatch/-/micromatch-4.0.8.tgz 0ms (cache hit)
965 http cache micromark-util-symbol@https://registry.npmjs.org/micromark-util-symbol/-/micromark-util-symbol-2.0.1.tgz 0ms (cache hit)
966 http cache micromark-util-subtokenize@https://registry.npmjs.org/micromark-util-subtokenize/-/micromark-util-subtokenize-2.1.0.tgz 0ms (cache hit)
967 http cache micromark-util-sanitize-uri@https://registry.npmjs.org/micromark-util-sanitize-uri/-/micromark-util-sanitize-uri-2.0.1.tgz 0ms (cache hit)
968 http cache micromark-util-html-tag-name@https://registry.npmjs.org/micromark-util-html-tag-name/-/micromark-util-html-tag-name-2.0.1.tgz 0ms (cache hit)
969 http cache micromark-util-resolve-all@https://registry.npmjs.org/micromark-util-resolve-all/-/micromark-util-resolve-all-2.0.1.tgz 0ms (cache hit)
970 http cache micromark-util-normalize-identifier@https://registry.npmjs.org/micromark-util-normalize-identifier/-/micromark-util-normalize-identifier-2.0.1.tgz 0ms (cache hit)
971 http cache micromark-util-encode@https://registry.npmjs.org/micromark-util-encode/-/micromark-util-encode-2.0.1.tgz 0ms (cache hit)
972 http cache micromark-util-decode-numeric-character-reference@https://registry.npmjs.org/micromark-util-decode-numeric-character-reference/-/micromark-util-decode-numeric-character-reference-2.0.2.tgz 0ms (cache hit)
973 http cache micromark-util-combine-extensions@https://registry.npmjs.org/micromark-util-combine-extensions/-/micromark-util-combine-extensions-2.0.1.tgz 0ms (cache hit)
974 http cache micromark-util-decode-string@https://registry.npmjs.org/micromark-util-decode-string/-/micromark-util-decode-string-2.0.1.tgz 0ms (cache hit)
975 http cache micromark-util-classify-character@https://registry.npmjs.org/micromark-util-classify-character/-/micromark-util-classify-character-2.0.1.tgz 0ms (cache hit)
976 http cache micromark-util-chunked@https://registry.npmjs.org/micromark-util-chunked/-/micromark-util-chunked-2.0.1.tgz 0ms (cache hit)
977 http cache micromark-util-character@https://registry.npmjs.org/micromark-util-character/-/micromark-util-character-2.1.1.tgz 0ms (cache hit)
978 http cache micromark-factory-space@https://registry.npmjs.org/micromark-factory-space/-/micromark-factory-space-2.0.1.tgz 0ms (cache hit)
979 http cache micromark-factory-whitespace@https://registry.npmjs.org/micromark-factory-whitespace/-/micromark-factory-whitespace-2.0.1.tgz 0ms (cache hit)
980 http cache micromark-factory-title@https://registry.npmjs.org/micromark-factory-title/-/micromark-factory-title-2.0.1.tgz 0ms (cache hit)
981 http cache micromark-factory-label@https://registry.npmjs.org/micromark-factory-label/-/micromark-factory-label-2.0.1.tgz 0ms (cache hit)
982 http cache micromark-extension-gfm-table@https://registry.npmjs.org/micromark-extension-gfm-table/-/micromark-extension-gfm-table-2.1.1.tgz 0ms (cache hit)
983 http cache micromark-extension-gfm-task-list-item@https://registry.npmjs.org/micromark-extension-gfm-task-list-item/-/micromark-extension-gfm-task-list-item-2.1.0.tgz 0ms (cache hit)
984 http cache micromark-extension-gfm-tagfilter@https://registry.npmjs.org/micromark-extension-gfm-tagfilter/-/micromark-extension-gfm-tagfilter-2.0.0.tgz 0ms (cache hit)
985 http cache micromark-factory-destination@https://registry.npmjs.org/micromark-factory-destination/-/micromark-factory-destination-2.0.1.tgz 0ms (cache hit)
986 http cache micromark-extension-gfm-strikethrough@https://registry.npmjs.org/micromark-extension-gfm-strikethrough/-/micromark-extension-gfm-strikethrough-2.1.0.tgz 0ms (cache hit)
987 http cache micromark-core-commonmark@https://registry.npmjs.org/micromark-core-commonmark/-/micromark-core-commonmark-2.0.3.tgz 0ms (cache hit)
988 http cache micromark-extension-gfm@https://registry.npmjs.org/micromark-extension-gfm/-/micromark-extension-gfm-3.0.0.tgz 0ms (cache hit)
989 http cache micromark-extension-gfm-autolink-literal@https://registry.npmjs.org/micromark-extension-gfm-autolink-literal/-/micromark-extension-gfm-autolink-literal-2.1.0.tgz 0ms (cache hit)
990 http cache micromark-extension-gfm-footnote@https://registry.npmjs.org/micromark-extension-gfm-footnote/-/micromark-extension-gfm-footnote-2.1.0.tgz 0ms (cache hit)
991 http cache micromark@https://registry.npmjs.org/micromark/-/micromark-4.0.2.tgz 0ms (cache hit)
992 http cache media-engine@https://registry.npmjs.org/media-engine/-/media-engine-1.0.3.tgz 0ms (cache hit)
993 http cache merge-refs@https://registry.npmjs.org/merge-refs/-/merge-refs-2.0.0.tgz 0ms (cache hit)
994 http cache merge2@https://registry.npmjs.org/merge2/-/merge2-1.4.1.tgz 0ms (cache hit)
995 http cache merge-stream@https://registry.npmjs.org/merge-stream/-/merge-stream-2.0.0.tgz 0ms (cache hit)
996 http cache mdast-util-to-string@https://registry.npmjs.org/mdast-util-to-string/-/mdast-util-to-string-4.0.0.tgz 0ms (cache hit)
997 http cache mdast-util-mdxjs-esm@https://registry.npmjs.org/mdast-util-mdxjs-esm/-/mdast-util-mdxjs-esm-2.0.1.tgz 0ms (cache hit)
998 http cache mdast-util-to-hast@https://registry.npmjs.org/mdast-util-to-hast/-/mdast-util-to-hast-13.2.0.tgz 0ms (cache hit)
999 http cache mdast-util-to-markdown@https://registry.npmjs.org/mdast-util-to-markdown/-/mdast-util-to-markdown-2.1.2.tgz 0ms (cache hit)
1000 http cache mdast-util-phrasing@https://registry.npmjs.org/mdast-util-phrasing/-/mdast-util-phrasing-4.1.0.tgz 0ms (cache hit)
1001 http cache mdast-util-mdx-jsx@https://registry.npmjs.org/mdast-util-mdx-jsx/-/mdast-util-mdx-jsx-3.2.0.tgz 0ms (cache hit)
1002 http cache mdast-util-gfm-strikethrough@https://registry.npmjs.org/mdast-util-gfm-strikethrough/-/mdast-util-gfm-strikethrough-2.0.0.tgz 0ms (cache hit)
1003 http cache mdast-util-mdx-expression@https://registry.npmjs.org/mdast-util-mdx-expression/-/mdast-util-mdx-expression-2.0.1.tgz 0ms (cache hit)
1004 http cache mdast-util-gfm-task-list-item@https://registry.npmjs.org/mdast-util-gfm-task-list-item/-/mdast-util-gfm-task-list-item-2.0.0.tgz 0ms (cache hit)
1005 http cache mdast-util-gfm-table@https://registry.npmjs.org/mdast-util-gfm-table/-/mdast-util-gfm-table-2.0.0.tgz 0ms (cache hit)
1006 http cache mdast-util-gfm-footnote@https://registry.npmjs.org/mdast-util-gfm-footnote/-/mdast-util-gfm-footnote-2.1.0.tgz 1ms (cache hit)
1007 http cache mdast-util-gfm-autolink-literal@https://registry.npmjs.org/mdast-util-gfm-autolink-literal/-/mdast-util-gfm-autolink-literal-2.0.1.tgz 0ms (cache hit)
1008 http cache mdast-util-find-and-replace@https://registry.npmjs.org/mdast-util-find-and-replace/-/mdast-util-find-and-replace-3.0.2.tgz 0ms (cache hit)
1009 http cache mdast-util-from-markdown@https://registry.npmjs.org/mdast-util-from-markdown/-/mdast-util-from-markdown-2.0.2.tgz 0ms (cache hit)
1010 http cache mdast-util-gfm@https://registry.npmjs.org/mdast-util-gfm/-/mdast-util-gfm-3.1.0.tgz 0ms (cache hit)
1011 http cache markdown-table@https://registry.npmjs.org/markdown-table/-/markdown-table-3.0.4.tgz 0ms (cache hit)
1012 http cache math-intrinsics@https://registry.npmjs.org/math-intrinsics/-/math-intrinsics-1.1.0.tgz 0ms (cache hit)
1013 http cache lucide-react@https://registry.npmjs.org/lucide-react/-/lucide-react-0.475.0.tgz 0ms (cache hit)
1014 http cache make-event-props@https://registry.npmjs.org/make-event-props/-/make-event-props-2.0.0.tgz 0ms (cache hit)
1015 http cache make-cancellable-promise@https://registry.npmjs.org/make-cancellable-promise/-/make-cancellable-promise-2.0.0.tgz 0ms (cache hit)
1016 http cache loose-envify@https://registry.npmjs.org/loose-envify/-/loose-envify-1.4.0.tgz 0ms (cache hit)
1017 http cache lru-cache@https://registry.npmjs.org/lru-cache/-/lru-cache-10.4.3.tgz 0ms (cache hit)
1018 http cache lodash.merge@https://registry.npmjs.org/lodash.merge/-/lodash.merge-4.6.2.tgz 0ms (cache hit)
1019 http cache long@https://registry.npmjs.org/long/-/long-5.3.2.tgz 0ms (cache hit)
1020 http cache longest-streak@https://registry.npmjs.org/longest-streak/-/longest-streak-3.1.0.tgz 0ms (cache hit)
1021 http cache lodash@https://registry.npmjs.org/lodash/-/lodash-4.17.21.tgz 0ms (cache hit)
1022 http cache lodash.camelcase@https://registry.npmjs.org/lodash.camelcase/-/lodash.camelcase-4.3.0.tgz 0ms (cache hit)
1023 http cache loader-runner@https://registry.npmjs.org/loader-runner/-/loader-runner-4.3.1.tgz 0ms (cache hit)
1024 http cache locate-path@https://registry.npmjs.org/locate-path/-/locate-path-6.0.0.tgz 0ms (cache hit)
1025 http cache loader-utils@https://registry.npmjs.org/loader-utils/-/loader-utils-2.0.4.tgz 0ms (cache hit)
1026 http cache linebreak@https://registry.npmjs.org/linebreak/-/linebreak-1.1.0.tgz 0ms (cache hit)
1027 http cache lines-and-columns@https://registry.npmjs.org/lines-and-columns/-/lines-and-columns-1.2.4.tgz 0ms (cache hit)
1028 http cache levn@https://registry.npmjs.org/levn/-/levn-0.4.1.tgz 0ms (cache hit)
1029 http cache lie@https://registry.npmjs.org/lie/-/lie-3.3.0.tgz 0ms (cache hit)
1030 http cache lilconfig@https://registry.npmjs.org/lilconfig/-/lilconfig-3.1.3.tgz 0ms (cache hit)
1031 http cache language-subtag-registry@https://registry.npmjs.org/language-subtag-registry/-/language-subtag-registry-0.3.23.tgz 0ms (cache hit)
1032 http cache language-tags@https://registry.npmjs.org/language-tags/-/language-tags-1.0.9.tgz 0ms (cache hit)
1033 http cache jszip@https://registry.npmjs.org/jszip/-/jszip-3.10.1.tgz 0ms (cache hit)
1034 http cache keyv@https://registry.npmjs.org/keyv/-/keyv-4.5.4.tgz 0ms (cache hit)
1035 http cache klaw-sync@https://registry.npmjs.org/klaw-sync/-/klaw-sync-6.0.0.tgz 0ms (cache hit)
1036 http cache jsx-ast-utils@https://registry.npmjs.org/jsx-ast-utils/-/jsx-ast-utils-3.3.5.tgz 0ms (cache hit)
1037 http cache jsprim@https://registry.npmjs.org/jsprim/-/jsprim-2.0.2.tgz 0ms (cache hit)
1038 http cache jsonify@https://registry.npmjs.org/jsonify/-/jsonify-0.0.1.tgz 0ms (cache hit)
1039 http cache json-stable-stringify-without-jsonify@https://registry.npmjs.org/json-stable-stringify-without-jsonify/-/json-stable-stringify-without-jsonify-1.0.1.tgz 0ms (cache hit)
1040 http cache jsonfile@https://registry.npmjs.org/jsonfile/-/jsonfile-6.2.0.tgz 0ms (cache hit)
1041 http cache json5@https://registry.npmjs.org/json5/-/json5-2.2.3.tgz 0ms (cache hit)
1042 http cache json-stringify-safe@https://registry.npmjs.org/json-stringify-safe/-/json-stringify-safe-5.0.1.tgz 0ms (cache hit)
1043 http cache json-schema-traverse@https://registry.npmjs.org/json-schema-traverse/-/json-schema-traverse-0.4.1.tgz 0ms (cache hit)
1044 http cache json-parse-even-better-errors@https://registry.npmjs.org/json-parse-even-better-errors/-/json-parse-even-better-errors-2.3.1.tgz 0ms (cache hit)
1045 http cache json-stable-stringify@https://registry.npmjs.org/json-stable-stringify/-/json-stable-stringify-1.3.0.tgz 0ms (cache hit)
1046 http cache json-schema@https://registry.npmjs.org/json-schema/-/json-schema-0.4.0.tgz 0ms (cache hit)
1047 http cache jsbn@https://registry.npmjs.org/jsbn/-/jsbn-0.1.1.tgz 0ms (cache hit)
1048 http cache json-buffer@https://registry.npmjs.org/json-buffer/-/json-buffer-3.0.1.tgz 0ms (cache hit)
1049 http cache js-tokens@https://registry.npmjs.org/js-tokens/-/js-tokens-4.0.0.tgz 0ms (cache hit)
1050 http cache js-yaml@https://registry.npmjs.org/js-yaml/-/js-yaml-4.1.0.tgz 0ms (cache hit)
1051 http cache jiti@https://registry.npmjs.org/jiti/-/jiti-1.21.7.tgz 0ms (cache hit)
1052 http cache jest-worker@https://registry.npmjs.org/jest-worker/-/jest-worker-27.5.1.tgz 0ms (cache hit)
1053 http cache jose@https://registry.npmjs.org/jose/-/jose-5.10.0.tgz 0ms (cache hit)
1054 http cache jay-peg@https://registry.npmjs.org/jay-peg/-/jay-peg-1.1.1.tgz 0ms (cache hit)
1055 http cache jackspeak@https://registry.npmjs.org/jackspeak/-/jackspeak-2.3.6.tgz 0ms (cache hit)
1056 http cache iterator.prototype@https://registry.npmjs.org/iterator.prototype/-/iterator.prototype-1.1.5.tgz 0ms (cache hit)
1057 http cache isstream@https://registry.npmjs.org/isstream/-/isstream-0.1.2.tgz 0ms (cache hit)
1058 http cache isexe@https://registry.npmjs.org/isexe/-/isexe-2.0.0.tgz 0ms (cache hit)
1059 http cache isarray@https://registry.npmjs.org/isarray/-/isarray-2.0.5.tgz 0ms (cache hit)
1060 http cache is-weakset@https://registry.npmjs.org/is-weakset/-/is-weakset-2.0.4.tgz 0ms (cache hit)
1061 http cache is-wsl@https://registry.npmjs.org/is-wsl/-/is-wsl-2.2.0.tgz 0ms (cache hit)
1062 http cache is-weakref@https://registry.npmjs.org/is-weakref/-/is-weakref-1.1.1.tgz 0ms (cache hit)
1063 http cache is-url@https://registry.npmjs.org/is-url/-/is-url-1.2.4.tgz 0ms (cache hit)
1064 http cache is-weakmap@https://registry.npmjs.org/is-weakmap/-/is-weakmap-2.0.2.tgz 0ms (cache hit)
1065 http cache is-typedarray@https://registry.npmjs.org/is-typedarray/-/is-typedarray-1.0.0.tgz 0ms (cache hit)
1066 http cache is-typed-array@https://registry.npmjs.org/is-typed-array/-/is-typed-array-1.1.15.tgz 0ms (cache hit)
1067 http cache is-symbol@https://registry.npmjs.org/is-symbol/-/is-symbol-1.1.1.tgz 0ms (cache hit)
1068 http cache is-string@https://registry.npmjs.org/is-string/-/is-string-1.1.1.tgz 0ms (cache hit)
1069 http cache is-shared-array-buffer@https://registry.npmjs.org/is-shared-array-buffer/-/is-shared-array-buffer-1.0.4.tgz 0ms (cache hit)
1070 http cache is-set@https://registry.npmjs.org/is-set/-/is-set-2.0.3.tgz 0ms (cache hit)
1071 http cache is-regex@https://registry.npmjs.org/is-regex/-/is-regex-1.2.1.tgz 0ms (cache hit)
1072 http cache is-plain-obj@https://registry.npmjs.org/is-plain-obj/-/is-plain-obj-4.1.0.tgz 0ms (cache hit)
1073 http cache is-path-inside@https://registry.npmjs.org/is-path-inside/-/is-path-inside-3.0.3.tgz 0ms (cache hit)
1074 http cache is-number-object@https://registry.npmjs.org/is-number-object/-/is-number-object-1.1.1.tgz 0ms (cache hit)
1075 http cache is-number@https://registry.npmjs.org/is-number/-/is-number-7.0.0.tgz 0ms (cache hit)
1076 http cache is-negative-zero@https://registry.npmjs.org/is-negative-zero/-/is-negative-zero-2.0.3.tgz 0ms (cache hit)
1077 http cache is-map@https://registry.npmjs.org/is-map/-/is-map-2.0.3.tgz 0ms (cache hit)
1078 http cache is-hexadecimal@https://registry.npmjs.org/is-hexadecimal/-/is-hexadecimal-2.0.1.tgz 0ms (cache hit)
1079 http cache is-glob@https://registry.npmjs.org/is-glob/-/is-glob-4.0.3.tgz 0ms (cache hit)
1080 http cache is-generator-function@https://registry.npmjs.org/is-generator-function/-/is-generator-function-1.1.2.tgz 0ms (cache hit)
1081 http cache is-fullwidth-code-point@https://registry.npmjs.org/is-fullwidth-code-point/-/is-fullwidth-code-point-3.0.0.tgz 0ms (cache hit)
1082 http cache is-finalizationregistry@https://registry.npmjs.org/is-finalizationregistry/-/is-finalizationregistry-1.1.1.tgz 0ms (cache hit)
1083 http cache is-extglob@https://registry.npmjs.org/is-extglob/-/is-extglob-2.1.1.tgz 0ms (cache hit)
1084 http cache is-docker@https://registry.npmjs.org/is-docker/-/is-docker-2.2.1.tgz 0ms (cache hit)
1085 http cache is-decimal@https://registry.npmjs.org/is-decimal/-/is-decimal-2.0.1.tgz 0ms (cache hit)
1086 http cache is-date-object@https://registry.npmjs.org/is-date-object/-/is-date-object-1.1.0.tgz 0ms (cache hit)
1087 http cache is-data-view@https://registry.npmjs.org/is-data-view/-/is-data-view-1.0.2.tgz 0ms (cache hit)
1088 http cache is-callable@https://registry.npmjs.org/is-callable/-/is-callable-1.2.7.tgz 0ms (cache hit)
1089 http cache is-bun-module@https://registry.npmjs.org/is-bun-module/-/is-bun-module-2.0.0.tgz 0ms (cache hit)
1090 http cache is-core-module@https://registry.npmjs.org/is-core-module/-/is-core-module-2.16.1.tgz 0ms (cache hit)
1091 http cache is-binary-path@https://registry.npmjs.org/is-binary-path/-/is-binary-path-2.1.0.tgz 0ms (cache hit)
1092 http cache is-boolean-object@https://registry.npmjs.org/is-boolean-object/-/is-boolean-object-1.2.2.tgz 0ms (cache hit)
1093 http cache is-bigint@https://registry.npmjs.org/is-bigint/-/is-bigint-1.1.0.tgz 0ms (cache hit)
1094 http cache is-async-function@https://registry.npmjs.org/is-async-function/-/is-async-function-2.1.1.tgz 0ms (cache hit)
1095 http cache is-alphanumerical@https://registry.npmjs.org/is-alphanumerical/-/is-alphanumerical-2.0.1.tgz 0ms (cache hit)
1096 http cache is-arrayish@https://registry.npmjs.org/is-arrayish/-/is-arrayish-0.3.4.tgz 0ms (cache hit)
1097 http cache is-array-buffer@https://registry.npmjs.org/is-array-buffer/-/is-array-buffer-3.0.5.tgz 0ms (cache hit)
1098 http cache is-alphabetical@https://registry.npmjs.org/is-alphabetical/-/is-alphabetical-2.0.1.tgz 0ms (cache hit)
1099 http cache internmap@https://registry.npmjs.org/internmap/-/internmap-2.0.3.tgz 0ms (cache hit)
1100 http cache inline-style-parser@https://registry.npmjs.org/inline-style-parser/-/inline-style-parser-0.2.4.tgz 0ms (cache hit)
1101 http cache inherits@https://registry.npmjs.org/inherits/-/inherits-2.0.4.tgz 0ms (cache hit)
1102 http cache internal-slot@https://registry.npmjs.org/internal-slot/-/internal-slot-1.1.0.tgz 0ms (cache hit)
1103 http cache imurmurhash@https://registry.npmjs.org/imurmurhash/-/imurmurhash-0.1.4.tgz 0ms (cache hit)
1104 http cache immediate@https://registry.npmjs.org/immediate/-/immediate-3.0.6.tgz 0ms (cache hit)
1105 http cache import-fresh@https://registry.npmjs.org/import-fresh/-/import-fresh-3.3.1.tgz 0ms (cache hit)
1106 http cache inflight@https://registry.npmjs.org/inflight/-/inflight-1.0.6.tgz 0ms (cache hit)
1107 http cache ignore@https://registry.npmjs.org/ignore/-/ignore-5.3.2.tgz 0ms (cache hit)
1108 http cache hyphen@https://registry.npmjs.org/hyphen/-/hyphen-1.10.6.tgz 0ms (cache hit)
1109 http cache http-parser-js@https://registry.npmjs.org/http-parser-js/-/http-parser-js-0.5.10.tgz 0ms (cache hit)
1110 http cache http-signature@https://registry.npmjs.org/http-signature/-/http-signature-1.4.0.tgz 0ms (cache hit)
1111 http cache html-url-attributes@https://registry.npmjs.org/html-url-attributes/-/html-url-attributes-3.0.1.tgz 0ms (cache hit)
1112 http cache hsl-to-rgb-for-reals@https://registry.npmjs.org/hsl-to-rgb-for-reals/-/hsl-to-rgb-for-reals-1.1.1.tgz 0ms (cache hit)
1113 http cache hsl-to-hex@https://registry.npmjs.org/hsl-to-hex/-/hsl-to-hex-1.0.0.tgz 0ms (cache hit)
1114 http cache hast-util-to-jsx-runtime@https://registry.npmjs.org/hast-util-to-jsx-runtime/-/hast-util-to-jsx-runtime-2.3.6.tgz 0ms (cache hit)
1115 http cache hast-util-whitespace@https://registry.npmjs.org/hast-util-whitespace/-/hast-util-whitespace-3.0.0.tgz 0ms (cache hit)
1116 http cache hasown@https://registry.npmjs.org/hasown/-/hasown-2.0.2.tgz 0ms (cache hit)
1117 http cache has-tostringtag@https://registry.npmjs.org/has-tostringtag/-/has-tostringtag-1.0.2.tgz 0ms (cache hit)
1118 http cache has-symbols@https://registry.npmjs.org/has-symbols/-/has-symbols-1.1.0.tgz 0ms (cache hit)
1119 http cache has-flag@https://registry.npmjs.org/has-flag/-/has-flag-4.0.0.tgz 0ms (cache hit)
1120 http cache has-property-descriptors@https://registry.npmjs.org/has-property-descriptors/-/has-property-descriptors-1.0.2.tgz 0ms (cache hit)
1121 http cache has-proto@https://registry.npmjs.org/has-proto/-/has-proto-1.2.0.tgz 0ms (cache hit)
1122 http cache har-validator@https://registry.npmjs.org/har-validator/-/har-validator-5.1.5.tgz 0ms (cache hit)
1123 http cache has-bigints@https://registry.npmjs.org/has-bigints/-/has-bigints-1.1.0.tgz 0ms (cache hit)
1124 http cache har-schema@https://registry.npmjs.org/har-schema/-/har-schema-2.0.0.tgz 0ms (cache hit)
1125 http cache graceful-fs@https://registry.npmjs.org/graceful-fs/-/graceful-fs-4.2.11.tgz 0ms (cache hit)
1126 http cache graphemer@https://registry.npmjs.org/graphemer/-/graphemer-1.4.0.tgz 0ms (cache hit)
1127 http cache gopd@https://registry.npmjs.org/gopd/-/gopd-1.2.0.tgz 0ms (cache hit)
1128 http cache globalthis@https://registry.npmjs.org/globalthis/-/globalthis-1.0.4.tgz 0ms (cache hit)
1129 http cache globby@https://registry.npmjs.org/globby/-/globby-11.1.0.tgz 0ms (cache hit)
1130 http cache glob-parent@https://registry.npmjs.org/glob-parent/-/glob-parent-6.0.2.tgz 0ms (cache hit)
1131 http cache globals@https://registry.npmjs.org/globals/-/globals-13.24.0.tgz 0ms (cache hit)
1132 http cache glob-to-regexp@https://registry.npmjs.org/glob-to-regexp/-/glob-to-regexp-0.4.1.tgz 0ms (cache hit)
1133 http cache glob@https://registry.npmjs.org/glob/-/glob-10.3.10.tgz 0ms (cache hit)
1134 http cache getpass@https://registry.npmjs.org/getpass/-/getpass-0.1.7.tgz 0ms (cache hit)
1135 http cache get-symbol-description@https://registry.npmjs.org/get-symbol-description/-/get-symbol-description-1.1.0.tgz 0ms (cache hit)
1136 http cache get-tsconfig@https://registry.npmjs.org/get-tsconfig/-/get-tsconfig-4.12.0.tgz 0ms (cache hit)
1137 http cache get-nonce@https://registry.npmjs.org/get-nonce/-/get-nonce-1.0.1.tgz 0ms (cache hit)
1138 http cache get-caller-file@https://registry.npmjs.org/get-caller-file/-/get-caller-file-2.0.5.tgz 0ms (cache hit)
1139 http cache generator-function@https://registry.npmjs.org/generator-function/-/generator-function-2.0.1.tgz 0ms (cache hit)
1140 http cache get-proto@https://registry.npmjs.org/get-proto/-/get-proto-1.0.1.tgz 0ms (cache hit)
1141 http cache functions-have-names@https://registry.npmjs.org/functions-have-names/-/functions-have-names-1.2.3.tgz 0ms (cache hit)
1142 http cache function.prototype.name@https://registry.npmjs.org/function.prototype.name/-/function.prototype.name-1.1.8.tgz 0ms (cache hit)
1143 http cache fsevents@https://registry.npmjs.org/fsevents/-/fsevents-2.3.3.tgz 0ms (cache hit)
1144 http cache fs.realpath@https://registry.npmjs.org/fs.realpath/-/fs.realpath-1.0.0.tgz 0ms (cache hit)
1145 http cache function-bind@https://registry.npmjs.org/function-bind/-/function-bind-1.1.2.tgz 0ms (cache hit)
1146 http cache fs-extra@https://registry.npmjs.org/fs-extra/-/fs-extra-10.1.0.tgz 0ms (cache hit)
1147 http cache framer-motion@https://registry.npmjs.org/framer-motion/-/framer-motion-11.18.2.tgz 0ms (cache hit)
1148 http cache frac@https://registry.npmjs.org/frac/-/frac-1.1.2.tgz 0ms (cache hit)
1149 http cache form-data@https://registry.npmjs.org/form-data/-/form-data-2.5.5.tgz 0ms (cache hit)
1150 http cache forever-agent@https://registry.npmjs.org/forever-agent/-/forever-agent-0.6.1.tgz 0ms (cache hit)
1151 http cache foreground-child@https://registry.npmjs.org/foreground-child/-/foreground-child-3.3.1.tgz 0ms (cache hit)
1152 http cache for-each@https://registry.npmjs.org/for-each/-/for-each-0.3.5.tgz 0ms (cache hit)
1153 http cache fontkit@https://registry.npmjs.org/fontkit/-/fontkit-2.0.4.tgz 0ms (cache hit)
1154 http cache follow-redirects@https://registry.npmjs.org/follow-redirects/-/follow-redirects-1.15.11.tgz 0ms (cache hit)
1155 http cache flatted@https://registry.npmjs.org/flatted/-/flatted-3.3.3.tgz 0ms (cache hit)
1156 http cache flat-cache@https://registry.npmjs.org/flat-cache/-/flat-cache-3.2.0.tgz 0ms (cache hit)
1157 http cache find-yarn-workspace-root@https://registry.npmjs.org/find-yarn-workspace-root/-/find-yarn-workspace-root-2.0.0.tgz 0ms (cache hit)
1158 http cache file-type@https://registry.npmjs.org/file-type/-/file-type-3.9.0.tgz 0ms (cache hit)
1159 http cache fill-range@https://registry.npmjs.org/fill-range/-/fill-range-7.1.1.tgz 0ms (cache hit)
1160 http cache find-up@https://registry.npmjs.org/find-up/-/find-up-5.0.0.tgz 0ms (cache hit)
1161 http cache file-selector@https://registry.npmjs.org/file-selector/-/file-selector-2.1.2.tgz 0ms (cache hit)
1162 http cache file-saver@https://registry.npmjs.org/file-saver/-/file-saver-2.0.5.tgz 0ms (cache hit)
1163 http cache file-entry-cache@https://registry.npmjs.org/file-entry-cache/-/file-entry-cache-6.0.1.tgz 0ms (cache hit)
1164 http cache faye-websocket@https://registry.npmjs.org/faye-websocket/-/faye-websocket-0.11.4.tgz 0ms (cache hit)
1165 http cache fast-xml-parser@https://registry.npmjs.org/fast-xml-parser/-/fast-xml-parser-4.5.3.tgz 0ms (cache hit)
1166 http cache fastq@https://registry.npmjs.org/fastq/-/fastq-1.19.1.tgz 0ms (cache hit)
1167 http cache fast-uri@https://registry.npmjs.org/fast-uri/-/fast-uri-3.1.0.tgz 0ms (cache hit)
1168 http cache fast-json-stable-stringify@https://registry.npmjs.org/fast-json-stable-stringify/-/fast-json-stable-stringify-2.1.0.tgz 0ms (cache hit)
1169 http cache fast-levenshtein@https://registry.npmjs.org/fast-levenshtein/-/fast-levenshtein-2.0.6.tgz 0ms (cache hit)
1170 http cache fast-equals@https://registry.npmjs.org/fast-equals/-/fast-equals-5.3.2.tgz 0ms (cache hit)
1171 http cache fast-glob@https://registry.npmjs.org/fast-glob/-/fast-glob-3.3.3.tgz 0ms (cache hit)
1172 http cache fast-deep-equal@https://registry.npmjs.org/fast-deep-equal/-/fast-deep-equal-3.1.3.tgz 0ms (cache hit)
1173 http cache extsprintf@https://registry.npmjs.org/extsprintf/-/extsprintf-1.3.0.tgz 0ms (cache hit)
1174 http cache events@https://registry.npmjs.org/events/-/events-3.3.0.tgz 0ms (cache hit)
1175 http cache extend@https://registry.npmjs.org/extend/-/extend-3.0.2.tgz 0ms (cache hit)
1176 http cache eventemitter3@https://registry.npmjs.org/eventemitter3/-/eventemitter3-3.1.2.tgz 0ms (cache hit)
1177 http cache estree-util-is-identifier-name@https://registry.npmjs.org/estree-util-is-identifier-name/-/estree-util-is-identifier-name-3.0.0.tgz 0ms (cache hit)
1178 http cache esutils@https://registry.npmjs.org/esutils/-/esutils-2.0.3.tgz 0ms (cache hit)
1179 http cache estraverse@https://registry.npmjs.org/estraverse/-/estraverse-5.3.0.tgz 0ms (cache hit)
1180 http cache esrecurse@https://registry.npmjs.org/esrecurse/-/esrecurse-4.3.0.tgz 0ms (cache hit)
1181 http cache esquery@https://registry.npmjs.org/esquery/-/esquery-1.6.0.tgz 0ms (cache hit)
1182 http cache espree@https://registry.npmjs.org/espree/-/espree-9.6.1.tgz 0ms (cache hit)
1183 http cache eslint-visitor-keys@https://registry.npmjs.org/eslint-visitor-keys/-/eslint-visitor-keys-3.4.3.tgz 0ms (cache hit)
1184 http cache eslint-scope@https://registry.npmjs.org/eslint-scope/-/eslint-scope-7.2.2.tgz 0ms (cache hit)
1185 http cache eslint-plugin-react-hooks@https://registry.npmjs.org/eslint-plugin-react-hooks/-/eslint-plugin-react-hooks-5.0.0-canary-7118f5dd7-20230705.tgz 0ms (cache hit)
1186 http cache eslint-plugin-jsx-a11y@https://registry.npmjs.org/eslint-plugin-jsx-a11y/-/eslint-plugin-jsx-a11y-6.10.2.tgz 0ms (cache hit)
1187 http cache eslint-plugin-react@https://registry.npmjs.org/eslint-plugin-react/-/eslint-plugin-react-7.37.5.tgz 0ms (cache hit)
1188 http cache eslint-plugin-import@https://registry.npmjs.org/eslint-plugin-import/-/eslint-plugin-import-2.32.0.tgz 0ms (cache hit)
1189 http cache eslint-module-utils@https://registry.npmjs.org/eslint-module-utils/-/eslint-module-utils-2.12.1.tgz 0ms (cache hit)
1190 http cache eslint-import-resolver-typescript@https://registry.npmjs.org/eslint-import-resolver-typescript/-/eslint-import-resolver-typescript-3.10.1.tgz 0ms (cache hit)
1191 http cache eslint-import-resolver-node@https://registry.npmjs.org/eslint-import-resolver-node/-/eslint-import-resolver-node-0.3.9.tgz 0ms (cache hit)
1192 http cache eslint-config-next@https://registry.npmjs.org/eslint-config-next/-/eslint-config-next-14.2.5.tgz 0ms (cache hit)
1193 http cache eslint@https://registry.npmjs.org/eslint/-/eslint-8.57.1.tgz 0ms (cache hit)
1194 http cache escape-string-regexp@https://registry.npmjs.org/escape-string-regexp/-/escape-string-regexp-4.0.0.tgz 0ms (cache hit)
1195 http cache escalade@https://registry.npmjs.org/escalade/-/escalade-3.2.0.tgz 0ms (cache hit)
1196 http cache es-to-primitive@https://registry.npmjs.org/es-to-primitive/-/es-to-primitive-1.3.0.tgz 0ms (cache hit)
1197 http cache es-shim-unscopables@https://registry.npmjs.org/es-shim-unscopables/-/es-shim-unscopables-1.1.0.tgz 0ms (cache hit)
1198 http cache es-set-tostringtag@https://registry.npmjs.org/es-set-tostringtag/-/es-set-tostringtag-2.1.0.tgz 0ms (cache hit)
1199 http cache es-object-atoms@https://registry.npmjs.org/es-object-atoms/-/es-object-atoms-1.1.1.tgz 0ms (cache hit)
1200 http cache es-iterator-helpers@https://registry.npmjs.org/es-iterator-helpers/-/es-iterator-helpers-1.2.1.tgz 0ms (cache hit)
1201 http cache es-module-lexer@https://registry.npmjs.org/es-module-lexer/-/es-module-lexer-1.7.0.tgz 0ms (cache hit)
1202 http cache es-errors@https://registry.npmjs.org/es-errors/-/es-errors-1.3.0.tgz 0ms (cache hit)
1203 http cache es-define-property@https://registry.npmjs.org/es-define-property/-/es-define-property-1.0.1.tgz 0ms (cache hit)
1204 http cache es-abstract@https://registry.npmjs.org/es-abstract/-/es-abstract-1.24.0.tgz 0ms (cache hit)
1205 http cache error-kid@https://registry.npmjs.org/error-kid/-/error-kid-0.0.7.tgz 0ms (cache hit)
1206 http cache end-of-stream@https://registry.npmjs.org/end-of-stream/-/end-of-stream-1.4.5.tgz 0ms (cache hit)
1207 http cache enhanced-resolve@https://registry.npmjs.org/enhanced-resolve/-/enhanced-resolve-5.18.3.tgz 0ms (cache hit)
1208 http cache emojis-list@https://registry.npmjs.org/emojis-list/-/emojis-list-3.0.0.tgz 0ms (cache hit)
1209 http cache emoji-regex@https://registry.npmjs.org/emoji-regex/-/emoji-regex-10.6.0.tgz 0ms (cache hit)
1210 http cache electron-to-chromium@https://registry.npmjs.org/electron-to-chromium/-/electron-to-chromium-1.5.237.tgz 0ms (cache hit)
1211 http cache ecc-jsbn@https://registry.npmjs.org/ecc-jsbn/-/ecc-jsbn-0.1.2.tgz 0ms (cache hit)
1212 http cache eastasianwidth@https://registry.npmjs.org/eastasianwidth/-/eastasianwidth-0.2.0.tgz 0ms (cache hit)
1213 http cache dunder-proto@https://registry.npmjs.org/dunder-proto/-/dunder-proto-1.0.1.tgz 0ms (cache hit)
1214 http cache dotenv@https://registry.npmjs.org/dotenv/-/dotenv-16.6.1.tgz 0ms (cache hit)
1215 http cache dom-helpers@https://registry.npmjs.org/dom-helpers/-/dom-helpers-5.2.1.tgz 0ms (cache hit)
1216 http cache docx@https://registry.npmjs.org/docx/-/docx-8.5.0.tgz 0ms (cache hit)
1217 http cache doctrine@https://registry.npmjs.org/doctrine/-/doctrine-3.0.0.tgz 1ms (cache hit)
1218 http cache dlv@https://registry.npmjs.org/dlv/-/dlv-1.1.3.tgz 0ms (cache hit)
1219 http cache dir-glob@https://registry.npmjs.org/dir-glob/-/dir-glob-3.0.1.tgz 0ms (cache hit)
1220 http cache dfa@https://registry.npmjs.org/dfa/-/dfa-1.2.0.tgz 0ms (cache hit)
1221 http cache devlop@https://registry.npmjs.org/devlop/-/devlop-1.1.0.tgz 0ms (cache hit)
1222 http cache get-intrinsic@https://registry.npmjs.org/get-intrinsic/-/get-intrinsic-1.3.0.tgz 0ms (cache hit)
1223 http cache didyoumean@https://registry.npmjs.org/didyoumean/-/didyoumean-1.2.2.tgz 0ms (cache hit)
1224 http cache detect-node-es@https://registry.npmjs.org/detect-node-es/-/detect-node-es-1.1.0.tgz 0ms (cache hit)
1225 http cache dequal@https://registry.npmjs.org/dequal/-/dequal-2.0.3.tgz 0ms (cache hit)
1226 http cache define-data-property@https://registry.npmjs.org/define-data-property/-/define-data-property-1.1.4.tgz 0ms (cache hit)
1227 http cache define-properties@https://registry.npmjs.org/define-properties/-/define-properties-1.2.1.tgz 0ms (cache hit)
1228 http cache decode-named-character-reference@https://registry.npmjs.org/decode-named-character-reference/-/decode-named-character-reference-1.2.0.tgz 0ms (cache hit)
1229 http cache deep-is@https://registry.npmjs.org/deep-is/-/deep-is-0.1.4.tgz 0ms (cache hit)
1230 http cache debug@https://registry.npmjs.org/debug/-/debug-4.4.3.tgz 0ms (cache hit)
1231 http cache delayed-stream@https://registry.npmjs.org/delayed-stream/-/delayed-stream-1.0.0.tgz 0ms (cache hit)
1232 http cache date-fns@https://registry.npmjs.org/date-fns/-/date-fns-3.6.0.tgz 0ms (cache hit)
1233 http cache data-view-buffer@https://registry.npmjs.org/data-view-buffer/-/data-view-buffer-1.0.2.tgz 0ms (cache hit)
1234 http cache data-view-byte-offset@https://registry.npmjs.org/data-view-byte-offset/-/data-view-byte-offset-1.0.1.tgz 0ms (cache hit)
1235 http cache data-view-byte-length@https://registry.npmjs.org/data-view-byte-length/-/data-view-byte-length-1.0.2.tgz 0ms (cache hit)
1236 http cache dashdash@https://registry.npmjs.org/dashdash/-/dashdash-1.14.1.tgz 0ms (cache hit)
1237 http cache damerau-levenshtein@https://registry.npmjs.org/damerau-levenshtein/-/damerau-levenshtein-1.0.8.tgz 0ms (cache hit)
1238 http cache d3-timer@https://registry.npmjs.org/d3-timer/-/d3-timer-3.0.1.tgz 0ms (cache hit)
1239 http cache d3-shape@https://registry.npmjs.org/d3-shape/-/d3-shape-3.2.0.tgz 0ms (cache hit)
1240 http cache d3-time@https://registry.npmjs.org/d3-time/-/d3-time-3.1.0.tgz 0ms (cache hit)
1241 http cache d3-scale@https://registry.npmjs.org/d3-scale/-/d3-scale-4.0.2.tgz 0ms (cache hit)
1242 http cache d3-time-format@https://registry.npmjs.org/d3-time-format/-/d3-time-format-4.1.0.tgz 0ms (cache hit)
1243 http cache d3-interpolate@https://registry.npmjs.org/d3-interpolate/-/d3-interpolate-3.0.1.tgz 0ms (cache hit)
1244 http cache d3-format@https://registry.npmjs.org/d3-format/-/d3-format-3.1.0.tgz 0ms (cache hit)
1245 http cache d3-color@https://registry.npmjs.org/d3-color/-/d3-color-3.1.0.tgz 0ms (cache hit)
1246 http cache d3-array@https://registry.npmjs.org/d3-array/-/d3-array-3.2.4.tgz 0ms (cache hit)
1247 http cache d3-ease@https://registry.npmjs.org/d3-ease/-/d3-ease-3.0.1.tgz 0ms (cache hit)
1248 http cache crypto-js@https://registry.npmjs.org/crypto-js/-/crypto-js-4.2.0.tgz 0ms (cache hit)
1249 http cache cssesc@https://registry.npmjs.org/cssesc/-/cssesc-3.0.0.tgz 0ms (cache hit)
1250 http cache csstype@https://registry.npmjs.org/csstype/-/csstype-3.1.3.tgz 0ms (cache hit)
1251 http cache cross-spawn@https://registry.npmjs.org/cross-spawn/-/cross-spawn-7.0.6.tgz 0ms (cache hit)
1252 http cache cross-fetch@https://registry.npmjs.org/cross-fetch/-/cross-fetch-3.2.0.tgz 0ms (cache hit)
1253 http cache crc-32@https://registry.npmjs.org/crc-32/-/crc-32-1.2.2.tgz 0ms (cache hit)
1254 http cache concat-map@https://registry.npmjs.org/concat-map/-/concat-map-0.0.1.tgz 0ms (cache hit)
1255 http cache core-util-is@https://registry.npmjs.org/core-util-is/-/core-util-is-1.0.3.tgz 0ms (cache hit)
1256 http cache commander@https://registry.npmjs.org/commander/-/commander-4.1.1.tgz 0ms (cache hit)
1257 http cache comma-separated-tokens@https://registry.npmjs.org/comma-separated-tokens/-/comma-separated-tokens-2.0.3.tgz 0ms (cache hit)
1258 http cache color-string@https://registry.npmjs.org/color-string/-/color-string-1.9.1.tgz 0ms (cache hit)
1259 http cache combined-stream@https://registry.npmjs.org/combined-stream/-/combined-stream-1.0.8.tgz 0ms (cache hit)
1260 http cache color-name@https://registry.npmjs.org/color-name/-/color-name-1.1.4.tgz 0ms (cache hit)
1261 http cache color-convert@https://registry.npmjs.org/color-convert/-/color-convert-2.0.1.tgz 0ms (cache hit)
1262 http cache codepage@https://registry.npmjs.org/codepage/-/codepage-1.15.0.tgz 0ms (cache hit)
1263 http cache clsx@https://registry.npmjs.org/clsx/-/clsx-2.1.1.tgz 0ms (cache hit)
1264 http cache clone@https://registry.npmjs.org/clone/-/clone-2.1.2.tgz 0ms (cache hit)
1265 http cache cliui@https://registry.npmjs.org/cliui/-/cliui-8.0.1.tgz 0ms (cache hit)
1266 http cache client-only@https://registry.npmjs.org/client-only/-/client-only-0.0.1.tgz 0ms (cache hit)
1267 http cache ci-info@https://registry.npmjs.org/ci-info/-/ci-info-3.9.0.tgz 0ms (cache hit)
1268 http cache class-variance-authority@https://registry.npmjs.org/class-variance-authority/-/class-variance-authority-0.7.1.tgz 0ms (cache hit)
1269 http cache chrome-trace-event@https://registry.npmjs.org/chrome-trace-event/-/chrome-trace-event-1.0.4.tgz 0ms (cache hit)
1270 http cache character-entities-legacy@https://registry.npmjs.org/character-entities-legacy/-/character-entities-legacy-3.0.0.tgz 0ms (cache hit)
1271 http cache chokidar@https://registry.npmjs.org/chokidar/-/chokidar-3.6.0.tgz 0ms (cache hit)
1272 http cache character-reference-invalid@https://registry.npmjs.org/character-reference-invalid/-/character-reference-invalid-2.0.1.tgz 0ms (cache hit)
1273 http cache character-entities@https://registry.npmjs.org/character-entities/-/character-entities-2.0.2.tgz 0ms (cache hit)
1274 http cache character-entities-html4@https://registry.npmjs.org/character-entities-html4/-/character-entities-html4-2.1.0.tgz 0ms (cache hit)
1275 http cache chalk@https://registry.npmjs.org/chalk/-/chalk-4.1.2.tgz 0ms (cache hit)
1276 http cache cfb@https://registry.npmjs.org/cfb/-/cfb-1.2.2.tgz 0ms (cache hit)
1277 http cache ccount@https://registry.npmjs.org/ccount/-/ccount-2.0.1.tgz 0ms (cache hit)
1278 http cache caseless@https://registry.npmjs.org/caseless/-/caseless-0.12.0.tgz 0ms (cache hit)
1279 http cache camelcase-css@https://registry.npmjs.org/camelcase-css/-/camelcase-css-2.0.1.tgz 0ms (cache hit)
1280 http cache callsites@https://registry.npmjs.org/callsites/-/callsites-3.1.0.tgz 0ms (cache hit)
1281 http cache caniuse-lite@https://registry.npmjs.org/caniuse-lite/-/caniuse-lite-1.0.30001751.tgz 0ms (cache hit)
1282 http cache call-bind@https://registry.npmjs.org/call-bind/-/call-bind-1.0.8.tgz 1ms (cache hit)
1283 http cache call-bind-apply-helpers@https://registry.npmjs.org/call-bind-apply-helpers/-/call-bind-apply-helpers-1.0.2.tgz 0ms (cache hit)
1284 http cache call-bound@https://registry.npmjs.org/call-bound/-/call-bound-1.0.4.tgz 0ms (cache hit)
1285 http cache busboy@https://registry.npmjs.org/busboy/-/busboy-1.6.0.tgz 0ms (cache hit)
1286 http cache browserslist@https://registry.npmjs.org/browserslist/-/browserslist-4.23.1.tgz 0ms (cache hit)
1287 http cache buffer-from@https://registry.npmjs.org/buffer-from/-/buffer-from-1.1.2.tgz 0ms (cache hit)
1288 http cache browserify-zlib@https://registry.npmjs.org/browserify-zlib/-/browserify-zlib-0.2.0.tgz 0ms (cache hit)
1289 http cache braces@https://registry.npmjs.org/braces/-/braces-3.0.3.tgz 0ms (cache hit)
1290 http cache brotli@https://registry.npmjs.org/brotli/-/brotli-1.3.3.tgz 0ms (cache hit)
1291 http cache brace-expansion@https://registry.npmjs.org/brace-expansion/-/brace-expansion-1.1.12.tgz 0ms (cache hit)
1292 http cache bowser@https://registry.npmjs.org/bowser/-/bowser-2.12.1.tgz 0ms (cache hit)
1293 http cache d3-path@https://registry.npmjs.org/d3-path/-/d3-path-3.1.0.tgz 0ms (cache hit)
1294 http cache bl@https://registry.npmjs.org/bl/-/bl-1.2.3.tgz 0ms (cache hit)
1295 http cache bluebird@https://registry.npmjs.org/bluebird/-/bluebird-3.7.2.tgz 0ms (cache hit)
1296 http cache big.js@https://registry.npmjs.org/big.js/-/big.js-5.2.2.tgz 0ms (cache hit)
1297 http cache binary-extensions@https://registry.npmjs.org/binary-extensions/-/binary-extensions-2.3.0.tgz 0ms (cache hit)
1298 http cache decimal.js-light@https://registry.npmjs.org/decimal.js-light/-/decimal.js-light-2.5.1.tgz 0ms (cache hit)
1299 http cache bidi-js@https://registry.npmjs.org/bidi-js/-/bidi-js-1.0.3.tgz 0ms (cache hit)
1300 http cache balanced-match@https://registry.npmjs.org/balanced-match/-/balanced-match-1.0.2.tgz 0ms (cache hit)
1301 http cache bcrypt-pbkdf@https://registry.npmjs.org/bcrypt-pbkdf/-/bcrypt-pbkdf-1.0.2.tgz 0ms (cache hit)
1302 http cache bail@https://registry.npmjs.org/bail/-/bail-2.0.2.tgz 0ms (cache hit)
1303 http cache axobject-query@https://registry.npmjs.org/axobject-query/-/axobject-query-4.1.0.tgz 0ms (cache hit)
1304 http cache axe-core@https://registry.npmjs.org/axe-core/-/axe-core-4.11.0.tgz 0ms (cache hit)
1305 http cache aws4@https://registry.npmjs.org/aws4/-/aws4-1.13.2.tgz 0ms (cache hit)
1306 http cache axios@https://registry.npmjs.org/axios/-/axios-1.12.2.tgz 0ms (cache hit)
1307 http cache available-typed-arrays@https://registry.npmjs.org/available-typed-arrays/-/available-typed-arrays-1.0.7.tgz 0ms (cache hit)
1308 http cache aws-sign2@https://registry.npmjs.org/aws-sign2/-/aws-sign2-0.7.0.tgz 0ms (cache hit)
1309 http cache attr-accept@https://registry.npmjs.org/attr-accept/-/attr-accept-2.2.5.tgz 0ms (cache hit)
1310 http cache async-function@https://registry.npmjs.org/async-function/-/async-function-1.0.0.tgz 0ms (cache hit)
1311 http cache asynckit@https://registry.npmjs.org/asynckit/-/asynckit-0.4.0.tgz 0ms (cache hit)
1312 http cache ast-types-flow@https://registry.npmjs.org/ast-types-flow/-/ast-types-flow-0.0.8.tgz 0ms (cache hit)
1313 http cache assert-plus@https://registry.npmjs.org/assert-plus/-/assert-plus-1.0.0.tgz 0ms (cache hit)
1314 http cache asn1@https://registry.npmjs.org/asn1/-/asn1-0.2.6.tgz 0ms (cache hit)
1315 http cache arraybuffer.prototype.slice@https://registry.npmjs.org/arraybuffer.prototype.slice/-/arraybuffer.prototype.slice-1.0.4.tgz 0ms (cache hit)
1316 http cache array.prototype.tosorted@https://registry.npmjs.org/array.prototype.tosorted/-/array.prototype.tosorted-1.1.4.tgz 0ms (cache hit)
1317 http cache array.prototype.findlastindex@https://registry.npmjs.org/array.prototype.findlastindex/-/array.prototype.findlastindex-1.2.6.tgz 0ms (cache hit)
1318 http cache array.prototype.flatmap@https://registry.npmjs.org/array.prototype.flatmap/-/array.prototype.flatmap-1.3.3.tgz 0ms (cache hit)
1319 http cache array.prototype.findlast@https://registry.npmjs.org/array.prototype.findlast/-/array.prototype.findlast-1.2.5.tgz 0ms (cache hit)
1320 http cache array.prototype.flat@https://registry.npmjs.org/array.prototype.flat/-/array.prototype.flat-1.3.3.tgz 0ms (cache hit)
1321 http cache array.prototype.findindex@https://registry.npmjs.org/array.prototype.findindex/-/array.prototype.findindex-2.2.4.tgz 0ms (cache hit)
1322 http cache array-union@https://registry.npmjs.org/array-union/-/array-union-2.1.0.tgz 0ms (cache hit)
1323 http cache array-buffer-byte-length@https://registry.npmjs.org/array-buffer-byte-length/-/array-buffer-byte-length-1.0.2.tgz 0ms (cache hit)
1324 http cache aria-query@https://registry.npmjs.org/aria-query/-/aria-query-5.3.2.tgz 0ms (cache hit)
1325 http cache array-includes@https://registry.npmjs.org/array-includes/-/array-includes-3.1.9.tgz 0ms (cache hit)
1326 http cache aria-hidden@https://registry.npmjs.org/aria-hidden/-/aria-hidden-1.2.6.tgz 0ms (cache hit)
1327 http cache argparse@https://registry.npmjs.org/argparse/-/argparse-2.0.1.tgz 0ms (cache hit)
1328 http cache arg@https://registry.npmjs.org/arg/-/arg-5.0.2.tgz 0ms (cache hit)
1329 http cache anymatch@https://registry.npmjs.org/anymatch/-/anymatch-3.1.3.tgz 0ms (cache hit)
1330 http cache any-promise@https://registry.npmjs.org/any-promise/-/any-promise-1.3.0.tgz 0ms (cache hit)
1331 http cache ansi-styles@https://registry.npmjs.org/ansi-styles/-/ansi-styles-4.3.0.tgz 0ms (cache hit)
1332 http cache ansi-regex@https://registry.npmjs.org/ansi-regex/-/ansi-regex-5.0.1.tgz 0ms (cache hit)
1333 http cache ajv-formats@https://registry.npmjs.org/ajv-formats/-/ajv-formats-2.1.1.tgz 0ms (cache hit)
1334 http cache ajv-keywords@https://registry.npmjs.org/ajv-keywords/-/ajv-keywords-3.5.2.tgz 0ms (cache hit)
1335 http cache ajv@https://registry.npmjs.org/ajv/-/ajv-6.12.6.tgz 0ms (cache hit)
1336 http cache acorn-jsx@https://registry.npmjs.org/acorn-jsx/-/acorn-jsx-5.3.2.tgz 0ms (cache hit)
1337 http cache adler-32@https://registry.npmjs.org/adler-32/-/adler-32-1.3.1.tgz 0ms (cache hit)
1338 http cache acorn-import-phases@https://registry.npmjs.org/acorn-import-phases/-/acorn-import-phases-1.0.4.tgz 0ms (cache hit)
1339 http cache acorn@https://registry.npmjs.org/acorn/-/acorn-8.15.0.tgz 0ms (cache hit)
1340 http cache abs-svg-path@https://registry.npmjs.org/abs-svg-path/-/abs-svg-path-0.1.1.tgz 0ms (cache hit)
1341 http cache @yarnpkg/lockfile@https://registry.npmjs.org/@yarnpkg/lockfile/-/lockfile-1.1.0.tgz 0ms (cache hit)
1342 http cache @xtuc/ieee754@https://registry.npmjs.org/@xtuc/ieee754/-/ieee754-1.2.0.tgz 0ms (cache hit)
1343 http cache @xtuc/long@https://registry.npmjs.org/@xtuc/long/-/long-4.2.2.tgz 0ms (cache hit)
1344 http cache @webassemblyjs/wast-printer@https://registry.npmjs.org/@webassemblyjs/wast-printer/-/wast-printer-1.14.1.tgz 0ms (cache hit)
1345 http cache @webassemblyjs/wasm-opt@https://registry.npmjs.org/@webassemblyjs/wasm-opt/-/wasm-opt-1.14.1.tgz 0ms (cache hit)
1346 http cache @webassemblyjs/wasm-parser@https://registry.npmjs.org/@webassemblyjs/wasm-parser/-/wasm-parser-1.14.1.tgz 0ms (cache hit)
1347 http cache @webassemblyjs/wasm-gen@https://registry.npmjs.org/@webassemblyjs/wasm-gen/-/wasm-gen-1.14.1.tgz 0ms (cache hit)
1348 http cache @webassemblyjs/wasm-edit@https://registry.npmjs.org/@webassemblyjs/wasm-edit/-/wasm-edit-1.14.1.tgz 0ms (cache hit)
1349 http cache @webassemblyjs/leb128@https://registry.npmjs.org/@webassemblyjs/leb128/-/leb128-1.13.2.tgz 0ms (cache hit)
1350 http cache @webassemblyjs/utf8@https://registry.npmjs.org/@webassemblyjs/utf8/-/utf8-1.13.2.tgz 0ms (cache hit)
1351 http cache @webassemblyjs/ieee754@https://registry.npmjs.org/@webassemblyjs/ieee754/-/ieee754-1.13.2.tgz 0ms (cache hit)
1352 http cache @webassemblyjs/helper-wasm-section@https://registry.npmjs.org/@webassemblyjs/helper-wasm-section/-/helper-wasm-section-1.14.1.tgz 0ms (cache hit)
1353 http cache @webassemblyjs/helper-wasm-bytecode@https://registry.npmjs.org/@webassemblyjs/helper-wasm-bytecode/-/helper-wasm-bytecode-1.13.2.tgz 0ms (cache hit)
1354 http cache @webassemblyjs/helper-buffer@https://registry.npmjs.org/@webassemblyjs/helper-buffer/-/helper-buffer-1.14.1.tgz 0ms (cache hit)
1355 http cache @webassemblyjs/helper-numbers@https://registry.npmjs.org/@webassemblyjs/helper-numbers/-/helper-numbers-1.13.2.tgz 0ms (cache hit)
1356 http cache @webassemblyjs/helper-api-error@https://registry.npmjs.org/@webassemblyjs/helper-api-error/-/helper-api-error-1.13.2.tgz 1ms (cache hit)
1357 http cache @webassemblyjs/ast@https://registry.npmjs.org/@webassemblyjs/ast/-/ast-1.14.1.tgz 0ms (cache hit)
1358 http cache @unrs/resolver-binding-darwin-x64@https://registry.npmjs.org/@unrs/resolver-binding-darwin-x64/-/resolver-binding-darwin-x64-1.11.1.tgz 0ms (cache hit)
1359 http cache @ungap/structured-clone@https://registry.npmjs.org/@ungap/structured-clone/-/structured-clone-1.3.0.tgz 0ms (cache hit)
1360 http cache @typescript-eslint/visitor-keys@https://registry.npmjs.org/@typescript-eslint/visitor-keys/-/visitor-keys-7.2.0.tgz 0ms (cache hit)
1361 http cache @typescript-eslint/types@https://registry.npmjs.org/@typescript-eslint/types/-/types-7.2.0.tgz 0ms (cache hit)
1362 http cache @typescript-eslint/typescript-estree@https://registry.npmjs.org/@typescript-eslint/typescript-estree/-/typescript-estree-7.2.0.tgz 0ms (cache hit)
1363 http cache @typescript-eslint/scope-manager@https://registry.npmjs.org/@typescript-eslint/scope-manager/-/scope-manager-7.2.0.tgz 0ms (cache hit)
1364 http cache @typescript-eslint/parser@https://registry.npmjs.org/@typescript-eslint/parser/-/parser-7.2.0.tgz 0ms (cache hit)
1365 http cache @webassemblyjs/floating-point-hex-parser@https://registry.npmjs.org/@webassemblyjs/floating-point-hex-parser/-/floating-point-hex-parser-1.13.2.tgz 0ms (cache hit)
1366 http cache @types/uuid@https://registry.npmjs.org/@types/uuid/-/uuid-10.0.0.tgz 0ms (cache hit)
1367 http cache @types/tough-cookie@https://registry.npmjs.org/@types/tough-cookie/-/tough-cookie-4.0.5.tgz 0ms (cache hit)
1368 http cache @types/unist@https://registry.npmjs.org/@types/unist/-/unist-3.0.3.tgz 0ms (cache hit)
1369 http cache @types/request@https://registry.npmjs.org/@types/request/-/request-2.48.13.tgz 0ms (cache hit)
1370 http cache @types/react-pdf@https://registry.npmjs.org/@types/react-pdf/-/react-pdf-7.0.0.tgz 0ms (cache hit)
1371 http cache @types/react@https://registry.npmjs.org/@types/react/-/react-18.3.26.tgz 0ms (cache hit)
1372 http cache @types/react-dom@https://registry.npmjs.org/@types/react-dom/-/react-dom-18.3.7.tgz 0ms (cache hit)
1373 http cache @types/node-telegram-bot-api@https://registry.npmjs.org/@types/node-telegram-bot-api/-/node-telegram-bot-api-0.64.11.tgz 0ms (cache hit)
1374 http cache @types/prop-types@https://registry.npmjs.org/@types/prop-types/-/prop-types-15.7.15.tgz 0ms (cache hit)
1375 http cache @types/node@https://registry.npmjs.org/@types/node/-/node-20.19.23.tgz 0ms (cache hit)
1376 http cache @types/ms@https://registry.npmjs.org/@types/ms/-/ms-2.1.0.tgz 0ms (cache hit)
1377 http cache @types/lodash@https://registry.npmjs.org/@types/lodash/-/lodash-4.17.20.tgz 0ms (cache hit)
1378 http cache @types/mdast@https://registry.npmjs.org/@types/mdast/-/mdast-4.0.4.tgz 0ms (cache hit)
1379 http cache @types/json-schema@https://registry.npmjs.org/@types/json-schema/-/json-schema-7.0.15.tgz 0ms (cache hit)
1380 http cache @types/json5@https://registry.npmjs.org/@types/json5/-/json5-0.0.29.tgz 0ms (cache hit)
1381 http cache @types/hast@https://registry.npmjs.org/@types/hast/-/hast-3.0.4.tgz 0ms (cache hit)
1382 http cache @types/file-saver@https://registry.npmjs.org/@types/file-saver/-/file-saver-2.0.7.tgz 0ms (cache hit)
1383 http cache @types/estree-jsx@https://registry.npmjs.org/@types/estree-jsx/-/estree-jsx-1.0.5.tgz 0ms (cache hit)
1384 http cache @types/estree@https://registry.npmjs.org/@types/estree/-/estree-1.0.8.tgz 0ms (cache hit)
1385 http cache @types/eslint-scope@https://registry.npmjs.org/@types/eslint-scope/-/eslint-scope-3.7.7.tgz 0ms (cache hit)
1386 http cache @types/eslint@https://registry.npmjs.org/@types/eslint/-/eslint-9.6.1.tgz 0ms (cache hit)
1387 http cache @types/debug@https://registry.npmjs.org/@types/debug/-/debug-4.1.12.tgz 0ms (cache hit)
1388 http cache @types/d3-timer@https://registry.npmjs.org/@types/d3-timer/-/d3-timer-3.0.2.tgz 0ms (cache hit)
1389 http cache @types/d3-time@https://registry.npmjs.org/@types/d3-time/-/d3-time-3.0.4.tgz 0ms (cache hit)
1390 http cache @types/d3-scale@https://registry.npmjs.org/@types/d3-scale/-/d3-scale-4.0.9.tgz 0ms (cache hit)
1391 http cache @types/d3-shape@https://registry.npmjs.org/@types/d3-shape/-/d3-shape-3.1.7.tgz 0ms (cache hit)
1392 http cache @types/d3-path@https://registry.npmjs.org/@types/d3-path/-/d3-path-3.1.1.tgz 0ms (cache hit)
1393 http cache @types/d3-interpolate@https://registry.npmjs.org/@types/d3-interpolate/-/d3-interpolate-3.0.4.tgz 0ms (cache hit)
1394 http cache @types/d3-ease@https://registry.npmjs.org/@types/d3-ease/-/d3-ease-3.0.2.tgz 0ms (cache hit)
1395 http cache @types/d3-color@https://registry.npmjs.org/@types/d3-color/-/d3-color-3.1.3.tgz 0ms (cache hit)
1396 http cache @types/d3-array@https://registry.npmjs.org/@types/d3-array/-/d3-array-3.2.2.tgz 0ms (cache hit)
1397 http cache @telegram-apps/types@https://registry.npmjs.org/@telegram-apps/types/-/types-2.0.3.tgz 0ms (cache hit)
1398 http cache @types/caseless@https://registry.npmjs.org/@types/caseless/-/caseless-0.12.5.tgz 0ms (cache hit)
1399 http cache @telegram-apps/transformers@https://registry.npmjs.org/@telegram-apps/transformers/-/transformers-2.2.6.tgz 0ms (cache hit)
1400 http cache @telegram-apps/toolkit@https://registry.npmjs.org/@telegram-apps/toolkit/-/toolkit-2.1.3.tgz 0ms (cache hit)
1401 http cache @telegram-apps/init-data-node@https://registry.npmjs.org/@telegram-apps/init-data-node/-/init-data-node-2.0.10.tgz 0ms (cache hit)
1402 http cache @tanstack/react-query@https://registry.npmjs.org/@tanstack/react-query/-/react-query-5.90.5.tgz 0ms (cache hit)
1403 http cache @tailwindcss/typography@https://registry.npmjs.org/@tailwindcss/typography/-/typography-0.5.19.tgz 0ms (cache hit)
1404 http cache @tanstack/query-core@https://registry.npmjs.org/@tanstack/query-core/-/query-core-5.90.5.tgz 0ms (cache hit)
1405 http cache @tabler/icons-react@https://registry.npmjs.org/@tabler/icons-react/-/icons-react-3.35.0.tgz 0ms (cache hit)
1406 http cache @swc/helpers@https://registry.npmjs.org/@swc/helpers/-/helpers-0.5.17.tgz 0ms (cache hit)
1407 http cache @tabler/icons@https://registry.npmjs.org/@tabler/icons/-/icons-3.35.0.tgz 0ms (cache hit)
1408 http cache @swc/counter@https://registry.npmjs.org/@swc/counter/-/counter-0.1.3.tgz 0ms (cache hit)
1409 http cache @smithy/util-waiter@https://registry.npmjs.org/@smithy/util-waiter/-/util-waiter-4.2.4.tgz 0ms (cache hit)
1410 http cache @smithy/uuid@https://registry.npmjs.org/@smithy/uuid/-/uuid-1.1.0.tgz 0ms (cache hit)
1411 http cache @smithy/util-utf8@https://registry.npmjs.org/@smithy/util-utf8/-/util-utf8-4.2.0.tgz 0ms (cache hit)
1412 http cache @smithy/util-stream@https://registry.npmjs.org/@smithy/util-stream/-/util-stream-4.5.5.tgz 0ms (cache hit)
1413 http cache @smithy/util-uri-escape@https://registry.npmjs.org/@smithy/util-uri-escape/-/util-uri-escape-4.2.0.tgz 0ms (cache hit)
1414 http cache @smithy/util-retry@https://registry.npmjs.org/@smithy/util-retry/-/util-retry-4.2.4.tgz 0ms (cache hit)
1415 http cache @smithy/util-hex-encoding@https://registry.npmjs.org/@smithy/util-hex-encoding/-/util-hex-encoding-4.2.0.tgz 0ms (cache hit)
1416 http cache @smithy/util-middleware@https://registry.npmjs.org/@smithy/util-middleware/-/util-middleware-4.2.4.tgz 0ms (cache hit)
1417 http cache @smithy/util-endpoints@https://registry.npmjs.org/@smithy/util-endpoints/-/util-endpoints-3.2.4.tgz 0ms (cache hit)
1418 http cache @smithy/util-defaults-mode-browser@https://registry.npmjs.org/@smithy/util-defaults-mode-browser/-/util-defaults-mode-browser-4.3.5.tgz 0ms (cache hit)
1419 http cache @smithy/util-defaults-mode-node@https://registry.npmjs.org/@smithy/util-defaults-mode-node/-/util-defaults-mode-node-4.2.8.tgz 0ms (cache hit)
1420 http cache @smithy/util-config-provider@https://registry.npmjs.org/@smithy/util-config-provider/-/util-config-provider-4.2.0.tgz 0ms (cache hit)
1421 http cache @smithy/util-body-length-node@https://registry.npmjs.org/@smithy/util-body-length-node/-/util-body-length-node-4.2.1.tgz 0ms (cache hit)
1422 http cache @smithy/util-buffer-from@https://registry.npmjs.org/@smithy/util-buffer-from/-/util-buffer-from-4.2.0.tgz 0ms (cache hit)
1423 http cache @smithy/util-body-length-browser@https://registry.npmjs.org/@smithy/util-body-length-browser/-/util-body-length-browser-4.2.0.tgz 0ms (cache hit)
1424 http cache @smithy/url-parser@https://registry.npmjs.org/@smithy/url-parser/-/url-parser-4.2.4.tgz 0ms (cache hit)
1425 http cache @smithy/util-base64@https://registry.npmjs.org/@smithy/util-base64/-/util-base64-4.3.0.tgz 0ms (cache hit)
1426 http cache @smithy/types@https://registry.npmjs.org/@smithy/types/-/types-4.8.1.tgz 0ms (cache hit)
1427 http cache @smithy/signature-v4@https://registry.npmjs.org/@smithy/signature-v4/-/signature-v4-5.3.4.tgz 0ms (cache hit)
1428 http cache @smithy/smithy-client@https://registry.npmjs.org/@smithy/smithy-client/-/smithy-client-4.9.2.tgz 0ms (cache hit)
1429 http cache @smithy/shared-ini-file-loader@https://registry.npmjs.org/@smithy/shared-ini-file-loader/-/shared-ini-file-loader-4.3.4.tgz 0ms (cache hit)
1430 http cache @smithy/querystring-parser@https://registry.npmjs.org/@smithy/querystring-parser/-/querystring-parser-4.2.4.tgz 0ms (cache hit)
1431 http cache @smithy/querystring-builder@https://registry.npmjs.org/@smithy/querystring-builder/-/querystring-builder-4.2.4.tgz 0ms (cache hit)
1432 http cache @smithy/service-error-classification@https://registry.npmjs.org/@smithy/service-error-classification/-/service-error-classification-4.2.4.tgz 0ms (cache hit)
1433 http cache @smithy/node-http-handler@https://registry.npmjs.org/@smithy/node-http-handler/-/node-http-handler-4.4.4.tgz 0ms (cache hit)
1434 http cache @smithy/protocol-http@https://registry.npmjs.org/@smithy/protocol-http/-/protocol-http-5.3.4.tgz 0ms (cache hit)
1435 http cache @smithy/property-provider@https://registry.npmjs.org/@smithy/property-provider/-/property-provider-4.2.4.tgz 0ms (cache hit)
1436 http cache @smithy/middleware-serde@https://registry.npmjs.org/@smithy/middleware-serde/-/middleware-serde-4.2.4.tgz 0ms (cache hit)
1437 http cache @smithy/node-config-provider@https://registry.npmjs.org/@smithy/node-config-provider/-/node-config-provider-4.3.4.tgz 0ms (cache hit)
1438 http cache @smithy/middleware-stack@https://registry.npmjs.org/@smithy/middleware-stack/-/middleware-stack-4.2.4.tgz 0ms (cache hit)
1439 http cache @smithy/middleware-retry@https://registry.npmjs.org/@smithy/middleware-retry/-/middleware-retry-4.4.6.tgz 0ms (cache hit)
1440 http cache @smithy/middleware-content-length@https://registry.npmjs.org/@smithy/middleware-content-length/-/middleware-content-length-4.2.4.tgz 0ms (cache hit)
1441 http cache @smithy/middleware-endpoint@https://registry.npmjs.org/@smithy/middleware-endpoint/-/middleware-endpoint-4.3.6.tgz 0ms (cache hit)
1442 http cache @smithy/md5-js@https://registry.npmjs.org/@smithy/md5-js/-/md5-js-4.2.4.tgz 0ms (cache hit)
1443 http cache @smithy/invalid-dependency@https://registry.npmjs.org/@smithy/invalid-dependency/-/invalid-dependency-4.2.4.tgz 0ms (cache hit)
1444 http cache @smithy/is-array-buffer@https://registry.npmjs.org/@smithy/is-array-buffer/-/is-array-buffer-4.2.0.tgz 0ms (cache hit)
1445 http cache @smithy/hash-stream-node@https://registry.npmjs.org/@smithy/hash-stream-node/-/hash-stream-node-4.2.4.tgz 0ms (cache hit)
1446 http cache @smithy/hash-blob-browser@https://registry.npmjs.org/@smithy/hash-blob-browser/-/hash-blob-browser-4.2.5.tgz 0ms (cache hit)
1447 http cache @smithy/hash-node@https://registry.npmjs.org/@smithy/hash-node/-/hash-node-4.2.4.tgz 0ms (cache hit)
1448 http cache @smithy/fetch-http-handler@https://registry.npmjs.org/@smithy/fetch-http-handler/-/fetch-http-handler-5.3.5.tgz 0ms (cache hit)
1449 http cache @smithy/eventstream-serde-node@https://registry.npmjs.org/@smithy/eventstream-serde-node/-/eventstream-serde-node-4.2.4.tgz 0ms (cache hit)
1450 http cache @smithy/eventstream-serde-universal@https://registry.npmjs.org/@smithy/eventstream-serde-universal/-/eventstream-serde-universal-4.2.4.tgz 1ms (cache hit)
1451 http cache @smithy/eventstream-serde-config-resolver@https://registry.npmjs.org/@smithy/eventstream-serde-config-resolver/-/eventstream-serde-config-resolver-4.3.4.tgz 0ms (cache hit)
1452 http cache @smithy/eventstream-codec@https://registry.npmjs.org/@smithy/eventstream-codec/-/eventstream-codec-4.2.4.tgz 0ms (cache hit)
1453 http cache @smithy/eventstream-serde-browser@https://registry.npmjs.org/@smithy/eventstream-serde-browser/-/eventstream-serde-browser-4.2.4.tgz 0ms (cache hit)
1454 http cache @smithy/credential-provider-imds@https://registry.npmjs.org/@smithy/credential-provider-imds/-/credential-provider-imds-4.2.4.tgz 0ms (cache hit)
1455 http cache @smithy/core@https://registry.npmjs.org/@smithy/core/-/core-3.17.2.tgz 0ms (cache hit)
1456 http cache @smithy/config-resolver@https://registry.npmjs.org/@smithy/config-resolver/-/config-resolver-4.4.2.tgz 0ms (cache hit)
1457 http cache @smithy/chunked-blob-reader-native@https://registry.npmjs.org/@smithy/chunked-blob-reader-native/-/chunked-blob-reader-native-4.2.1.tgz 0ms (cache hit)
1458 http cache @smithy/abort-controller@https://registry.npmjs.org/@smithy/abort-controller/-/abort-controller-4.2.4.tgz 0ms (cache hit)
1459 http cache @smithy/chunked-blob-reader@https://registry.npmjs.org/@smithy/chunked-blob-reader/-/chunked-blob-reader-5.2.0.tgz 0ms (cache hit)
1460 http cache @rushstack/eslint-patch@https://registry.npmjs.org/@rushstack/eslint-patch/-/eslint-patch-1.14.0.tgz 0ms (cache hit)
1461 http cache @react-pdf/types@https://registry.npmjs.org/@react-pdf/types/-/types-2.9.1.tgz 0ms (cache hit)
1462 http cache @rtsao/scc@https://registry.npmjs.org/@rtsao/scc/-/scc-1.1.0.tgz 0ms (cache hit)
1463 http cache @react-pdf/textkit@https://registry.npmjs.org/@react-pdf/textkit/-/textkit-4.4.1.tgz 0ms (cache hit)
1464 http cache @react-pdf/stylesheet@https://registry.npmjs.org/@react-pdf/stylesheet/-/stylesheet-4.3.0.tgz 0ms (cache hit)
1465 http cache @react-pdf/renderer@https://registry.npmjs.org/@react-pdf/renderer/-/renderer-3.4.5.tgz 0ms (cache hit)
1466 http cache @react-pdf/render@https://registry.npmjs.org/@react-pdf/render/-/render-3.5.0.tgz 0ms (cache hit)
1467 http cache @react-pdf/png-js@https://registry.npmjs.org/@react-pdf/png-js/-/png-js-2.3.1.tgz 0ms (cache hit)
1468 http cache @react-pdf/primitives@https://registry.npmjs.org/@react-pdf/primitives/-/primitives-3.1.1.tgz 0ms (cache hit)
1469 http cache @react-pdf/pdfkit@https://registry.npmjs.org/@react-pdf/pdfkit/-/pdfkit-3.2.0.tgz 0ms (cache hit)
1470 http cache @react-pdf/image@https://registry.npmjs.org/@react-pdf/image/-/image-2.3.6.tgz 0ms (cache hit)
1471 http cache @react-pdf/layout@https://registry.npmjs.org/@react-pdf/layout/-/layout-3.13.0.tgz 0ms (cache hit)
1472 http cache @react-pdf/font@https://registry.npmjs.org/@react-pdf/font/-/font-2.5.2.tgz 0ms (cache hit)
1473 http cache @radix-ui/rect@https://registry.npmjs.org/@radix-ui/rect/-/rect-1.1.1.tgz 0ms (cache hit)
1474 http cache @react-pdf/fns@https://registry.npmjs.org/@react-pdf/fns/-/fns-2.2.1.tgz 0ms (cache hit)
1475 http cache @radix-ui/react-visually-hidden@https://registry.npmjs.org/@radix-ui/react-visually-hidden/-/react-visually-hidden-1.2.3.tgz 0ms (cache hit)
1476 http cache @radix-ui/react-use-rect@https://registry.npmjs.org/@radix-ui/react-use-rect/-/react-use-rect-1.1.1.tgz 0ms (cache hit)
1477 http cache @radix-ui/react-use-size@https://registry.npmjs.org/@radix-ui/react-use-size/-/react-use-size-1.1.1.tgz 0ms (cache hit)
1478 http cache @radix-ui/react-use-previous@https://registry.npmjs.org/@radix-ui/react-use-previous/-/react-use-previous-1.1.1.tgz 0ms (cache hit)
1479 http cache @radix-ui/react-use-is-hydrated@https://registry.npmjs.org/@radix-ui/react-use-is-hydrated/-/react-use-is-hydrated-0.1.0.tgz 0ms (cache hit)
1480 http cache @radix-ui/react-use-layout-effect@https://registry.npmjs.org/@radix-ui/react-use-layout-effect/-/react-use-layout-effect-1.1.1.tgz 0ms (cache hit)
1481 http cache @radix-ui/react-use-escape-keydown@https://registry.npmjs.org/@radix-ui/react-use-escape-keydown/-/react-use-escape-keydown-1.1.1.tgz 0ms (cache hit)
1482 http cache @radix-ui/react-use-effect-event@https://registry.npmjs.org/@radix-ui/react-use-effect-event/-/react-use-effect-event-0.0.2.tgz 0ms (cache hit)
1483 http cache @radix-ui/react-use-controllable-state@https://registry.npmjs.org/@radix-ui/react-use-controllable-state/-/react-use-controllable-state-1.2.2.tgz 0ms (cache hit)
1484 http cache @radix-ui/react-use-callback-ref@https://registry.npmjs.org/@radix-ui/react-use-callback-ref/-/react-use-callback-ref-1.1.1.tgz 0ms (cache hit)
1485 http cache @radix-ui/react-toast@https://registry.npmjs.org/@radix-ui/react-toast/-/react-toast-1.2.15.tgz 0ms (cache hit)
1486 http cache @radix-ui/react-tabs@https://registry.npmjs.org/@radix-ui/react-tabs/-/react-tabs-1.1.13.tgz 0ms (cache hit)
1487 http cache @radix-ui/react-tooltip@https://registry.npmjs.org/@radix-ui/react-tooltip/-/react-tooltip-1.2.8.tgz 0ms (cache hit)
1488 http cache @radix-ui/react-switch@https://registry.npmjs.org/@radix-ui/react-switch/-/react-switch-1.2.6.tgz 0ms (cache hit)
1489 http cache @radix-ui/react-slot@https://registry.npmjs.org/@radix-ui/react-slot/-/react-slot-1.2.3.tgz 0ms (cache hit)
1490 http cache @radix-ui/react-slider@https://registry.npmjs.org/@radix-ui/react-slider/-/react-slider-1.3.6.tgz 0ms (cache hit)
1491 http cache @radix-ui/react-scroll-area@https://registry.npmjs.org/@radix-ui/react-scroll-area/-/react-scroll-area-1.2.10.tgz 0ms (cache hit)
1492 http cache @radix-ui/react-select@https://registry.npmjs.org/@radix-ui/react-select/-/react-select-2.2.6.tgz 0ms (cache hit)
1493 http cache @radix-ui/react-separator@https://registry.npmjs.org/@radix-ui/react-separator/-/react-separator-1.1.7.tgz 0ms (cache hit)
1494 http cache @radix-ui/react-roving-focus@https://registry.npmjs.org/@radix-ui/react-roving-focus/-/react-roving-focus-1.1.11.tgz 0ms (cache hit)
1495 http cache @radix-ui/react-radio-group@https://registry.npmjs.org/@radix-ui/react-radio-group/-/react-radio-group-1.3.8.tgz 0ms (cache hit)
1496 http cache @radix-ui/react-progress@https://registry.npmjs.org/@radix-ui/react-progress/-/react-progress-1.1.7.tgz 0ms (cache hit)
1497 http cache @radix-ui/react-presence@https://registry.npmjs.org/@radix-ui/react-presence/-/react-presence-1.1.5.tgz 0ms (cache hit)
1498 http cache @radix-ui/react-portal@https://registry.npmjs.org/@radix-ui/react-portal/-/react-portal-1.1.9.tgz 0ms (cache hit)
1499 http cache @radix-ui/react-primitive@https://registry.npmjs.org/@radix-ui/react-primitive/-/react-primitive-2.1.3.tgz 0ms (cache hit)
1500 http cache @radix-ui/react-popper@https://registry.npmjs.org/@radix-ui/react-popper/-/react-popper-1.2.8.tgz 0ms (cache hit)
1501 http cache @radix-ui/react-menubar@https://registry.npmjs.org/@radix-ui/react-menubar/-/react-menubar-1.1.16.tgz 0ms (cache hit)
1502 http cache @radix-ui/react-popover@https://registry.npmjs.org/@radix-ui/react-popover/-/react-popover-1.1.15.tgz 0ms (cache hit)
1503 http cache @radix-ui/react-menu@https://registry.npmjs.org/@radix-ui/react-menu/-/react-menu-2.1.16.tgz 0ms (cache hit)
1504 http cache @radix-ui/react-label@https://registry.npmjs.org/@radix-ui/react-label/-/react-label-2.1.7.tgz 0ms (cache hit)
1505 http cache @radix-ui/react-id@https://registry.npmjs.org/@radix-ui/react-id/-/react-id-1.1.1.tgz 0ms (cache hit)
1506 http cache @radix-ui/react-focus-scope@https://registry.npmjs.org/@radix-ui/react-focus-scope/-/react-focus-scope-1.1.7.tgz 0ms (cache hit)
1507 http cache @radix-ui/react-dropdown-menu@https://registry.npmjs.org/@radix-ui/react-dropdown-menu/-/react-dropdown-menu-2.1.16.tgz 0ms (cache hit)
1508 http cache @radix-ui/react-focus-guards@https://registry.npmjs.org/@radix-ui/react-focus-guards/-/react-focus-guards-1.1.3.tgz 0ms (cache hit)
1509 http cache @radix-ui/react-dismissable-layer@https://registry.npmjs.org/@radix-ui/react-dismissable-layer/-/react-dismissable-layer-1.1.11.tgz 0ms (cache hit)
1510 http cache @radix-ui/react-direction@https://registry.npmjs.org/@radix-ui/react-direction/-/react-direction-1.1.1.tgz 0ms (cache hit)
1511 http cache @radix-ui/react-dialog@https://registry.npmjs.org/@radix-ui/react-dialog/-/react-dialog-1.1.15.tgz 0ms (cache hit)
1512 http cache @radix-ui/react-context@https://registry.npmjs.org/@radix-ui/react-context/-/react-context-1.1.2.tgz 0ms (cache hit)
1513 http cache @radix-ui/react-collection@https://registry.npmjs.org/@radix-ui/react-collection/-/react-collection-1.1.7.tgz 0ms (cache hit)
1514 http cache @radix-ui/react-compose-refs@https://registry.npmjs.org/@radix-ui/react-compose-refs/-/react-compose-refs-1.1.2.tgz 0ms (cache hit)
1515 http cache @radix-ui/react-collapsible@https://registry.npmjs.org/@radix-ui/react-collapsible/-/react-collapsible-1.1.12.tgz 0ms (cache hit)
1516 http cache @radix-ui/react-checkbox@https://registry.npmjs.org/@radix-ui/react-checkbox/-/react-checkbox-1.3.3.tgz 0ms (cache hit)
1517 http cache @radix-ui/react-avatar@https://registry.npmjs.org/@radix-ui/react-avatar/-/react-avatar-1.1.10.tgz 0ms (cache hit)
1518 http cache @radix-ui/react-arrow@https://registry.npmjs.org/@radix-ui/react-arrow/-/react-arrow-1.1.7.tgz 0ms (cache hit)
1519 http cache @radix-ui/react-accordion@https://registry.npmjs.org/@radix-ui/react-accordion/-/react-accordion-1.2.12.tgz 0ms (cache hit)
1520 http cache @radix-ui/react-alert-dialog@https://registry.npmjs.org/@radix-ui/react-alert-dialog/-/react-alert-dialog-1.1.15.tgz 0ms (cache hit)
1521 http cache @radix-ui/primitive@https://registry.npmjs.org/@radix-ui/primitive/-/primitive-1.1.3.tgz 0ms (cache hit)
1522 http cache @protobufjs/utf8@https://registry.npmjs.org/@protobufjs/utf8/-/utf8-1.1.0.tgz 0ms (cache hit)
1523 http cache @radix-ui/number@https://registry.npmjs.org/@radix-ui/number/-/number-1.1.1.tgz 0ms (cache hit)
1524 http cache @protobufjs/pool@https://registry.npmjs.org/@protobufjs/pool/-/pool-1.1.0.tgz 0ms (cache hit)
1525 http cache @protobufjs/inquire@https://registry.npmjs.org/@protobufjs/inquire/-/inquire-1.1.0.tgz 0ms (cache hit)
1526 http cache @protobufjs/float@https://registry.npmjs.org/@protobufjs/float/-/float-1.0.2.tgz 0ms (cache hit)
1527 http cache @protobufjs/path@https://registry.npmjs.org/@protobufjs/path/-/path-1.1.2.tgz 0ms (cache hit)
1528 http cache @protobufjs/codegen@https://registry.npmjs.org/@protobufjs/codegen/-/codegen-2.0.4.tgz 0ms (cache hit)
1529 http cache @protobufjs/eventemitter@https://registry.npmjs.org/@protobufjs/eventemitter/-/eventemitter-1.1.0.tgz 1ms (cache hit)
1530 http cache @protobufjs/fetch@https://registry.npmjs.org/@protobufjs/fetch/-/fetch-1.1.0.tgz 0ms (cache hit)
1531 http cache @pkgjs/parseargs@https://registry.npmjs.org/@pkgjs/parseargs/-/parseargs-0.11.0.tgz 0ms (cache hit)
1532 http cache @protobufjs/base64@https://registry.npmjs.org/@protobufjs/base64/-/base64-1.1.2.tgz 0ms (cache hit)
1533 http cache @protobufjs/aspromise@https://registry.npmjs.org/@protobufjs/aspromise/-/aspromise-1.1.2.tgz 0ms (cache hit)
1534 http cache @pdf-lib/upng@https://registry.npmjs.org/@pdf-lib/upng/-/upng-1.0.1.tgz 0ms (cache hit)
1535 http cache @nolyfill/is-core-module@https://registry.npmjs.org/@nolyfill/is-core-module/-/is-core-module-1.0.39.tgz 0ms (cache hit)
1536 http cache @pdf-lib/standard-fonts@https://registry.npmjs.org/@pdf-lib/standard-fonts/-/standard-fonts-1.0.0.tgz 0ms (cache hit)
1537 http cache @nodelib/fs.walk@https://registry.npmjs.org/@nodelib/fs.walk/-/fs.walk-1.2.8.tgz 0ms (cache hit)
1538 http cache @nodelib/fs.stat@https://registry.npmjs.org/@nodelib/fs.stat/-/fs.stat-2.0.5.tgz 0ms (cache hit)
1539 http cache @nodelib/fs.scandir@https://registry.npmjs.org/@nodelib/fs.scandir/-/fs.scandir-2.1.5.tgz 0ms (cache hit)
1540 http cache @next/swc-darwin-x64@https://registry.npmjs.org/@next/swc-darwin-x64/-/swc-darwin-x64-14.2.33.tgz 0ms (cache hit)
1541 http cache @next/env@https://registry.npmjs.org/@next/env/-/env-14.2.35.tgz 0ms (cache hit)
1542 http cache @next/eslint-plugin-next@https://registry.npmjs.org/@next/eslint-plugin-next/-/eslint-plugin-next-14.2.5.tgz 0ms (cache hit)
1543 http cache @napi-rs/canvas-darwin-x64@https://registry.npmjs.org/@napi-rs/canvas-darwin-x64/-/canvas-darwin-x64-0.1.80.tgz 0ms (cache hit)
1544 http cache @napi-rs/canvas@https://registry.npmjs.org/@napi-rs/canvas/-/canvas-0.1.80.tgz 0ms (cache hit)
1545 http cache @jridgewell/trace-mapping@https://registry.npmjs.org/@jridgewell/trace-mapping/-/trace-mapping-0.3.31.tgz 0ms (cache hit)
1546 http cache @jridgewell/sourcemap-codec@https://registry.npmjs.org/@jridgewell/sourcemap-codec/-/sourcemap-codec-1.5.5.tgz 0ms (cache hit)
1547 http cache @jridgewell/resolve-uri@https://registry.npmjs.org/@jridgewell/resolve-uri/-/resolve-uri-3.1.2.tgz 0ms (cache hit)
1548 http cache @humanwhocodes/object-schema@https://registry.npmjs.org/@humanwhocodes/object-schema/-/object-schema-2.0.3.tgz 0ms (cache hit)
1549 http cache @jridgewell/gen-mapping@https://registry.npmjs.org/@jridgewell/gen-mapping/-/gen-mapping-0.3.13.tgz 0ms (cache hit)
1550 http cache @humanwhocodes/module-importer@https://registry.npmjs.org/@humanwhocodes/module-importer/-/module-importer-1.0.1.tgz 0ms (cache hit)
1551 http cache @isaacs/cliui@https://registry.npmjs.org/@isaacs/cliui/-/cliui-8.0.2.tgz 0ms (cache hit)
1552 http cache @hookform/resolvers@https://registry.npmjs.org/@hookform/resolvers/-/resolvers-3.10.0.tgz 0ms (cache hit)
1553 http cache @humanwhocodes/config-array@https://registry.npmjs.org/@humanwhocodes/config-array/-/config-array-0.13.0.tgz 0ms (cache hit)
1554 http cache @google/generative-ai@https://registry.npmjs.org/@google/generative-ai/-/generative-ai-0.16.1.tgz 1ms (cache hit)
1555 http cache @floating-ui/react-dom@https://registry.npmjs.org/@floating-ui/react-dom/-/react-dom-2.1.6.tgz 0ms (cache hit)
1556 http cache @floating-ui/core@https://registry.npmjs.org/@floating-ui/core/-/core-1.7.3.tgz 0ms (cache hit)
1557 http cache @grpc/proto-loader@https://registry.npmjs.org/@grpc/proto-loader/-/proto-loader-0.7.15.tgz 0ms (cache hit)
1558 http cache base64-js@https://registry.npmjs.org/base64-js/-/base64-js-1.5.1.tgz 0ms (cache hit)
1559 http cache @floating-ui/utils@https://registry.npmjs.org/@floating-ui/utils/-/utils-0.2.10.tgz 0ms (cache hit)
1560 http cache @floating-ui/dom@https://registry.npmjs.org/@floating-ui/dom/-/dom-1.7.4.tgz 0ms (cache hit)
1561 http cache @firebase/database-compat@https://registry.npmjs.org/@firebase/database-compat/-/database-compat-1.0.8.tgz 0ms (cache hit)
1562 http cache @firebase/util@https://registry.npmjs.org/@firebase/util/-/util-1.10.0.tgz 0ms (cache hit)
1563 http cache @firebase/database@https://registry.npmjs.org/@firebase/database/-/database-1.0.8.tgz 0ms (cache hit)
1564 http cache @firebase/component@https://registry.npmjs.org/@firebase/component/-/component-0.6.9.tgz 0ms (cache hit)
1565 http cache @firebase/app-types@https://registry.npmjs.org/@firebase/app-types/-/app-types-0.9.2.tgz 0ms (cache hit)
1566 http cache @firebase/auth-interop-types@https://registry.npmjs.org/@firebase/auth-interop-types/-/auth-interop-types-0.2.3.tgz 1ms (cache hit)
1567 http cache @firebase/logger@https://registry.npmjs.org/@firebase/logger/-/logger-0.4.2.tgz 0ms (cache hit)
1568 http cache @eslint/js@https://registry.npmjs.org/@eslint/js/-/js-8.57.1.tgz 0ms (cache hit)
1569 http cache @eslint/eslintrc@https://registry.npmjs.org/@eslint/eslintrc/-/eslintrc-2.1.4.tgz 0ms (cache hit)
1570 http cache @eslint-community/regexpp@https://registry.npmjs.org/@eslint-community/regexpp/-/regexpp-4.12.1.tgz 0ms (cache hit)
1571 http cache @firebase/database-types@https://registry.npmjs.org/@firebase/database-types/-/database-types-1.0.5.tgz 0ms (cache hit)
1572 http cache @eslint-community/eslint-utils@https://registry.npmjs.org/@eslint-community/eslint-utils/-/eslint-utils-4.9.0.tgz 0ms (cache hit)
1573 http cache @cypress/request-promise@https://registry.npmjs.org/@cypress/request-promise/-/request-promise-5.0.0.tgz 0ms (cache hit)
1574 http cache @cypress/request@https://registry.npmjs.org/@cypress/request/-/request-3.0.9.tgz 0ms (cache hit)
1575 http cache @jridgewell/source-map@https://registry.npmjs.org/@jridgewell/source-map/-/source-map-0.3.11.tgz 0ms (cache hit)
1576 http cache @babel/runtime@https://registry.npmjs.org/@babel/runtime/-/runtime-7.28.4.tgz 0ms (cache hit)
1577 http cache @aws/lambda-invoke-store@https://registry.npmjs.org/@aws/lambda-invoke-store/-/lambda-invoke-store-0.1.1.tgz 0ms (cache hit)
1578 http cache @aws-sdk/xml-builder@https://registry.npmjs.org/@aws-sdk/xml-builder/-/xml-builder-3.921.0.tgz 0ms (cache hit)
1579 http cache @aws-sdk/util-user-agent-node@https://registry.npmjs.org/@aws-sdk/util-user-agent-node/-/util-user-agent-node-3.926.0.tgz 0ms (cache hit)
1580 http cache @aws-sdk/util-user-agent-browser@https://registry.npmjs.org/@aws-sdk/util-user-agent-browser/-/util-user-agent-browser-3.922.0.tgz 0ms (cache hit)
1581 http cache @aws-sdk/util-endpoints@https://registry.npmjs.org/@aws-sdk/util-endpoints/-/util-endpoints-3.922.0.tgz 0ms (cache hit)
1582 http cache @aws-sdk/util-format-url@https://registry.npmjs.org/@aws-sdk/util-format-url/-/util-format-url-3.922.0.tgz 0ms (cache hit)
1583 http cache @aws-sdk/util-locate-window@https://registry.npmjs.org/@aws-sdk/util-locate-window/-/util-locate-window-3.893.0.tgz 0ms (cache hit)
1584 http cache @aws-sdk/util-arn-parser@https://registry.npmjs.org/@aws-sdk/util-arn-parser/-/util-arn-parser-3.893.0.tgz 0ms (cache hit)
1585 http cache @aws-sdk/types@https://registry.npmjs.org/@aws-sdk/types/-/types-3.922.0.tgz 0ms (cache hit)
1586 http cache @aws-sdk/token-providers@https://registry.npmjs.org/@aws-sdk/token-providers/-/token-providers-3.926.0.tgz 0ms (cache hit)
1587 http cache @aws-sdk/signature-v4-multi-region@https://registry.npmjs.org/@aws-sdk/signature-v4-multi-region/-/signature-v4-multi-region-3.926.0.tgz 0ms (cache hit)
1588 http cache @aws-sdk/s3-request-presigner@https://registry.npmjs.org/@aws-sdk/s3-request-presigner/-/s3-request-presigner-3.926.0.tgz 0ms (cache hit)
1589 http cache @aws-sdk/region-config-resolver@https://registry.npmjs.org/@aws-sdk/region-config-resolver/-/region-config-resolver-3.925.0.tgz 0ms (cache hit)
1590 http cache @aws-sdk/nested-clients@https://registry.npmjs.org/@aws-sdk/nested-clients/-/nested-clients-3.926.0.tgz 0ms (cache hit)
1591 http cache @aws-sdk/middleware-user-agent@https://registry.npmjs.org/@aws-sdk/middleware-user-agent/-/middleware-user-agent-3.926.0.tgz 0ms (cache hit)
1592 http cache @aws-sdk/middleware-ssec@https://registry.npmjs.org/@aws-sdk/middleware-ssec/-/middleware-ssec-3.922.0.tgz 0ms (cache hit)
1593 http cache @aws-sdk/middleware-recursion-detection@https://registry.npmjs.org/@aws-sdk/middleware-recursion-detection/-/middleware-recursion-detection-3.922.0.tgz 0ms (cache hit)
1594 http cache @aws-sdk/middleware-location-constraint@https://registry.npmjs.org/@aws-sdk/middleware-location-constraint/-/middleware-location-constraint-3.922.0.tgz 0ms (cache hit)
1595 http cache @aws-sdk/middleware-logger@https://registry.npmjs.org/@aws-sdk/middleware-logger/-/middleware-logger-3.922.0.tgz 0ms (cache hit)
1596 http cache @aws-sdk/middleware-host-header@https://registry.npmjs.org/@aws-sdk/middleware-host-header/-/middleware-host-header-3.922.0.tgz 0ms (cache hit)
1597 http cache @aws-sdk/middleware-expect-continue@https://registry.npmjs.org/@aws-sdk/middleware-expect-continue/-/middleware-expect-continue-3.922.0.tgz 0ms (cache hit)
1598 http cache @aws-sdk/middleware-bucket-endpoint@https://registry.npmjs.org/@aws-sdk/middleware-bucket-endpoint/-/middleware-bucket-endpoint-3.922.0.tgz 0ms (cache hit)
1599 http cache @aws-sdk/middleware-flexible-checksums@https://registry.npmjs.org/@aws-sdk/middleware-flexible-checksums/-/middleware-flexible-checksums-3.926.0.tgz 0ms (cache hit)
1600 http cache @aws-sdk/credential-provider-sso@https://registry.npmjs.org/@aws-sdk/credential-provider-sso/-/credential-provider-sso-3.926.0.tgz 0ms (cache hit)
1601 http cache @aws-sdk/credential-provider-process@https://registry.npmjs.org/@aws-sdk/credential-provider-process/-/credential-provider-process-3.926.0.tgz 0ms (cache hit)
1602 http cache @aws-sdk/credential-provider-web-identity@https://registry.npmjs.org/@aws-sdk/credential-provider-web-identity/-/credential-provider-web-identity-3.926.0.tgz 0ms (cache hit)
1603 http cache @aws-sdk/credential-provider-node@https://registry.npmjs.org/@aws-sdk/credential-provider-node/-/credential-provider-node-3.926.0.tgz 0ms (cache hit)
1604 http cache @aws-sdk/credential-provider-http@https://registry.npmjs.org/@aws-sdk/credential-provider-http/-/credential-provider-http-3.926.0.tgz 0ms (cache hit)
1605 http cache @aws-sdk/credential-provider-ini@https://registry.npmjs.org/@aws-sdk/credential-provider-ini/-/credential-provider-ini-3.926.0.tgz 0ms (cache hit)
1606 http cache @aws-sdk/credential-provider-env@https://registry.npmjs.org/@aws-sdk/credential-provider-env/-/credential-provider-env-3.926.0.tgz 0ms (cache hit)
1607 http cache @aws-sdk/core@https://registry.npmjs.org/@aws-sdk/core/-/core-3.926.0.tgz 0ms (cache hit)
1608 http cache @aws-sdk/client-s3@https://registry.npmjs.org/@aws-sdk/client-s3/-/client-s3-3.926.0.tgz 0ms (cache hit)
1609 http cache @aws-sdk/client-sso@https://registry.npmjs.org/@aws-sdk/client-sso/-/client-sso-3.926.0.tgz 0ms (cache hit)
1610 http cache @aws-crypto/supports-web-crypto@https://registry.npmjs.org/@aws-crypto/supports-web-crypto/-/supports-web-crypto-5.2.0.tgz 0ms (cache hit)
1611 http cache @aws-crypto/util@https://registry.npmjs.org/@aws-crypto/util/-/util-5.2.0.tgz 0ms (cache hit)
1612 http cache @aws-crypto/sha256-js@https://registry.npmjs.org/@aws-crypto/sha256-js/-/sha256-js-5.2.0.tgz 0ms (cache hit)
1613 http cache @aws-crypto/sha256-browser@https://registry.npmjs.org/@aws-crypto/sha256-browser/-/sha256-browser-5.2.0.tgz 0ms (cache hit)
1614 http cache @aws-crypto/sha1-browser@https://registry.npmjs.org/@aws-crypto/sha1-browser/-/sha1-browser-5.2.0.tgz 0ms (cache hit)
1615 http cache @aws-crypto/crc32c@https://registry.npmjs.org/@aws-crypto/crc32c/-/crc32c-5.2.0.tgz 0ms (cache hit)
1616 http cache @alloc/quick-lru@https://registry.npmjs.org/@alloc/quick-lru/-/quick-lru-5.2.0.tgz 0ms (cache hit)
1617 http cache agent-base@https://registry.npmjs.org/agent-base/-/agent-base-6.0.2.tgz 0ms (cache hit)
1618 http cache @aws-sdk/middleware-sdk-s3@https://registry.npmjs.org/@aws-sdk/middleware-sdk-s3/-/middleware-sdk-s3-3.926.0.tgz 0ms (cache hit)
1619 http cache object-hash@https://registry.npmjs.org/object-hash/-/object-hash-2.2.0.tgz 0ms (cache hit)
1620 http cache lru-cache@https://registry.npmjs.org/lru-cache/-/lru-cache-6.0.0.tgz 0ms (cache hit)
1621 http cache jose@https://registry.npmjs.org/jose/-/jose-4.15.9.tgz 0ms (cache hit)
1622 http cache tr46@https://registry.npmjs.org/tr46/-/tr46-5.1.1.tgz 0ms (cache hit)
1623 http cache webidl-conversions@https://registry.npmjs.org/webidl-conversions/-/webidl-conversions-7.0.0.tgz 0ms (cache hit)
1624 http cache whatwg-url@https://registry.npmjs.org/whatwg-url/-/whatwg-url-14.2.0.tgz 0ms (cache hit)
1625 http cache @aws-crypto/crc32@https://registry.npmjs.org/@aws-crypto/crc32/-/crc32-5.2.0.tgz 0ms (cache hit)
1626 http cache lru-cache@https://registry.npmjs.org/lru-cache/-/lru-cache-6.0.0.tgz 0ms (cache hit)
1627 http cache @types/send@https://registry.npmjs.org/@types/send/-/send-0.17.6.tgz 0ms (cache hit)
1628 http cache https-proxy-agent@https://registry.npmjs.org/https-proxy-agent/-/https-proxy-agent-5.0.1.tgz 0ms (cache hit)
1629 http cache gcp-metadata@https://registry.npmjs.org/gcp-metadata/-/gcp-metadata-6.1.1.tgz 0ms (cache hit)
1630 http cache agent-base@https://registry.npmjs.org/agent-base/-/agent-base-6.0.2.tgz 0ms (cache hit)
1631 http cache uuid@https://registry.npmjs.org/uuid/-/uuid-9.0.1.tgz 0ms (cache hit)
1632 http cache uuid@https://registry.npmjs.org/uuid/-/uuid-9.0.1.tgz 0ms (cache hit)
1633 http cache readable-stream@https://registry.npmjs.org/readable-stream/-/readable-stream-3.6.2.tgz 0ms (cache hit)
1634 http cache uuid@https://registry.npmjs.org/uuid/-/uuid-9.0.1.tgz 0ms (cache hit)
1635 http cache @grpc/grpc-js@https://registry.npmjs.org/@grpc/grpc-js/-/grpc-js-1.14.3.tgz 0ms (cache hit)
1636 http cache @grpc/proto-loader@https://registry.npmjs.org/@grpc/proto-loader/-/proto-loader-0.8.0.tgz 0ms (cache hit)
1637 http cache jose@https://registry.npmjs.org/jose/-/jose-4.15.9.tgz 0ms (cache hit)
1638 http cache uuid@https://registry.npmjs.org/uuid/-/uuid-8.3.2.tgz 0ms (cache hit)
1639 http cache mime@https://registry.npmjs.org/mime/-/mime-3.0.0.tgz 0ms (cache hit)
1640 http cache jose@https://registry.npmjs.org/jose/-/jose-4.15.9.tgz 0ms (cache hit)
1641 http cache @types/node@https://registry.npmjs.org/@types/node/-/node-22.19.5.tgz 0ms (cache hit)
1642 http cache string-width@https://registry.npmjs.org/string-width/-/string-width-4.2.3.tgz 0ms (cache hit)
1643 http cache emoji-regex@https://registry.npmjs.org/emoji-regex/-/emoji-regex-8.0.0.tgz 0ms (cache hit)
1644 http cache string-width@https://registry.npmjs.org/string-width/-/string-width-4.2.3.tgz 0ms (cache hit)
1645 http cache emoji-regex@https://registry.npmjs.org/emoji-regex/-/emoji-regex-8.0.0.tgz 0ms (cache hit)
1646 http cache strip-ansi@https://registry.npmjs.org/strip-ansi/-/strip-ansi-7.1.2.tgz 0ms (cache hit)
1647 http cache ansi-styles@https://registry.npmjs.org/ansi-styles/-/ansi-styles-6.2.3.tgz 0ms (cache hit)
1648 http cache ansi-regex@https://registry.npmjs.org/ansi-regex/-/ansi-regex-6.2.2.tgz 0ms (cache hit)
1649 http cache @firebase/app-check-interop-types@https://registry.npmjs.org/@firebase/app-check-interop-types/-/app-check-interop-types-0.3.2.tgz 0ms (cache hit)
1650 http cache schema-utils@https://registry.npmjs.org/schema-utils/-/schema-utils-4.3.3.tgz 0ms (cache hit)
1651 http cache json-schema-traverse@https://registry.npmjs.org/json-schema-traverse/-/json-schema-traverse-1.0.0.tgz 0ms (cache hit)
1652 http cache ajv-keywords@https://registry.npmjs.org/ajv-keywords/-/ajv-keywords-5.1.0.tgz 0ms (cache hit)
1653 http cache estraverse@https://registry.npmjs.org/estraverse/-/estraverse-4.3.0.tgz 0ms (cache hit)
1654 http cache eslint-scope@https://registry.npmjs.org/eslint-scope/-/eslint-scope-5.1.1.tgz 0ms (cache hit)
1655 http cache ajv@https://registry.npmjs.org/ajv/-/ajv-8.17.1.tgz 0ms (cache hit)
1656 http cache pako@https://registry.npmjs.org/pako/-/pako-0.2.9.tgz 0ms (cache hit)
1657 http cache core-util-is@https://registry.npmjs.org/core-util-is/-/core-util-is-1.0.2.tgz 0ms (cache hit)
1658 http cache json5@https://registry.npmjs.org/json5/-/json5-1.0.2.tgz 0ms (cache hit)
1659 http cache fdir@https://registry.npmjs.org/fdir/-/fdir-6.5.0.tgz 0ms (cache hit)
1660 http cache json-schema-traverse@https://registry.npmjs.org/json-schema-traverse/-/json-schema-traverse-1.0.0.tgz 0ms (cache hit)
1661 http cache schema-utils@https://registry.npmjs.org/schema-utils/-/schema-utils-4.3.3.tgz 0ms (cache hit)
1662 http cache ajv-keywords@https://registry.npmjs.org/ajv-keywords/-/ajv-keywords-5.1.0.tgz 0ms (cache hit)
1663 http cache commander@https://registry.npmjs.org/commander/-/commander-2.20.3.tgz 0ms (cache hit)
1664 http cache ajv@https://registry.npmjs.org/ajv/-/ajv-8.17.1.tgz 0ms (cache hit)
1665 http cache postcss-selector-parser@https://registry.npmjs.org/postcss-selector-parser/-/postcss-selector-parser-6.1.2.tgz 0ms (cache hit)
1666 http cache emoji-regex@https://registry.npmjs.org/emoji-regex/-/emoji-regex-8.0.0.tgz 0ms (cache hit)
1667 http cache strip-ansi@https://registry.npmjs.org/strip-ansi/-/strip-ansi-7.1.2.tgz 0ms (cache hit)
1668 http cache emoji-regex@https://registry.npmjs.org/emoji-regex/-/emoji-regex-9.2.2.tgz 0ms (cache hit)
1669 http cache ansi-regex@https://registry.npmjs.org/ansi-regex/-/ansi-regex-6.2.2.tgz 0ms (cache hit)
1670 http cache safe-buffer@https://registry.npmjs.org/safe-buffer/-/safe-buffer-5.1.2.tgz 0ms (cache hit)
1671 http cache uuid@https://registry.npmjs.org/uuid/-/uuid-8.3.2.tgz 0ms (cache hit)
1672 http cache glob@https://registry.npmjs.org/glob/-/glob-7.2.3.tgz 0ms (cache hit)
1673 http cache uuid@https://registry.npmjs.org/uuid/-/uuid-3.4.0.tgz 0ms (cache hit)
1674 http cache qs@https://registry.npmjs.org/qs/-/qs-6.5.3.tgz 0ms (cache hit)
1675 http cache tough-cookie@https://registry.npmjs.org/tough-cookie/-/tough-cookie-2.5.0.tgz 0ms (cache hit)
1676 http cache jsprim@https://registry.npmjs.org/jsprim/-/jsprim-1.4.2.tgz 0ms (cache hit)
1677 http cache form-data@https://registry.npmjs.org/form-data/-/form-data-2.3.3.tgz 0ms (cache hit)
1678 http cache picomatch@https://registry.npmjs.org/picomatch/-/picomatch-4.0.3.tgz 0ms (cache hit)
1679 http cache eventemitter3@https://registry.npmjs.org/eventemitter3/-/eventemitter3-4.0.7.tgz 0ms (cache hit)
1680 http cache isarray@https://registry.npmjs.org/isarray/-/isarray-1.0.0.tgz 0ms (cache hit)
1681 http cache safe-buffer@https://registry.npmjs.org/safe-buffer/-/safe-buffer-5.1.2.tgz 0ms (cache hit)
1682 http cache scheduler@https://registry.npmjs.org/scheduler/-/scheduler-0.23.2.tgz 0ms (cache hit)
1683 http cache nanoid@https://registry.npmjs.org/nanoid/-/nanoid-3.3.11.tgz 0ms (cache hit)
1684 http cache tslib@https://registry.npmjs.org/tslib/-/tslib-1.14.1.tgz 0ms (cache hit)
1685 http cache postcss-selector-parser@https://registry.npmjs.org/postcss-selector-parser/-/postcss-selector-parser-6.1.2.tgz 0ms (cache hit)
1686 http cache http-signature@https://registry.npmjs.org/http-signature/-/http-signature-1.2.0.tgz 0ms (cache hit)
1687 http cache slash@https://registry.npmjs.org/slash/-/slash-2.0.0.tgz 0ms (cache hit)
1688 http cache @types/unist@https://registry.npmjs.org/@types/unist/-/unist-2.0.11.tgz 0ms (cache hit)
1689 http cache debug@https://registry.npmjs.org/debug/-/debug-3.2.7.tgz 0ms (cache hit)
1690 http cache postcss@https://registry.npmjs.org/postcss/-/postcss-8.4.31.tgz 0ms (cache hit)
1691 http cache nanoid@https://registry.npmjs.org/nanoid/-/nanoid-3.3.11.tgz 0ms (cache hit)
1692 http cache @swc/helpers@https://registry.npmjs.org/@swc/helpers/-/helpers-0.5.5.tgz 0ms (cache hit)
1693 http cache base64-js@https://registry.npmjs.org/base64-js/-/base64-js-0.0.8.tgz 0ms (cache hit)
1694 http cache escape-string-regexp@https://registry.npmjs.org/escape-string-regexp/-/escape-string-regexp-5.0.0.tgz 0ms (cache hit)
1695 http cache supports-color@https://registry.npmjs.org/supports-color/-/supports-color-8.1.1.tgz 0ms (cache hit)
1696 http cache brace-expansion@https://registry.npmjs.org/brace-expansion/-/brace-expansion-2.0.2.tgz 0ms (cache hit)
1697 http cache minimatch@https://registry.npmjs.org/minimatch/-/minimatch-9.0.5.tgz 0ms (cache hit)
1698 http cache glob-parent@https://registry.npmjs.org/glob-parent/-/glob-parent-5.1.2.tgz 0ms (cache hit)
1699 http cache resolve@https://registry.npmjs.org/resolve/-/resolve-2.0.0-next.5.tgz 0ms (cache hit)
1700 http cache semver@https://registry.npmjs.org/semver/-/semver-6.3.1.tgz 0ms (cache hit)
1701 http cache doctrine@https://registry.npmjs.org/doctrine/-/doctrine-2.1.0.tgz 0ms (cache hit)
1702 http cache emoji-regex@https://registry.npmjs.org/emoji-regex/-/emoji-regex-9.2.2.tgz 0ms (cache hit)
1703 http cache doctrine@https://registry.npmjs.org/doctrine/-/doctrine-2.1.0.tgz 0ms (cache hit)
1704 http cache semver@https://registry.npmjs.org/semver/-/semver-6.3.1.tgz 0ms (cache hit)
1705 http cache debug@https://registry.npmjs.org/debug/-/debug-3.2.7.tgz 0ms (cache hit)
1706 http cache debug@https://registry.npmjs.org/debug/-/debug-3.2.7.tgz 0ms (cache hit)
1707 http cache debug@https://registry.npmjs.org/debug/-/debug-3.2.7.tgz 0ms (cache hit)
1708 http cache wrap-ansi@https://registry.npmjs.org/wrap-ansi/-/wrap-ansi-7.0.0.tgz 0ms (cache hit)
1709 http cache string-width@https://registry.npmjs.org/string-width/-/string-width-4.2.3.tgz 0ms (cache hit)
1710 http cache emoji-regex@https://registry.npmjs.org/emoji-regex/-/emoji-regex-8.0.0.tgz 0ms (cache hit)
1711 http cache glob-parent@https://registry.npmjs.org/glob-parent/-/glob-parent-5.1.2.tgz 0ms (cache hit)
1712 http cache json-schema-traverse@https://registry.npmjs.org/json-schema-traverse/-/json-schema-traverse-1.0.0.tgz 0ms (cache hit)
1713 http cache form-data@https://registry.npmjs.org/form-data/-/form-data-4.0.4.tgz 0ms (cache hit)
1714 http cache ajv@https://registry.npmjs.org/ajv/-/ajv-8.17.1.tgz 0ms (cache hit)
1715 http cache brace-expansion@https://registry.npmjs.org/brace-expansion/-/brace-expansion-2.0.2.tgz 0ms (cache hit)
1716 http cache minimatch@https://registry.npmjs.org/minimatch/-/minimatch-9.0.3.tgz 0ms (cache hit)
1717 http cache @react-pdf/stylesheet@https://registry.npmjs.org/@react-pdf/stylesheet/-/stylesheet-6.1.1.tgz 0ms (cache hit)
1718 http cache @react-pdf/png-js@https://registry.npmjs.org/@react-pdf/png-js/-/png-js-3.0.0.tgz 0ms (cache hit)
1719 http cache @react-pdf/primitives@https://registry.npmjs.org/@react-pdf/primitives/-/primitives-4.1.1.tgz 0ms (cache hit)
1720 http cache @react-pdf/pdfkit@https://registry.npmjs.org/@react-pdf/pdfkit/-/pdfkit-4.0.4.tgz 0ms (cache hit)
1721 http cache @react-pdf/font@https://registry.npmjs.org/@react-pdf/font/-/font-4.0.3.tgz 0ms (cache hit)
1722 http cache @react-pdf/fns@https://registry.npmjs.org/@react-pdf/fns/-/fns-3.1.2.tgz 0ms (cache hit)
1723 http cache strip-ansi@https://registry.npmjs.org/strip-ansi/-/strip-ansi-7.1.2.tgz 0ms (cache hit)
1724 http cache ansi-regex@https://registry.npmjs.org/ansi-regex/-/ansi-regex-6.2.2.tgz 0ms (cache hit)
1725 http cache tough-cookie@https://registry.npmjs.org/tough-cookie/-/tough-cookie-4.1.4.tgz 0ms (cache hit)
1726 http cache universalify@https://registry.npmjs.org/universalify/-/universalify-0.2.0.tgz 0ms (cache hit)
1727 http cache strnum@https://registry.npmjs.org/strnum/-/strnum-2.1.1.tgz 0ms (cache hit)
1728 http cache form-data@https://registry.npmjs.org/form-data/-/form-data-4.0.4.tgz 0ms (cache hit)
1729 http cache uuid@https://registry.npmjs.org/uuid/-/uuid-8.3.2.tgz 0ms (cache hit)
1730 http cache fast-xml-parser@https://registry.npmjs.org/fast-xml-parser/-/fast-xml-parser-5.2.5.tgz 0ms (cache hit)
1731 http cache @smithy/util-buffer-from@https://registry.npmjs.org/@smithy/util-buffer-from/-/util-buffer-from-2.2.0.tgz 0ms (cache hit)
1732 http cache @smithy/util-utf8@https://registry.npmjs.org/@smithy/util-utf8/-/util-utf8-2.3.0.tgz 0ms (cache hit)
1733 http cache @smithy/is-array-buffer@https://registry.npmjs.org/@smithy/is-array-buffer/-/is-array-buffer-2.2.0.tgz 0ms (cache hit)
1734 http cache @smithy/util-buffer-from@https://registry.npmjs.org/@smithy/util-buffer-from/-/util-buffer-from-2.2.0.tgz 0ms (cache hit)
1735 http cache @smithy/util-utf8@https://registry.npmjs.org/@smithy/util-utf8/-/util-utf8-2.3.0.tgz 0ms (cache hit)
1736 http cache @smithy/is-array-buffer@https://registry.npmjs.org/@smithy/is-array-buffer/-/is-array-buffer-2.2.0.tgz 0ms (cache hit)
1737 http cache @smithy/util-buffer-from@https://registry.npmjs.org/@smithy/util-buffer-from/-/util-buffer-from-2.2.0.tgz 0ms (cache hit)
1738 http cache @smithy/util-utf8@https://registry.npmjs.org/@smithy/util-utf8/-/util-utf8-2.3.0.tgz 0ms (cache hit)
1739 http cache @smithy/is-array-buffer@https://registry.npmjs.org/@smithy/is-array-buffer/-/is-array-buffer-2.2.0.tgz 0ms (cache hit)
1740 http cache react-is@https://registry.npmjs.org/react-is/-/react-is-18.3.1.tgz 0ms (cache hit)
1741 silly tarball no local data for @types/express-serve-static-core@https://registry.npmjs.org/@types/express-serve-static-core/-/express-serve-static-core-4.19.8.tgz. Extracting by manifest.
1742 silly tarball no local data for pdf-lib@https://registry.npmjs.org/pdf-lib/-/pdf-lib-1.17.1.tgz. Extracting by manifest.
1743 silly tarball no local data for pdfjs-dist@https://registry.npmjs.org/pdfjs-dist/-/pdfjs-dist-5.4.296.tgz. Extracting by manifest.
1744 silly tarball no local data for lucide-react@https://registry.npmjs.org/lucide-react/-/lucide-react-0.475.0.tgz. Extracting by manifest.
1745 silly tarball no local data for form-data@https://registry.npmjs.org/form-data/-/form-data-2.5.5.tgz. Extracting by manifest.
1746 silly tarball no local data for @next/swc-darwin-x64@https://registry.npmjs.org/@next/swc-darwin-x64/-/swc-darwin-x64-14.2.33.tgz. Extracting by manifest.
1747 silly tarball no local data for @types/node@https://registry.npmjs.org/@types/node/-/node-22.19.5.tgz. Extracting by manifest.
1748 warn deprecated @types/react-pdf@7.0.0: This is a stub types definition. react-pdf provides its own type definitions, so you do not need this installed.
1749 warn deprecated inflight@1.0.6: This module is not supported, and leaks memory. Do not use it. Check out lru-cache if you want a good and tested way to coalesce async requests by a key value, which is much more comprehensive and powerful.
1750 warn deprecated @humanwhocodes/config-array@0.13.0: Use @eslint/config-array instead
1751 warn deprecated rimraf@3.0.2: Rimraf versions prior to v4 are no longer supported
1752 warn deprecated har-validator@5.1.5: this library is no longer supported
1753 warn deprecated glob@7.2.3: Glob versions prior to v9 are no longer supported
1754 warn deprecated @humanwhocodes/object-schema@2.0.3: Use @eslint/object-schema instead
1755 http fetch GET 200 https://registry.npmjs.org/@types/express-serve-static-core/-/express-serve-static-core-4.19.8.tgz 11629ms (cache miss)
1756 warn deprecated @telegram-apps/types@2.0.3: This package is not supported anymore. Use @tma.js/types instead
1757 warn deprecated uuid@3.4.0: Please upgrade  to version 7 or higher.  Older versions may use Math.random() in certain circumstances, which is known to be problematic.  See https://v8.dev/blog/math-random for details.
1758 http fetch GET 200 https://registry.npmjs.org/form-data/-/form-data-2.5.5.tgz 12426ms (cache miss)
1759 warn deprecated request@2.88.2: request has been deprecated, see https://github.com/request/request/issues/3142
1760 warn deprecated @telegram-apps/init-data-node@2.0.10: This package is not supported anymore. Use @tma.js/init-data-node instead
1761 warn deprecated @telegram-apps/transformers@2.2.6: This package is not supported anymore. Use @tma.js/transfomers instead
1762 http fetch GET 200 https://registry.npmjs.org/@types/node/-/node-22.19.5.tgz 19307ms (cache miss)
1763 warn deprecated eslint@8.57.1: This version is no longer supported. Please see https://eslint.org/version-support for other options.
1764 http fetch GET 200 https://registry.npmjs.org/pdfjs-dist/-/pdfjs-dist-5.4.296.tgz 33401ms (cache miss)
1765 http fetch GET 200 https://registry.npmjs.org/@next/swc-darwin-x64/-/swc-darwin-x64-14.2.33.tgz 36371ms (cache miss)
1766 http fetch GET 200 https://registry.npmjs.org/pdf-lib/-/pdf-lib-1.17.1.tgz 38221ms (cache miss)
1767 http fetch GET 200 https://registry.npmjs.org/lucide-react/-/lucide-react-0.475.0.tgz 44060ms (cache miss)
1768 info run protobufjs@7.5.4 postinstall node_modules/protobufjs node scripts/postinstall
1769 info run unrs-resolver@1.11.1 postinstall node_modules/unrs-resolver napi-postinstall unrs-resolver 1.11.1 check
1770 info run protobufjs@7.5.4 postinstall { code: 0, signal: null }
1771 info run unrs-resolver@1.11.1 postinstall { code: 0, signal: null }
1772 silly ADD node_modules/yallist
1773 silly ADD node_modules/@js-sdsl/ordered-map
1774 silly ADD node_modules/google-logging-utils
1775 silly ADD node_modules/@types/mime
1776 silly ADD node_modules/stubs
1777 silly ADD node_modules/@tootallnate/once
1778 silly ADD node_modules/stream-events
1779 silly ADD node_modules/http-proxy-agent
1780 silly ADD node_modules/http-proxy-agent/node_modules/agent-base
1781 silly ADD node_modules/memory-pager
1782 silly ADD node_modules/pretty-format
1783 silly ADD node_modules/oidc-token-hash
1784 silly ADD node_modules/preact-render-to-string
1785 silly ADD node_modules/preact
1786 silly ADD node_modules/openid-client
1787 silly ADD node_modules/openid-client/node_modules/object-hash
1788 silly ADD node_modules/openid-client/node_modules/lru-cache
1789 silly ADD node_modules/openid-client/node_modules/jose
1790 silly ADD node_modules/oauth
1791 silly ADD node_modules/cookie
1792 silly ADD node_modules/@panva/hkdf
1793 silly ADD node_modules/@types/webidl-conversions
1794 silly ADD node_modules/@types/whatwg-url
1795 silly ADD node_modules/sparse-bitfield
1796 silly ADD node_modules/mongodb-connection-string-url
1797 silly ADD node_modules/mongodb-connection-string-url/node_modules/webidl-conversions
1798 silly ADD node_modules/mongodb-connection-string-url/node_modules/tr46
1799 silly ADD node_modules/mongodb-connection-string-url/node_modules/whatwg-url
1800 silly ADD node_modules/bson
1801 silly ADD node_modules/@mongodb-js/saslprep
1802 silly ADD node_modules/lodash.clonedeep
1803 silly ADD node_modules/buffer-equal-constant-time
1804 silly ADD node_modules/jwa
1805 silly ADD node_modules/@types/http-errors
1806 silly ADD node_modules/@types/send
1807 silly ADD node_modules/@types/range-parser
1808 silly ADD node_modules/@types/connect
1809 silly ADD node_modules/@types/serve-static
1810 silly ADD node_modules/@types/serve-static/node_modules/@types/send
1811 silly ADD node_modules/@types/qs
1812 silly ADD node_modules/@types/express-serve-static-core
1813 silly ADD node_modules/@types/body-parser
1814 silly ADD node_modules/lru-memoizer
1815 silly ADD node_modules/lru-memoizer/node_modules/lru-cache
1816 silly ADD node_modules/limiter
1817 silly ADD node_modules/@types/jsonwebtoken
1818 silly ADD node_modules/@types/express
1819 silly ADD node_modules/lodash.once
1820 silly ADD node_modules/lodash.isstring
1821 silly ADD node_modules/lodash.isplainobject
1822 silly ADD node_modules/lodash.isnumber
1823 silly ADD node_modules/lodash.isinteger
1824 silly ADD node_modules/lodash.isboolean
1825 silly ADD node_modules/lodash.includes
1826 silly ADD node_modules/bignumber.js
1827 silly ADD node_modules/agent-base
1828 silly ADD node_modules/proto3-json-serializer
1829 silly ADD node_modules/@types/long
1830 silly ADD node_modules/json-bigint
1831 silly ADD node_modules/jws
1832 silly ADD node_modules/gtoken
1833 silly ADD node_modules/ecdsa-sig-formatter
1834 silly ADD node_modules/is-stream
1835 silly ADD node_modules/https-proxy-agent
1836 silly ADD node_modules/stream-shift
1837 silly ADD node_modules/retry
1838 silly ADD node_modules/event-target-shim
1839 silly ADD node_modules/arrify
1840 silly ADD node_modules/teeny-request
1841 silly ADD node_modules/teeny-request/node_modules/agent-base
1842 silly ADD node_modules/teeny-request/node_modules/uuid
1843 silly ADD node_modules/teeny-request/node_modules/https-proxy-agent
1844 silly ADD node_modules/retry-request
1845 silly ADD node_modules/html-entities
1846 silly ADD node_modules/google-auth-library
1847 silly ADD node_modules/google-auth-library/node_modules/gcp-metadata
1848 silly ADD node_modules/gaxios
1849 silly ADD node_modules/gaxios/node_modules/uuid
1850 silly ADD node_modules/duplexify
1851 silly ADD node_modules/duplexify/node_modules/readable-stream
1852 silly ADD node_modules/async-retry
1853 silly ADD node_modules/abort-controller
1854 silly ADD node_modules/@google-cloud/promisify
1855 silly ADD node_modules/@google-cloud/projectify
1856 silly ADD node_modules/@google-cloud/paginator
1857 silly ADD node_modules/google-gax
1858 silly ADD node_modules/google-gax/node_modules/uuid
1859 silly ADD node_modules/google-gax/node_modules/@grpc/grpc-js
1860 silly ADD node_modules/google-gax/node_modules/@grpc/grpc-js/node_modules/@grpc/proto-loader
1861 silly ADD node_modules/functional-red-black-tree
1862 silly ADD node_modules/@opentelemetry/api
1863 silly ADD node_modules/node-forge
1864 silly ADD node_modules/jwks-rsa
1865 silly ADD node_modules/jwks-rsa/node_modules/jose
1866 silly ADD node_modules/jsonwebtoken
1867 silly ADD node_modules/farmhash-modern
1868 silly ADD node_modules/@google-cloud/storage
1869 silly ADD node_modules/@google-cloud/storage/node_modules/uuid
1870 silly ADD node_modules/@google-cloud/storage/node_modules/mime
1871 silly ADD node_modules/@google-cloud/firestore
1872 silly ADD node_modules/@fastify/busboy
1873 silly ADD node_modules/nodemailer
1874 silly ADD node_modules/next-auth
1875 silly ADD node_modules/next-auth/node_modules/uuid
1876 silly ADD node_modules/next-auth/node_modules/jose
1877 silly ADD node_modules/mongodb
1878 silly ADD node_modules/firebase-admin
1879 silly ADD node_modules/firebase-admin/node_modules/@types/node
1880 silly ADD node_modules/bcryptjs
1881 silly ADD node_modules/zwitch
1882 silly ADD node_modules/zod
1883 silly ADD node_modules/yoga-layout
1884 silly ADD node_modules/yocto-queue
1885 silly ADD node_modules/yargs-parser
1886 silly ADD node_modules/yargs
1887 silly ADD node_modules/yargs/node_modules/string-width
1888 silly ADD node_modules/yargs/node_modules/emoji-regex
1889 silly ADD node_modules/yaml
1890 silly ADD node_modules/y18n
1891 silly ADD node_modules/xml-js
1892 silly ADD node_modules/xml
1893 silly ADD node_modules/xlsx
1894 silly ADD node_modules/wrappy
1895 silly ADD node_modules/wrap-ansi-cjs
1896 silly ADD node_modules/wrap-ansi-cjs/node_modules/string-width
1897 silly ADD node_modules/wrap-ansi-cjs/node_modules/emoji-regex
1898 silly ADD node_modules/wrap-ansi
1899 silly ADD node_modules/wrap-ansi/node_modules/strip-ansi
1900 silly ADD node_modules/wrap-ansi/node_modules/ansi-styles
1901 silly ADD node_modules/wrap-ansi/node_modules/ansi-regex
1902 silly ADD node_modules/word-wrap
1903 silly ADD node_modules/word
1904 silly ADD node_modules/wmf
1905 silly ADD node_modules/which-typed-array
1906 silly ADD node_modules/which-collection
1907 silly ADD node_modules/which-builtin-type
1908 silly ADD node_modules/which-boxed-primitive
1909 silly ADD node_modules/which
1910 silly ADD node_modules/whatwg-url
1911 silly ADD node_modules/websocket-extensions
1912 silly ADD node_modules/websocket-driver
1913 silly ADD node_modules/webpack-sources
1914 silly ADD node_modules/webpack
1915 silly ADD node_modules/webpack/node_modules/schema-utils
1916 silly ADD node_modules/webpack/node_modules/json-schema-traverse
1917 silly ADD node_modules/webpack/node_modules/estraverse
1918 silly ADD node_modules/webpack/node_modules/eslint-scope
1919 silly ADD node_modules/webpack/node_modules/ajv-keywords
1920 silly ADD node_modules/webpack/node_modules/ajv
1921 silly ADD node_modules/webidl-conversions
1922 silly ADD node_modules/watchpack
1923 silly ADD node_modules/warning
1924 silly ADD node_modules/vite-compatible-readable-stream
1925 silly ADD node_modules/victory-vendor
1926 silly ADD node_modules/vfile-message
1927 silly ADD node_modules/vfile
1928 silly ADD node_modules/verror
1929 silly ADD node_modules/verror/node_modules/core-util-is
1930 silly ADD node_modules/valibot
1931 silly ADD node_modules/uuid
1932 silly ADD node_modules/util-deprecate
1933 silly ADD node_modules/use-sync-external-store
1934 silly ADD node_modules/use-sidecar
1935 silly ADD node_modules/use-callback-ref
1936 silly ADD node_modules/url-parse
1937 silly ADD node_modules/uri-js
1938 silly ADD node_modules/update-browserslist-db
1939 silly ADD node_modules/unrs-resolver
1940 silly ADD node_modules/universalify
1941 silly ADD node_modules/unist-util-visit-parents
1942 silly ADD node_modules/unist-util-visit
1943 silly ADD node_modules/unist-util-stringify-position
1944 silly ADD node_modules/unist-util-position
1945 silly ADD node_modules/unist-util-is
1946 silly ADD node_modules/unified
1947 silly ADD node_modules/unicode-trie
1948 silly ADD node_modules/unicode-trie/node_modules/pako
1949 silly ADD node_modules/unicode-properties
1950 silly ADD node_modules/undici-types
1951 silly ADD node_modules/unbox-primitive
1952 silly ADD node_modules/typescript
1953 silly ADD node_modules/typed-array-length
1954 silly ADD node_modules/typed-array-byte-offset
1955 silly ADD node_modules/typed-array-byte-length
1956 silly ADD node_modules/typed-array-buffer
1957 silly ADD node_modules/type-fest
1958 silly ADD node_modules/type-check
1959 silly ADD node_modules/tweetnacl
1960 silly ADD node_modules/tunnel-agent
1961 silly ADD node_modules/tslib
1962 silly ADD node_modules/tsconfig-paths
1963 silly ADD node_modules/tsconfig-paths/node_modules/json5
1964 silly ADD node_modules/ts-interface-checker
1965 silly ADD node_modules/ts-api-utils
1966 silly ADD node_modules/trough
1967 silly ADD node_modules/trim-lines
1968 silly ADD node_modules/tr46
1969 silly ADD node_modules/tough-cookie
1970 silly ADD node_modules/to-regex-range
1971 silly ADD node_modules/tmp
1972 silly ADD node_modules/tldts-core
1973 silly ADD node_modules/tldts
1974 silly ADD node_modules/tinyglobby
1975 silly ADD node_modules/tinyglobby/node_modules/picomatch
1976 silly ADD node_modules/tinyglobby/node_modules/fdir
1977 silly ADD node_modules/tiny-invariant
1978 silly ADD node_modules/tiny-inflate
1979 silly ADD node_modules/thenify-all
1980 silly ADD node_modules/thenify
1981 silly ADD node_modules/text-table
1982 silly ADD node_modules/terser-webpack-plugin
1983 silly ADD node_modules/terser-webpack-plugin/node_modules/schema-utils
1984 silly ADD node_modules/terser-webpack-plugin/node_modules/json-schema-traverse
1985 silly ADD node_modules/terser-webpack-plugin/node_modules/ajv-keywords
1986 silly ADD node_modules/terser-webpack-plugin/node_modules/ajv
1987 silly ADD node_modules/terser
1988 silly ADD node_modules/terser/node_modules/commander
1989 silly ADD node_modules/tapable
1990 silly ADD node_modules/tailwindcss-animate
1991 silly ADD node_modules/tailwindcss
1992 silly ADD node_modules/tailwindcss/node_modules/postcss-selector-parser
1993 silly ADD node_modules/tailwind-merge
1994 silly ADD node_modules/svg-arc-to-cubic-bezier
1995 silly ADD node_modules/supports-preserve-symlinks-flag
1996 silly ADD node_modules/supports-color
1997 silly ADD node_modules/sucrase
1998 silly ADD node_modules/styled-jsx
1999 silly ADD node_modules/style-to-object
2000 silly ADD node_modules/style-to-js
2001 silly ADD node_modules/strnum
2002 silly ADD node_modules/strip-json-comments
2003 silly ADD node_modules/strip-bom
2004 silly ADD node_modules/strip-ansi-cjs
2005 silly ADD node_modules/strip-ansi
2006 silly ADD node_modules/stringify-entities
2007 silly ADD node_modules/string.prototype.trimstart
2008 silly ADD node_modules/string.prototype.trimend
2009 silly ADD node_modules/string.prototype.trim
2010 silly ADD node_modules/string.prototype.repeat
2011 silly ADD node_modules/string.prototype.matchall
2012 silly ADD node_modules/string.prototype.includes
2013 silly ADD node_modules/string-width-cjs
2014 silly ADD node_modules/string-width-cjs/node_modules/emoji-regex
2015 silly ADD node_modules/string-width
2016 silly ADD node_modules/string-width/node_modules/strip-ansi
2017 silly ADD node_modules/string-width/node_modules/emoji-regex
2018 silly ADD node_modules/string-width/node_modules/ansi-regex
2019 silly ADD node_modules/string_decoder
2020 silly ADD node_modules/string_decoder/node_modules/safe-buffer
2021 silly ADD node_modules/streamsearch
2022 silly ADD node_modules/stop-iteration-iterator
2023 silly ADD node_modules/stealthy-require
2024 silly ADD node_modules/stable-hash
2025 silly ADD node_modules/sshpk
2026 silly ADD node_modules/ssf
2027 silly ADD node_modules/space-separated-tokens
2028 silly ADD node_modules/source-map-support
2029 silly ADD node_modules/source-map-js
2030 silly ADD node_modules/source-map
2031 silly ADD node_modules/slash
2032 silly ADD node_modules/simple-swizzle
2033 silly ADD node_modules/signal-exit
2034 silly ADD node_modules/side-channel-weakmap
2035 silly ADD node_modules/side-channel-map
2036 silly ADD node_modules/side-channel-list
2037 silly ADD node_modules/side-channel
2038 silly ADD node_modules/shebang-regex
2039 silly ADD node_modules/shebang-command
2040 silly ADD node_modules/setimmediate
2041 silly ADD node_modules/set-proto
2042 silly ADD node_modules/set-function-name
2043 silly ADD node_modules/set-function-length
2044 silly ADD node_modules/serialize-javascript
2045 silly ADD node_modules/semver
2046 silly ADD node_modules/schema-utils
2047 silly ADD node_modules/scheduler
2048 silly ADD node_modules/sax
2049 silly ADD node_modules/safer-buffer
2050 silly ADD node_modules/safe-regex-test
2051 silly ADD node_modules/safe-push-apply
2052 silly ADD node_modules/safe-buffer
2053 silly ADD node_modules/safe-array-concat
2054 silly ADD node_modules/run-parallel
2055 silly ADD node_modules/rimraf
2056 silly ADD node_modules/rimraf/node_modules/glob
2057 silly ADD node_modules/reusify
2058 silly ADD node_modules/restructure
2059 silly ADD node_modules/resolve-pkg-maps
2060 silly ADD node_modules/resolve-from
2061 silly ADD node_modules/resolve
2062 silly ADD node_modules/requires-port
2063 silly ADD node_modules/require-from-string
2064 silly ADD node_modules/require-directory
2065 silly ADD node_modules/request-promise-core
2066 silly ADD node_modules/request
2067 silly ADD node_modules/request/node_modules/uuid
2068 silly ADD node_modules/request/node_modules/tough-cookie
2069 silly ADD node_modules/request/node_modules/qs
2070 silly ADD node_modules/request/node_modules/jsprim
2071 silly ADD node_modules/request/node_modules/http-signature
2072 silly ADD node_modules/request/node_modules/form-data
2073 silly ADD node_modules/remark-stringify
2074 silly ADD node_modules/remark-rehype
2075 silly ADD node_modules/remark-parse
2076 silly ADD node_modules/remark-gfm
2077 silly ADD node_modules/regexp.prototype.flags
2078 silly ADD node_modules/reflect.getprototypeof
2079 silly ADD node_modules/recharts-scale
2080 silly ADD node_modules/recharts
2081 silly ADD node_modules/recharts/node_modules/react-is
2082 silly ADD node_modules/recharts/node_modules/eventemitter3
2083 silly ADD node_modules/readdirp
2084 silly ADD node_modules/readable-stream
2085 silly ADD node_modules/readable-stream/node_modules/safe-buffer
2086 silly ADD node_modules/readable-stream/node_modules/isarray
2087 silly ADD node_modules/read-cache
2088 silly ADD node_modules/react-transition-group
2089 silly ADD node_modules/react-style-singleton
2090 silly ADD node_modules/react-smooth
2091 silly ADD node_modules/react-remove-scroll-bar
2092 silly ADD node_modules/react-remove-scroll
2093 silly ADD node_modules/react-pdf
2094 silly ADD node_modules/react-markdown
2095 silly ADD node_modules/react-is
2096 silly ADD node_modules/react-hook-form
2097 silly ADD node_modules/react-dropzone
2098 silly ADD node_modules/react-dom
2099 silly ADD node_modules/react-dom/node_modules/scheduler
2100 silly ADD node_modules/react-day-picker
2101 silly ADD node_modules/react
2102 silly ADD node_modules/randombytes
2103 silly ADD node_modules/queue-microtask
2104 silly ADD node_modules/queue
2105 silly ADD node_modules/querystringify
2106 silly ADD node_modules/qs
2107 silly ADD node_modules/punycode
2108 silly ADD node_modules/pump
2109 silly ADD node_modules/psl
2110 silly ADD node_modules/proxy-from-env
2111 silly ADD node_modules/protobufjs
2112 silly ADD node_modules/property-information
2113 silly ADD node_modules/prop-types
2114 silly ADD node_modules/process-nextick-args
2115 silly ADD node_modules/prelude-ls
2116 silly ADD node_modules/postcss-value-parser
2117 silly ADD node_modules/postcss-selector-parser
2118 silly ADD node_modules/postcss-nested
2119 silly ADD node_modules/postcss-nested/node_modules/postcss-selector-parser
2120 silly ADD node_modules/postcss-load-config
2121 silly ADD node_modules/postcss-js
2122 silly ADD node_modules/postcss-import
2123 silly ADD node_modules/postcss
2124 silly ADD node_modules/postcss/node_modules/nanoid
2125 silly ADD node_modules/possible-typed-array-names
2126 silly ADD node_modules/pirates
2127 silly ADD node_modules/pify
2128 silly ADD node_modules/picomatch
2129 silly ADD node_modules/picocolors
2130 silly ADD node_modules/performance-now
2131 silly ADD node_modules/pdfjs-dist
2132 silly ADD node_modules/pdf-lib
2133 silly ADD node_modules/pdf-lib/node_modules/tslib
2134 silly ADD node_modules/path-type
2135 silly ADD node_modules/path-scurry
2136 silly ADD node_modules/path-parse
2137 silly ADD node_modules/path-key
2138 silly ADD node_modules/path-is-absolute
2139 silly ADD node_modules/path-exists
2140 silly ADD node_modules/patch-package
2141 silly ADD node_modules/patch-package/node_modules/slash
2142 silly ADD node_modules/parse-svg-path
2143 silly ADD node_modules/parse-entities
2144 silly ADD node_modules/parse-entities/node_modules/@types/unist
2145 silly ADD node_modules/parent-module
2146 silly ADD node_modules/pako
2147 silly ADD node_modules/p-locate
2148 silly ADD node_modules/p-limit
2149 silly ADD node_modules/own-keys
2150 silly ADD node_modules/optionator
2151 silly ADD node_modules/open
2152 silly ADD node_modules/once
2153 silly ADD node_modules/object.values
2154 silly ADD node_modules/object.groupby
2155 silly ADD node_modules/object.fromentries
2156 silly ADD node_modules/object.entries
2157 silly ADD node_modules/object.assign
2158 silly ADD node_modules/object-keys
2159 silly ADD node_modules/object-inspect
2160 silly ADD node_modules/object-hash
2161 silly ADD node_modules/object-assign
2162 silly ADD node_modules/oauth-sign
2163 silly ADD node_modules/null-loader
2164 silly ADD node_modules/normalize-svg-path
2165 silly ADD node_modules/normalize-path
2166 silly ADD node_modules/node-telegram-bot-api
2167 silly ADD node_modules/node-telegram-bot-api/node_modules/debug
2168 silly ADD node_modules/node-releases
2169 silly ADD node_modules/node-fetch
2170 silly ADD node_modules/next-themes
2171 silly ADD node_modules/next
2172 silly ADD node_modules/next/node_modules/postcss
2173 silly ADD node_modules/next/node_modules/nanoid
2174 silly ADD node_modules/next/node_modules/@swc/helpers
2175 silly ADD node_modules/neo-async
2176 silly ADD node_modules/natural-compare
2177 silly ADD node_modules/napi-postinstall
2178 silly ADD node_modules/nanoid
2179 silly ADD node_modules/mz
2180 silly ADD node_modules/ms
2181 silly ADD node_modules/motion-utils
2182 silly ADD node_modules/motion-dom
2183 silly ADD node_modules/minipass
2184 silly ADD node_modules/minimist
2185 silly ADD node_modules/minimatch
2186 silly ADD node_modules/mime-types
2187 silly ADD node_modules/mime-db
2188 silly ADD node_modules/mime
2189 silly ADD node_modules/micromatch
2190 silly ADD node_modules/micromark-util-types
2191 silly ADD node_modules/micromark-util-symbol
2192 silly ADD node_modules/micromark-util-subtokenize
2193 silly ADD node_modules/micromark-util-sanitize-uri
2194 silly ADD node_modules/micromark-util-resolve-all
2195 silly ADD node_modules/micromark-util-normalize-identifier
2196 silly ADD node_modules/micromark-util-html-tag-name
2197 silly ADD node_modules/micromark-util-encode
2198 silly ADD node_modules/micromark-util-decode-string
2199 silly ADD node_modules/micromark-util-decode-numeric-character-reference
2200 silly ADD node_modules/micromark-util-combine-extensions
2201 silly ADD node_modules/micromark-util-classify-character
2202 silly ADD node_modules/micromark-util-chunked
2203 silly ADD node_modules/micromark-util-character
2204 silly ADD node_modules/micromark-factory-whitespace
2205 silly ADD node_modules/micromark-factory-title
2206 silly ADD node_modules/micromark-factory-space
2207 silly ADD node_modules/micromark-factory-label
2208 silly ADD node_modules/micromark-factory-destination
2209 silly ADD node_modules/micromark-extension-gfm-task-list-item
2210 silly ADD node_modules/micromark-extension-gfm-tagfilter
2211 silly ADD node_modules/micromark-extension-gfm-table
2212 silly ADD node_modules/micromark-extension-gfm-strikethrough
2213 silly ADD node_modules/micromark-extension-gfm-footnote
2214 silly ADD node_modules/micromark-extension-gfm-autolink-literal
2215 silly ADD node_modules/micromark-extension-gfm
2216 silly ADD node_modules/micromark-core-commonmark
2217 silly ADD node_modules/micromark
2218 silly ADD node_modules/merge2
2219 silly ADD node_modules/merge-stream
2220 silly ADD node_modules/merge-refs
2221 silly ADD node_modules/media-engine
2222 silly ADD node_modules/mdast-util-to-string
2223 silly ADD node_modules/mdast-util-to-markdown
2224 silly ADD node_modules/mdast-util-to-hast
2225 silly ADD node_modules/mdast-util-phrasing
2226 silly ADD node_modules/mdast-util-mdxjs-esm
2227 silly ADD node_modules/mdast-util-mdx-jsx
2228 silly ADD node_modules/mdast-util-mdx-expression
2229 silly ADD node_modules/mdast-util-gfm-task-list-item
2230 silly ADD node_modules/mdast-util-gfm-table
2231 silly ADD node_modules/mdast-util-gfm-strikethrough
2232 silly ADD node_modules/mdast-util-gfm-footnote
2233 silly ADD node_modules/mdast-util-gfm-autolink-literal
2234 silly ADD node_modules/mdast-util-gfm
2235 silly ADD node_modules/mdast-util-from-markdown
2236 silly ADD node_modules/mdast-util-find-and-replace
2237 silly ADD node_modules/mdast-util-find-and-replace/node_modules/escape-string-regexp
2238 silly ADD node_modules/math-intrinsics
2239 silly ADD node_modules/markdown-table
2240 silly ADD node_modules/make-event-props
2241 silly ADD node_modules/make-cancellable-promise
2242 silly ADD node_modules/lucide-react
2243 silly ADD node_modules/lru-cache
2244 silly ADD node_modules/loose-envify
2245 silly ADD node_modules/longest-streak
2246 silly ADD node_modules/long
2247 silly ADD node_modules/lodash.merge
2248 silly ADD node_modules/lodash.camelcase
2249 silly ADD node_modules/lodash
2250 silly ADD node_modules/locate-path
2251 silly ADD node_modules/loader-utils
2252 silly ADD node_modules/loader-runner
2253 silly ADD node_modules/lines-and-columns
2254 silly ADD node_modules/linebreak
2255 silly ADD node_modules/linebreak/node_modules/base64-js
2256 silly ADD node_modules/lilconfig
2257 silly ADD node_modules/lie
2258 silly ADD node_modules/levn
2259 silly ADD node_modules/language-tags
2260 silly ADD node_modules/language-subtag-registry
2261 silly ADD node_modules/klaw-sync
2262 silly ADD node_modules/keyv
2263 silly ADD node_modules/jszip
2264 silly ADD node_modules/jsx-ast-utils
2265 silly ADD node_modules/jsprim
2266 silly ADD node_modules/jsonify
2267 silly ADD node_modules/jsonfile
2268 silly ADD node_modules/json5
2269 silly ADD node_modules/json-stringify-safe
2270 silly ADD node_modules/json-stable-stringify-without-jsonify
2271 silly ADD node_modules/json-stable-stringify
2272 silly ADD node_modules/json-schema-traverse
2273 silly ADD node_modules/json-schema
2274 silly ADD node_modules/json-parse-even-better-errors
2275 silly ADD node_modules/json-buffer
2276 silly ADD node_modules/jsbn
2277 silly ADD node_modules/js-yaml
2278 silly ADD node_modules/js-tokens
2279 silly ADD node_modules/jose
2280 silly ADD node_modules/jiti
2281 silly ADD node_modules/jest-worker
2282 silly ADD node_modules/jest-worker/node_modules/supports-color
2283 silly ADD node_modules/jay-peg
2284 silly ADD node_modules/jackspeak
2285 silly ADD node_modules/iterator.prototype
2286 silly ADD node_modules/isstream
2287 silly ADD node_modules/isexe
2288 silly ADD node_modules/isarray
2289 silly ADD node_modules/is-wsl
2290 silly ADD node_modules/is-weakset
2291 silly ADD node_modules/is-weakref
2292 silly ADD node_modules/is-weakmap
2293 silly ADD node_modules/is-url
2294 silly ADD node_modules/is-typedarray
2295 silly ADD node_modules/is-typed-array
2296 silly ADD node_modules/is-symbol
2297 silly ADD node_modules/is-string
2298 silly ADD node_modules/is-shared-array-buffer
2299 silly ADD node_modules/is-set
2300 silly ADD node_modules/is-regex
2301 silly ADD node_modules/is-plain-obj
2302 silly ADD node_modules/is-path-inside
2303 silly ADD node_modules/is-number-object
2304 silly ADD node_modules/is-number
2305 silly ADD node_modules/is-negative-zero
2306 silly ADD node_modules/is-map
2307 silly ADD node_modules/is-hexadecimal
2308 silly ADD node_modules/is-glob
2309 silly ADD node_modules/is-generator-function
2310 silly ADD node_modules/is-fullwidth-code-point
2311 silly ADD node_modules/is-finalizationregistry
2312 silly ADD node_modules/is-extglob
2313 silly ADD node_modules/is-docker
2314 silly ADD node_modules/is-decimal
2315 silly ADD node_modules/is-date-object
2316 silly ADD node_modules/is-data-view
2317 silly ADD node_modules/is-core-module
2318 silly ADD node_modules/is-callable
2319 silly ADD node_modules/is-bun-module
2320 silly ADD node_modules/is-boolean-object
2321 silly ADD node_modules/is-binary-path
2322 silly ADD node_modules/is-bigint
2323 silly ADD node_modules/is-async-function
2324 silly ADD node_modules/is-arrayish
2325 silly ADD node_modules/is-array-buffer
2326 silly ADD node_modules/is-alphanumerical
2327 silly ADD node_modules/is-alphabetical
2328 silly ADD node_modules/internmap
2329 silly ADD node_modules/internal-slot
2330 silly ADD node_modules/inline-style-parser
2331 silly ADD node_modules/inherits
2332 silly ADD node_modules/inflight
2333 silly ADD node_modules/imurmurhash
2334 silly ADD node_modules/import-fresh
2335 silly ADD node_modules/immediate
2336 silly ADD node_modules/ignore
2337 silly ADD node_modules/hyphen
2338 silly ADD node_modules/http-signature
2339 silly ADD node_modules/http-parser-js
2340 silly ADD node_modules/html-url-attributes
2341 silly ADD node_modules/hsl-to-rgb-for-reals
2342 silly ADD node_modules/hsl-to-hex
2343 silly ADD node_modules/hast-util-whitespace
2344 silly ADD node_modules/hast-util-to-jsx-runtime
2345 silly ADD node_modules/hasown
2346 silly ADD node_modules/has-tostringtag
2347 silly ADD node_modules/has-symbols
2348 silly ADD node_modules/has-proto
2349 silly ADD node_modules/has-property-descriptors
2350 silly ADD node_modules/has-flag
2351 silly ADD node_modules/has-bigints
2352 silly ADD node_modules/har-validator
2353 silly ADD node_modules/har-schema
2354 silly ADD node_modules/graphemer
2355 silly ADD node_modules/graceful-fs
2356 silly ADD node_modules/gopd
2357 silly ADD node_modules/globby
2358 silly ADD node_modules/globalthis
2359 silly ADD node_modules/globals
2360 silly ADD node_modules/glob-to-regexp
2361 silly ADD node_modules/glob-parent
2362 silly ADD node_modules/glob
2363 silly ADD node_modules/glob/node_modules/minimatch
2364 silly ADD node_modules/glob/node_modules/brace-expansion
2365 silly ADD node_modules/getpass
2366 silly ADD node_modules/get-tsconfig
2367 silly ADD node_modules/get-symbol-description
2368 silly ADD node_modules/get-proto
2369 silly ADD node_modules/get-nonce
2370 silly ADD node_modules/get-intrinsic
2371 silly ADD node_modules/get-caller-file
2372 silly ADD node_modules/generator-function
2373 silly ADD node_modules/functions-have-names
2374 silly ADD node_modules/function.prototype.name
2375 silly ADD node_modules/function-bind
2376 silly ADD node_modules/fsevents
2377 silly ADD node_modules/fs.realpath
2378 silly ADD node_modules/fs-extra
2379 silly ADD node_modules/framer-motion
2380 silly ADD node_modules/frac
2381 silly ADD node_modules/form-data
2382 silly ADD node_modules/forever-agent
2383 silly ADD node_modules/foreground-child
2384 silly ADD node_modules/for-each
2385 silly ADD node_modules/fontkit
2386 silly ADD node_modules/follow-redirects
2387 silly ADD node_modules/flatted
2388 silly ADD node_modules/flat-cache
2389 silly ADD node_modules/find-yarn-workspace-root
2390 silly ADD node_modules/find-up
2391 silly ADD node_modules/fill-range
2392 silly ADD node_modules/file-type
2393 silly ADD node_modules/file-selector
2394 silly ADD node_modules/file-saver
2395 silly ADD node_modules/file-entry-cache
2396 silly ADD node_modules/faye-websocket
2397 silly ADD node_modules/fastq
2398 silly ADD node_modules/fast-xml-parser
2399 silly ADD node_modules/fast-uri
2400 silly ADD node_modules/fast-levenshtein
2401 silly ADD node_modules/fast-json-stable-stringify
2402 silly ADD node_modules/fast-glob
2403 silly ADD node_modules/fast-glob/node_modules/glob-parent
2404 silly ADD node_modules/fast-equals
2405 silly ADD node_modules/fast-deep-equal
2406 silly ADD node_modules/extsprintf
2407 silly ADD node_modules/extend
2408 silly ADD node_modules/events
2409 silly ADD node_modules/eventemitter3
2410 silly ADD node_modules/esutils
2411 silly ADD node_modules/estree-util-is-identifier-name
2412 silly ADD node_modules/estraverse
2413 silly ADD node_modules/esrecurse
2414 silly ADD node_modules/esquery
2415 silly ADD node_modules/espree
2416 silly ADD node_modules/eslint-visitor-keys
2417 silly ADD node_modules/eslint-scope
2418 silly ADD node_modules/eslint-plugin-react-hooks
2419 silly ADD node_modules/eslint-plugin-react
2420 silly ADD node_modules/eslint-plugin-react/node_modules/semver
2421 silly ADD node_modules/eslint-plugin-react/node_modules/resolve
2422 silly ADD node_modules/eslint-plugin-react/node_modules/doctrine
2423 silly ADD node_modules/eslint-plugin-jsx-a11y
2424 silly ADD node_modules/eslint-plugin-jsx-a11y/node_modules/emoji-regex
2425 silly ADD node_modules/eslint-plugin-import
2426 silly ADD node_modules/eslint-plugin-import/node_modules/semver
2427 silly ADD node_modules/eslint-plugin-import/node_modules/doctrine
2428 silly ADD node_modules/eslint-plugin-import/node_modules/debug
2429 silly ADD node_modules/eslint-module-utils
2430 silly ADD node_modules/eslint-module-utils/node_modules/debug
2431 silly ADD node_modules/eslint-import-resolver-typescript
2432 silly ADD node_modules/eslint-import-resolver-node
2433 silly ADD node_modules/eslint-import-resolver-node/node_modules/debug
2434 silly ADD node_modules/eslint-config-next
2435 silly ADD node_modules/eslint
2436 silly ADD node_modules/escape-string-regexp
2437 silly ADD node_modules/escalade
2438 silly ADD node_modules/es-to-primitive
2439 silly ADD node_modules/es-shim-unscopables
2440 silly ADD node_modules/es-set-tostringtag
2441 silly ADD node_modules/es-object-atoms
2442 silly ADD node_modules/es-module-lexer
2443 silly ADD node_modules/es-iterator-helpers
2444 silly ADD node_modules/es-errors
2445 silly ADD node_modules/es-define-property
2446 silly ADD node_modules/es-abstract
2447 silly ADD node_modules/error-kid
2448 silly ADD node_modules/enhanced-resolve
2449 silly ADD node_modules/end-of-stream
2450 silly ADD node_modules/emojis-list
2451 silly ADD node_modules/emoji-regex
2452 silly ADD node_modules/electron-to-chromium
2453 silly ADD node_modules/ecc-jsbn
2454 silly ADD node_modules/eastasianwidth
2455 silly ADD node_modules/dunder-proto
2456 silly ADD node_modules/dotenv
2457 silly ADD node_modules/dom-helpers
2458 silly ADD node_modules/docx
2459 silly ADD node_modules/doctrine
2460 silly ADD node_modules/dlv
2461 silly ADD node_modules/dir-glob
2462 silly ADD node_modules/didyoumean
2463 silly ADD node_modules/dfa
2464 silly ADD node_modules/devlop
2465 silly ADD node_modules/detect-node-es
2466 silly ADD node_modules/dequal
2467 silly ADD node_modules/delayed-stream
2468 silly ADD node_modules/define-properties
2469 silly ADD node_modules/define-data-property
2470 silly ADD node_modules/deep-is
2471 silly ADD node_modules/decode-named-character-reference
2472 silly ADD node_modules/decimal.js-light
2473 silly ADD node_modules/debug
2474 silly ADD node_modules/date-fns
2475 silly ADD node_modules/data-view-byte-offset
2476 silly ADD node_modules/data-view-byte-length
2477 silly ADD node_modules/data-view-buffer
2478 silly ADD node_modules/dashdash
2479 silly ADD node_modules/damerau-levenshtein
2480 silly ADD node_modules/d3-timer
2481 silly ADD node_modules/d3-time-format
2482 silly ADD node_modules/d3-time
2483 silly ADD node_modules/d3-shape
2484 silly ADD node_modules/d3-scale
2485 silly ADD node_modules/d3-path
2486 silly ADD node_modules/d3-interpolate
2487 silly ADD node_modules/d3-format
2488 silly ADD node_modules/d3-ease
2489 silly ADD node_modules/d3-color
2490 silly ADD node_modules/d3-array
2491 silly ADD node_modules/csstype
2492 silly ADD node_modules/cssesc
2493 silly ADD node_modules/crypto-js
2494 silly ADD node_modules/cross-spawn
2495 silly ADD node_modules/cross-fetch
2496 silly ADD node_modules/crc-32
2497 silly ADD node_modules/core-util-is
2498 silly ADD node_modules/concat-map
2499 silly ADD node_modules/commander
2500 silly ADD node_modules/comma-separated-tokens
2501 silly ADD node_modules/combined-stream
2502 silly ADD node_modules/color-string
2503 silly ADD node_modules/color-name
2504 silly ADD node_modules/color-convert
2505 silly ADD node_modules/codepage
2506 silly ADD node_modules/clsx
2507 silly ADD node_modules/clone
2508 silly ADD node_modules/cliui
2509 silly ADD node_modules/cliui/node_modules/wrap-ansi
2510 silly ADD node_modules/cliui/node_modules/string-width
2511 silly ADD node_modules/cliui/node_modules/emoji-regex
2512 silly ADD node_modules/client-only
2513 silly ADD node_modules/class-variance-authority
2514 silly ADD node_modules/ci-info
2515 silly ADD node_modules/chrome-trace-event
2516 silly ADD node_modules/chokidar
2517 silly ADD node_modules/chokidar/node_modules/glob-parent
2518 silly ADD node_modules/character-reference-invalid
2519 silly ADD node_modules/character-entities-legacy
2520 silly ADD node_modules/character-entities-html4
2521 silly ADD node_modules/character-entities
2522 silly ADD node_modules/chalk
2523 silly ADD node_modules/cfb
2524 silly ADD node_modules/ccount
2525 silly ADD node_modules/caseless
2526 silly ADD node_modules/caniuse-lite
2527 silly ADD node_modules/camelcase-css
2528 silly ADD node_modules/callsites
2529 silly ADD node_modules/call-bound
2530 silly ADD node_modules/call-bind-apply-helpers
2531 silly ADD node_modules/call-bind
2532 silly ADD node_modules/busboy
2533 silly ADD node_modules/buffer-from
2534 silly ADD node_modules/browserslist
2535 silly ADD node_modules/browserify-zlib
2536 silly ADD node_modules/brotli
2537 silly ADD node_modules/braces
2538 silly ADD node_modules/brace-expansion
2539 silly ADD node_modules/bowser
2540 silly ADD node_modules/bluebird
2541 silly ADD node_modules/bl
2542 silly ADD node_modules/binary-extensions
2543 silly ADD node_modules/big.js
2544 silly ADD node_modules/bidi-js
2545 silly ADD node_modules/bcrypt-pbkdf
2546 silly ADD node_modules/base64-js
2547 silly ADD node_modules/balanced-match
2548 silly ADD node_modules/bail
2549 silly ADD node_modules/axobject-query
2550 silly ADD node_modules/axios
2551 silly ADD node_modules/axios/node_modules/form-data
2552 silly ADD node_modules/axe-core
2553 silly ADD node_modules/aws4
2554 silly ADD node_modules/aws-sign2
2555 silly ADD node_modules/available-typed-arrays
2556 silly ADD node_modules/attr-accept
2557 silly ADD node_modules/asynckit
2558 silly ADD node_modules/async-function
2559 silly ADD node_modules/ast-types-flow
2560 silly ADD node_modules/assert-plus
2561 silly ADD node_modules/asn1
2562 silly ADD node_modules/arraybuffer.prototype.slice
2563 silly ADD node_modules/array.prototype.tosorted
2564 silly ADD node_modules/array.prototype.flatmap
2565 silly ADD node_modules/array.prototype.flat
2566 silly ADD node_modules/array.prototype.findlastindex
2567 silly ADD node_modules/array.prototype.findlast
2568 silly ADD node_modules/array.prototype.findindex
2569 silly ADD node_modules/array-union
2570 silly ADD node_modules/array-includes
2571 silly ADD node_modules/array-buffer-byte-length
2572 silly ADD node_modules/aria-query
2573 silly ADD node_modules/aria-hidden
2574 silly ADD node_modules/argparse
2575 silly ADD node_modules/arg
2576 silly ADD node_modules/anymatch
2577 silly ADD node_modules/any-promise
2578 silly ADD node_modules/ansi-styles
2579 silly ADD node_modules/ansi-regex
2580 silly ADD node_modules/ajv-keywords
2581 silly ADD node_modules/ajv-formats
2582 silly ADD node_modules/ajv-formats/node_modules/json-schema-traverse
2583 silly ADD node_modules/ajv-formats/node_modules/ajv
2584 silly ADD node_modules/ajv
2585 silly ADD node_modules/adler-32
2586 silly ADD node_modules/acorn-jsx
2587 silly ADD node_modules/acorn-import-phases
2588 silly ADD node_modules/acorn
2589 silly ADD node_modules/abs-svg-path
2590 silly ADD node_modules/@yarnpkg/lockfile
2591 silly ADD node_modules/@xtuc/long
2592 silly ADD node_modules/@xtuc/ieee754
2593 silly ADD node_modules/@webassemblyjs/wast-printer
2594 silly ADD node_modules/@webassemblyjs/wasm-parser
2595 silly ADD node_modules/@webassemblyjs/wasm-opt
2596 silly ADD node_modules/@webassemblyjs/wasm-gen
2597 silly ADD node_modules/@webassemblyjs/wasm-edit
2598 silly ADD node_modules/@webassemblyjs/utf8
2599 silly ADD node_modules/@webassemblyjs/leb128
2600 silly ADD node_modules/@webassemblyjs/ieee754
2601 silly ADD node_modules/@webassemblyjs/helper-wasm-section
2602 silly ADD node_modules/@webassemblyjs/helper-wasm-bytecode
2603 silly ADD node_modules/@webassemblyjs/helper-numbers
2604 silly ADD node_modules/@webassemblyjs/helper-buffer
2605 silly ADD node_modules/@webassemblyjs/helper-api-error
2606 silly ADD node_modules/@webassemblyjs/floating-point-hex-parser
2607 silly ADD node_modules/@webassemblyjs/ast
2608 silly ADD node_modules/@unrs/resolver-binding-darwin-x64
2609 silly ADD node_modules/@ungap/structured-clone
2610 silly ADD node_modules/@typescript-eslint/visitor-keys
2611 silly ADD node_modules/@typescript-eslint/typescript-estree
2612 silly ADD node_modules/@typescript-eslint/typescript-estree/node_modules/minimatch
2613 silly ADD node_modules/@typescript-eslint/typescript-estree/node_modules/brace-expansion
2614 silly ADD node_modules/@typescript-eslint/types
2615 silly ADD node_modules/@typescript-eslint/scope-manager
2616 silly ADD node_modules/@typescript-eslint/parser
2617 silly ADD node_modules/@types/uuid
2618 silly ADD node_modules/@types/unist
2619 silly ADD node_modules/@types/tough-cookie
2620 silly ADD node_modules/@types/request
2621 silly ADD node_modules/@types/react-pdf
2622 silly ADD node_modules/@types/react-dom
2623 silly ADD node_modules/@types/react
2624 silly ADD node_modules/@types/prop-types
2625 silly ADD node_modules/@types/node-telegram-bot-api
2626 silly ADD node_modules/@types/node
2627 silly ADD node_modules/@types/ms
2628 silly ADD node_modules/@types/mdast
2629 silly ADD node_modules/@types/lodash
2630 silly ADD node_modules/@types/json5
2631 silly ADD node_modules/@types/json-schema
2632 silly ADD node_modules/@types/hast
2633 silly ADD node_modules/@types/file-saver
2634 silly ADD node_modules/@types/estree-jsx
2635 silly ADD node_modules/@types/estree
2636 silly ADD node_modules/@types/eslint-scope
2637 silly ADD node_modules/@types/eslint
2638 silly ADD node_modules/@types/debug
2639 silly ADD node_modules/@types/d3-timer
2640 silly ADD node_modules/@types/d3-time
2641 silly ADD node_modules/@types/d3-shape
2642 silly ADD node_modules/@types/d3-scale
2643 silly ADD node_modules/@types/d3-path
2644 silly ADD node_modules/@types/d3-interpolate
2645 silly ADD node_modules/@types/d3-ease
2646 silly ADD node_modules/@types/d3-color
2647 silly ADD node_modules/@types/d3-array
2648 silly ADD node_modules/@types/caseless
2649 silly ADD node_modules/@telegram-apps/types
2650 silly ADD node_modules/@telegram-apps/transformers
2651 silly ADD node_modules/@telegram-apps/toolkit
2652 silly ADD node_modules/@telegram-apps/init-data-node
2653 silly ADD node_modules/@tanstack/react-query
2654 silly ADD node_modules/@tanstack/query-core
2655 silly ADD node_modules/@tailwindcss/typography
2656 silly ADD node_modules/@tabler/icons-react
2657 silly ADD node_modules/@tabler/icons
2658 silly ADD node_modules/@swc/helpers
2659 silly ADD node_modules/@swc/counter
2660 silly ADD node_modules/@smithy/uuid
2661 silly ADD node_modules/@smithy/util-waiter
2662 silly ADD node_modules/@smithy/util-utf8
2663 silly ADD node_modules/@smithy/util-uri-escape
2664 silly ADD node_modules/@smithy/util-stream
2665 silly ADD node_modules/@smithy/util-retry
2666 silly ADD node_modules/@smithy/util-middleware
2667 silly ADD node_modules/@smithy/util-hex-encoding
2668 silly ADD node_modules/@smithy/util-endpoints
2669 silly ADD node_modules/@smithy/util-defaults-mode-node
2670 silly ADD node_modules/@smithy/util-defaults-mode-browser
2671 silly ADD node_modules/@smithy/util-config-provider
2672 silly ADD node_modules/@smithy/util-buffer-from
2673 silly ADD node_modules/@smithy/util-body-length-node
2674 silly ADD node_modules/@smithy/util-body-length-browser
2675 silly ADD node_modules/@smithy/util-base64
2676 silly ADD node_modules/@smithy/url-parser
2677 silly ADD node_modules/@smithy/types
2678 silly ADD node_modules/@smithy/smithy-client
2679 silly ADD node_modules/@smithy/signature-v4
2680 silly ADD node_modules/@smithy/shared-ini-file-loader
2681 silly ADD node_modules/@smithy/service-error-classification
2682 silly ADD node_modules/@smithy/querystring-parser
2683 silly ADD node_modules/@smithy/querystring-builder
2684 silly ADD node_modules/@smithy/protocol-http
2685 silly ADD node_modules/@smithy/property-provider
2686 silly ADD node_modules/@smithy/node-http-handler
2687 silly ADD node_modules/@smithy/node-config-provider
2688 silly ADD node_modules/@smithy/middleware-stack
2689 silly ADD node_modules/@smithy/middleware-serde
2690 silly ADD node_modules/@smithy/middleware-retry
2691 silly ADD node_modules/@smithy/middleware-endpoint
2692 silly ADD node_modules/@smithy/middleware-content-length
2693 silly ADD node_modules/@smithy/md5-js
2694 silly ADD node_modules/@smithy/is-array-buffer
2695 silly ADD node_modules/@smithy/invalid-dependency
2696 silly ADD node_modules/@smithy/hash-stream-node
2697 silly ADD node_modules/@smithy/hash-node
2698 silly ADD node_modules/@smithy/hash-blob-browser
2699 silly ADD node_modules/@smithy/fetch-http-handler
2700 silly ADD node_modules/@smithy/eventstream-serde-universal
2701 silly ADD node_modules/@smithy/eventstream-serde-node
2702 silly ADD node_modules/@smithy/eventstream-serde-config-resolver
2703 silly ADD node_modules/@smithy/eventstream-serde-browser
2704 silly ADD node_modules/@smithy/eventstream-codec
2705 silly ADD node_modules/@smithy/credential-provider-imds
2706 silly ADD node_modules/@smithy/core
2707 silly ADD node_modules/@smithy/config-resolver
2708 silly ADD node_modules/@smithy/chunked-blob-reader-native
2709 silly ADD node_modules/@smithy/chunked-blob-reader
2710 silly ADD node_modules/@smithy/abort-controller
2711 silly ADD node_modules/@rushstack/eslint-patch
2712 silly ADD node_modules/@rtsao/scc
2713 silly ADD node_modules/@react-pdf/types
2714 silly ADD node_modules/@react-pdf/types/node_modules/@react-pdf/stylesheet
2715 silly ADD node_modules/@react-pdf/types/node_modules/@react-pdf/primitives
2716 silly ADD node_modules/@react-pdf/types/node_modules/@react-pdf/png-js
2717 silly ADD node_modules/@react-pdf/types/node_modules/@react-pdf/pdfkit
2718 silly ADD node_modules/@react-pdf/types/node_modules/@react-pdf/font
2719 silly ADD node_modules/@react-pdf/types/node_modules/@react-pdf/fns
2720 silly ADD node_modules/@react-pdf/textkit
2721 silly ADD node_modules/@react-pdf/stylesheet
2722 silly ADD node_modules/@react-pdf/renderer
2723 silly ADD node_modules/@react-pdf/render
2724 silly ADD node_modules/@react-pdf/primitives
2725 silly ADD node_modules/@react-pdf/png-js
2726 silly ADD node_modules/@react-pdf/pdfkit
2727 silly ADD node_modules/@react-pdf/layout
2728 silly ADD node_modules/@react-pdf/image
2729 silly ADD node_modules/@react-pdf/font
2730 silly ADD node_modules/@react-pdf/fns
2731 silly ADD node_modules/@radix-ui/rect
2732 silly ADD node_modules/@radix-ui/react-visually-hidden
2733 silly ADD node_modules/@radix-ui/react-use-size
2734 silly ADD node_modules/@radix-ui/react-use-rect
2735 silly ADD node_modules/@radix-ui/react-use-previous
2736 silly ADD node_modules/@radix-ui/react-use-layout-effect
2737 silly ADD node_modules/@radix-ui/react-use-is-hydrated
2738 silly ADD node_modules/@radix-ui/react-use-escape-keydown
2739 silly ADD node_modules/@radix-ui/react-use-effect-event
2740 silly ADD node_modules/@radix-ui/react-use-controllable-state
2741 silly ADD node_modules/@radix-ui/react-use-callback-ref
2742 silly ADD node_modules/@radix-ui/react-tooltip
2743 silly ADD node_modules/@radix-ui/react-toast
2744 silly ADD node_modules/@radix-ui/react-tabs
2745 silly ADD node_modules/@radix-ui/react-switch
2746 silly ADD node_modules/@radix-ui/react-slot
2747 silly ADD node_modules/@radix-ui/react-slider
2748 silly ADD node_modules/@radix-ui/react-separator
2749 silly ADD node_modules/@radix-ui/react-select
2750 silly ADD node_modules/@radix-ui/react-scroll-area
2751 silly ADD node_modules/@radix-ui/react-roving-focus
2752 silly ADD node_modules/@radix-ui/react-radio-group
2753 silly ADD node_modules/@radix-ui/react-progress
2754 silly ADD node_modules/@radix-ui/react-primitive
2755 silly ADD node_modules/@radix-ui/react-presence
2756 silly ADD node_modules/@radix-ui/react-portal
2757 silly ADD node_modules/@radix-ui/react-popper
2758 silly ADD node_modules/@radix-ui/react-popover
2759 silly ADD node_modules/@radix-ui/react-menubar
2760 silly ADD node_modules/@radix-ui/react-menu
2761 silly ADD node_modules/@radix-ui/react-label
2762 silly ADD node_modules/@radix-ui/react-id
2763 silly ADD node_modules/@radix-ui/react-focus-scope
2764 silly ADD node_modules/@radix-ui/react-focus-guards
2765 silly ADD node_modules/@radix-ui/react-dropdown-menu
2766 silly ADD node_modules/@radix-ui/react-dismissable-layer
2767 silly ADD node_modules/@radix-ui/react-direction
2768 silly ADD node_modules/@radix-ui/react-dialog
2769 silly ADD node_modules/@radix-ui/react-context
2770 silly ADD node_modules/@radix-ui/react-compose-refs
2771 silly ADD node_modules/@radix-ui/react-collection
2772 silly ADD node_modules/@radix-ui/react-collapsible
2773 silly ADD node_modules/@radix-ui/react-checkbox
2774 silly ADD node_modules/@radix-ui/react-avatar
2775 silly ADD node_modules/@radix-ui/react-arrow
2776 silly ADD node_modules/@radix-ui/react-alert-dialog
2777 silly ADD node_modules/@radix-ui/react-accordion
2778 silly ADD node_modules/@radix-ui/primitive
2779 silly ADD node_modules/@radix-ui/number
2780 silly ADD node_modules/@protobufjs/utf8
2781 silly ADD node_modules/@protobufjs/pool
2782 silly ADD node_modules/@protobufjs/path
2783 silly ADD node_modules/@protobufjs/inquire
2784 silly ADD node_modules/@protobufjs/float
2785 silly ADD node_modules/@protobufjs/fetch
2786 silly ADD node_modules/@protobufjs/eventemitter
2787 silly ADD node_modules/@protobufjs/codegen
2788 silly ADD node_modules/@protobufjs/base64
2789 silly ADD node_modules/@protobufjs/aspromise
2790 silly ADD node_modules/@pkgjs/parseargs
2791 silly ADD node_modules/@pdf-lib/upng
2792 silly ADD node_modules/@pdf-lib/standard-fonts
2793 silly ADD node_modules/@nolyfill/is-core-module
2794 silly ADD node_modules/@nodelib/fs.walk
2795 silly ADD node_modules/@nodelib/fs.stat
2796 silly ADD node_modules/@nodelib/fs.scandir
2797 silly ADD node_modules/@next/swc-darwin-x64
2798 silly ADD node_modules/@next/eslint-plugin-next
2799 silly ADD node_modules/@next/env
2800 silly ADD node_modules/@napi-rs/canvas-darwin-x64
2801 silly ADD node_modules/@napi-rs/canvas
2802 silly ADD node_modules/@jridgewell/trace-mapping
2803 silly ADD node_modules/@jridgewell/sourcemap-codec
2804 silly ADD node_modules/@jridgewell/source-map
2805 silly ADD node_modules/@jridgewell/resolve-uri
2806 silly ADD node_modules/@jridgewell/gen-mapping
2807 silly ADD node_modules/@isaacs/cliui
2808 silly ADD node_modules/@isaacs/cliui/node_modules/strip-ansi
2809 silly ADD node_modules/@isaacs/cliui/node_modules/ansi-regex
2810 silly ADD node_modules/@humanwhocodes/object-schema
2811 silly ADD node_modules/@humanwhocodes/module-importer
2812 silly ADD node_modules/@humanwhocodes/config-array
2813 silly ADD node_modules/@hookform/resolvers
2814 silly ADD node_modules/@grpc/proto-loader
2815 silly ADD node_modules/@google/generative-ai
2816 silly ADD node_modules/@floating-ui/utils
2817 silly ADD node_modules/@floating-ui/react-dom
2818 silly ADD node_modules/@floating-ui/dom
2819 silly ADD node_modules/@floating-ui/core
2820 silly ADD node_modules/@firebase/util
2821 silly ADD node_modules/@firebase/logger
2822 silly ADD node_modules/@firebase/database-types
2823 silly ADD node_modules/@firebase/database-compat
2824 silly ADD node_modules/@firebase/database
2825 silly ADD node_modules/@firebase/component
2826 silly ADD node_modules/@firebase/auth-interop-types
2827 silly ADD node_modules/@firebase/app-types
2828 silly ADD node_modules/@firebase/app-check-interop-types
2829 silly ADD node_modules/@eslint/js
2830 silly ADD node_modules/@eslint/eslintrc
2831 silly ADD node_modules/@eslint-community/regexpp
2832 silly ADD node_modules/@eslint-community/eslint-utils
2833 silly ADD node_modules/@cypress/request-promise
2834 silly ADD node_modules/@cypress/request-promise/node_modules/universalify
2835 silly ADD node_modules/@cypress/request-promise/node_modules/tough-cookie
2836 silly ADD node_modules/@cypress/request
2837 silly ADD node_modules/@cypress/request/node_modules/uuid
2838 silly ADD node_modules/@cypress/request/node_modules/form-data
2839 silly ADD node_modules/@babel/runtime
2840 silly ADD node_modules/@aws/lambda-invoke-store
2841 silly ADD node_modules/@aws-sdk/xml-builder
2842 silly ADD node_modules/@aws-sdk/xml-builder/node_modules/strnum
2843 silly ADD node_modules/@aws-sdk/xml-builder/node_modules/fast-xml-parser
2844 silly ADD node_modules/@aws-sdk/util-user-agent-node
2845 silly ADD node_modules/@aws-sdk/util-user-agent-browser
2846 silly ADD node_modules/@aws-sdk/util-locate-window
2847 silly ADD node_modules/@aws-sdk/util-format-url
2848 silly ADD node_modules/@aws-sdk/util-endpoints
2849 silly ADD node_modules/@aws-sdk/util-arn-parser
2850 silly ADD node_modules/@aws-sdk/types
2851 silly ADD node_modules/@aws-sdk/token-providers
2852 silly ADD node_modules/@aws-sdk/signature-v4-multi-region
2853 silly ADD node_modules/@aws-sdk/s3-request-presigner
2854 silly ADD node_modules/@aws-sdk/region-config-resolver
2855 silly ADD node_modules/@aws-sdk/nested-clients
2856 silly ADD node_modules/@aws-sdk/middleware-user-agent
2857 silly ADD node_modules/@aws-sdk/middleware-ssec
2858 silly ADD node_modules/@aws-sdk/middleware-sdk-s3
2859 silly ADD node_modules/@aws-sdk/middleware-recursion-detection
2860 silly ADD node_modules/@aws-sdk/middleware-logger
2861 silly ADD node_modules/@aws-sdk/middleware-location-constraint
2862 silly ADD node_modules/@aws-sdk/middleware-host-header
2863 silly ADD node_modules/@aws-sdk/middleware-flexible-checksums
2864 silly ADD node_modules/@aws-sdk/middleware-expect-continue
2865 silly ADD node_modules/@aws-sdk/middleware-bucket-endpoint
2866 silly ADD node_modules/@aws-sdk/credential-provider-web-identity
2867 silly ADD node_modules/@aws-sdk/credential-provider-sso
2868 silly ADD node_modules/@aws-sdk/credential-provider-process
2869 silly ADD node_modules/@aws-sdk/credential-provider-node
2870 silly ADD node_modules/@aws-sdk/credential-provider-ini
2871 silly ADD node_modules/@aws-sdk/credential-provider-http
2872 silly ADD node_modules/@aws-sdk/credential-provider-env
2873 silly ADD node_modules/@aws-sdk/core
2874 silly ADD node_modules/@aws-sdk/client-sso
2875 silly ADD node_modules/@aws-sdk/client-s3
2876 silly ADD node_modules/@aws-crypto/util
2877 silly ADD node_modules/@aws-crypto/util/node_modules/@smithy/util-utf8
2878 silly ADD node_modules/@aws-crypto/util/node_modules/@smithy/util-buffer-from
2879 silly ADD node_modules/@aws-crypto/util/node_modules/@smithy/is-array-buffer
2880 silly ADD node_modules/@aws-crypto/supports-web-crypto
2881 silly ADD node_modules/@aws-crypto/sha256-js
2882 silly ADD node_modules/@aws-crypto/sha256-browser
2883 silly ADD node_modules/@aws-crypto/sha256-browser/node_modules/@smithy/util-utf8
2884 silly ADD node_modules/@aws-crypto/sha256-browser/node_modules/@smithy/util-buffer-from
2885 silly ADD node_modules/@aws-crypto/sha256-browser/node_modules/@smithy/is-array-buffer
2886 silly ADD node_modules/@aws-crypto/sha1-browser
2887 silly ADD node_modules/@aws-crypto/sha1-browser/node_modules/@smithy/util-utf8
2888 silly ADD node_modules/@aws-crypto/sha1-browser/node_modules/@smithy/util-buffer-from
2889 silly ADD node_modules/@aws-crypto/sha1-browser/node_modules/@smithy/is-array-buffer
2890 silly ADD node_modules/@aws-crypto/crc32c
2891 silly ADD node_modules/@aws-crypto/crc32
2892 silly ADD node_modules/@alloc/quick-lru
2893 verbose cwd /Users/timofey/Downloads/download (1)
2894 verbose os Darwin 23.6.0
2895 verbose node v25.2.1
2896 verbose npm  v11.6.4
2897 verbose exit 0
2898 info ok
