0 verbose cli /usr/local/Cellar/node/25.2.1/bin/node /usr/local/bin/npm
1 info using npm@11.6.4
2 info using node@v25.2.1
3 silly config load:file:/usr/local/lib/node_modules/npm/npmrc
4 silly config load:file:/Users/timofey/Downloads/download (1)/.npmrc
5 silly config load:file:/Users/timofey/.npmrc
6 silly config load:file:/usr/local/etc/npmrc
7 verbose title npm install
8 verbose argv "install" "--cache" "./.npm-cache"
9 verbose logfile logs-max:10 dir:/Users/timofey/Downloads/download (1)/.npm-cache/_logs/2026-01-08T17_21_38_187Z-
10 verbose logfile /Users/timofey/Downloads/download (1)/.npm-cache/_logs/2026-01-08T17_21_38_187Z-debug-0.log
11 silly logfile done cleaning log files
12 silly packumentCache heap:4496293888 maxSize:1124073472 maxEntrySize:562036736
13 silly idealTree buildDeps
14 silly fetch manifest firebase-admin@^12.5.0
15 silly packumentCache full:https://registry.npmjs.org/firebase-admin cache-miss
16 http cache https://registry.npmjs.org/firebase-admin 62ms (cache hit)
17 silly packumentCache full:https://registry.npmjs.org/firebase-admin set size:716837 disposed:false
18 silly fetch manifest mongodb@^6.13.0
19 silly packumentCache full:https://registry.npmjs.org/mongodb cache-miss
20 http cache https://registry.npmjs.org/mongodb 56ms (cache hit)
21 silly packumentCache full:https://registry.npmjs.org/mongodb set size:3931535 disposed:false
22 silly fetch manifest @aws-sdk/credential-providers@^3.188.0
23 silly packumentCache full:https://registry.npmjs.org/@aws-sdk%2fcredential-providers cache-miss
24 http cache https://registry.npmjs.org/@aws-sdk%2fcredential-providers 1159ms (cache hit)
25 silly packumentCache full:https://registry.npmjs.org/@aws-sdk%2fcredential-providers set size:1810987 disposed:false
26 silly fetch manifest @mongodb-js/zstd@^1.1.0 || ^2.0.0
27 silly packumentCache full:https://registry.npmjs.org/@mongodb-js%2fzstd cache-miss
28 http cache https://registry.npmjs.org/@mongodb-js%2fzstd 23ms (cache hit)
29 silly packumentCache full:https://registry.npmjs.org/@mongodb-js%2fzstd set size:99210 disposed:false
30 silly fetch manifest gcp-metadata@^5.2.0
31 silly packumentCache full:https://registry.npmjs.org/gcp-metadata cache-miss
32 http cache https://registry.npmjs.org/gcp-metadata 9ms (cache hit)
33 silly packumentCache full:https://registry.npmjs.org/gcp-metadata set size:191448 disposed:false
34 silly fetch manifest kerberos@^2.0.1
35 silly packumentCache full:https://registry.npmjs.org/kerberos cache-miss
36 http cache https://registry.npmjs.org/kerberos 9ms (cache hit)
37 silly packumentCache full:https://registry.npmjs.org/kerberos set size:117635 disposed:false
38 silly fetch manifest mongodb-client-encryption@>=6.0.0 <7
39 silly packumentCache full:https://registry.npmjs.org/mongodb-client-encryption cache-miss
40 http cache https://registry.npmjs.org/mongodb-client-encryption 8ms (cache hit)
41 silly packumentCache full:https://registry.npmjs.org/mongodb-client-encryption set size:262485 disposed:false
42 silly fetch manifest snappy@^7.3.2
43 silly packumentCache full:https://registry.npmjs.org/snappy cache-miss
44 http cache https://registry.npmjs.org/snappy 10ms (cache hit)
45 silly packumentCache full:https://registry.npmjs.org/snappy set size:185121 disposed:false
46 silly fetch manifest socks@^2.7.1
47 silly packumentCache full:https://registry.npmjs.org/socks cache-miss
48 http cache https://registry.npmjs.org/socks 8ms (cache hit)
49 silly packumentCache full:https://registry.npmjs.org/socks set size:168523 disposed:false
50 silly fetch manifest next-auth@^4.24.11
51 silly packumentCache full:https://registry.npmjs.org/next-auth cache-miss
52 http cache https://registry.npmjs.org/next-auth 25ms (cache hit)
53 silly packumentCache full:https://registry.npmjs.org/next-auth set size:3623524 disposed:false
54 silly fetch manifest @auth/core@0.34.3
55 silly packumentCache full:https://registry.npmjs.org/@auth%2fcore cache-miss
56 http cache https://registry.npmjs.org/@auth%2fcore 7ms (cache hit)
57 silly packumentCache full:https://registry.npmjs.org/@auth%2fcore set size:375031 disposed:false
58 silly fetch manifest @simplewebauthn/browser@^9.0.1
59 silly packumentCache full:https://registry.npmjs.org/@simplewebauthn%2fbrowser cache-miss
60 http cache https://registry.npmjs.org/@simplewebauthn%2fbrowser 6ms (cache hit)
61 silly packumentCache full:https://registry.npmjs.org/@simplewebauthn%2fbrowser set size:177539 disposed:false
62 silly fetch manifest @simplewebauthn/server@^9.0.2
63 silly packumentCache full:https://registry.npmjs.org/@simplewebauthn%2fserver cache-miss
64 http cache https://registry.npmjs.org/@simplewebauthn%2fserver 8ms (cache hit)
65 silly packumentCache full:https://registry.npmjs.org/@simplewebauthn%2fserver set size:275630 disposed:false
66 silly fetch manifest nodemailer@^7.0.7
67 silly packumentCache full:https://registry.npmjs.org/nodemailer cache-miss
68 http cache https://registry.npmjs.org/nodemailer 9ms (cache hit)
69 silly packumentCache full:https://registry.npmjs.org/nodemailer set size:555947 disposed:false
70 silly fetch manifest next@14.2.35
71 silly packumentCache full:https://registry.npmjs.org/next cache-miss
72 http cache https://registry.npmjs.org/next 181ms (cache hit)
73 silly packumentCache full:https://registry.npmjs.org/next set size:28345642 disposed:false
74 silly fetch manifest @opentelemetry/api@^1.1.0
75 silly packumentCache full:https://registry.npmjs.org/@opentelemetry%2fapi cache-miss
76 http cache https://registry.npmjs.org/@opentelemetry%2fapi 8ms (cache hit)
77 silly packumentCache full:https://registry.npmjs.org/@opentelemetry%2fapi set size:455567 disposed:false
78 silly fetch manifest @playwright/test@^1.41.2
79 silly packumentCache full:https://registry.npmjs.org/@playwright%2ftest cache-miss
80 http cache https://registry.npmjs.org/@playwright%2ftest 45ms (cache hit)
81 silly packumentCache full:https://registry.npmjs.org/@playwright%2ftest set size:8604058 disposed:false
82 silly fetch manifest react@18.3.1
83 silly packumentCache full:https://registry.npmjs.org/react cache-miss
84 http cache https://registry.npmjs.org/react 32ms (cache hit)
85 silly packumentCache full:https://registry.npmjs.org/react set size:6366570 disposed:false
86 silly fetch manifest react-dom@18.3.1
87 silly packumentCache full:https://registry.npmjs.org/react-dom cache-miss
88 http cache https://registry.npmjs.org/react-dom 43ms (cache hit)
89 silly packumentCache full:https://registry.npmjs.org/react-dom set size:8382055 disposed:false
90 silly fetch manifest sass@^1.3.0
91 silly packumentCache full:https://registry.npmjs.org/sass cache-miss
92 http cache https://registry.npmjs.org/sass 12ms (cache hit)
93 silly packumentCache full:https://registry.npmjs.org/sass set size:719969 disposed:false
94 silly fetch manifest bcryptjs@^2.4.3
95 silly packumentCache full:https://registry.npmjs.org/bcryptjs cache-miss
96 http cache https://registry.npmjs.org/bcryptjs 6ms (cache hit)
97 silly packumentCache full:https://registry.npmjs.org/bcryptjs set size:80409 disposed:false
98 silly placeDep ROOT bcryptjs@2.4.3 OK for: ai-smetchik-v3-gemini@0.1.0 want: ^2.4.3
99 silly placeDep ROOT firebase-admin@12.7.0 OK for: ai-smetchik-v3-gemini@0.1.0 want: ^12.5.0
100 silly placeDep ROOT mongodb@6.21.0 OK for: ai-smetchik-v3-gemini@0.1.0 want: ^6.13.0
101 silly placeDep ROOT next-auth@4.24.13 OK for: ai-smetchik-v3-gemini@0.1.0 want: ^4.24.11
102 silly placeDep ROOT nodemailer@7.0.12 OK for: ai-smetchik-v3-gemini@0.1.0 want: ^7.0.7
103 silly fetch manifest jwks-rsa@^3.1.0
104 silly packumentCache full:https://registry.npmjs.org/jwks-rsa cache-miss
105 silly fetch manifest node-forge@^1.3.1
106 silly packumentCache full:https://registry.npmjs.org/node-forge cache-miss
107 silly fetch manifest @types/node@^22.0.1
108 silly packumentCache full:https://registry.npmjs.org/@types%2fnode cache-miss
109 silly fetch manifest jsonwebtoken@^9.0.0
110 silly packumentCache full:https://registry.npmjs.org/jsonwebtoken cache-miss
111 silly fetch manifest @fastify/busboy@^3.0.0
112 silly packumentCache full:https://registry.npmjs.org/@fastify%2fbusboy cache-miss
113 silly fetch manifest farmhash-modern@^1.1.0
114 silly packumentCache full:https://registry.npmjs.org/farmhash-modern cache-miss
115 silly fetch manifest @google-cloud/storage@^7.7.0
116 silly packumentCache full:https://registry.npmjs.org/@google-cloud%2fstorage cache-miss
117 http cache https://registry.npmjs.org/node-forge 19ms (cache hit)
118 silly packumentCache full:https://registry.npmjs.org/node-forge set size:391006 disposed:false
119 silly fetch manifest @google-cloud/firestore@^7.7.0
120 silly packumentCache full:https://registry.npmjs.org/@google-cloud%2ffirestore cache-miss
121 http cache https://registry.npmjs.org/jsonwebtoken 31ms (cache hit)
122 silly packumentCache full:https://registry.npmjs.org/jsonwebtoken set size:183606 disposed:false
123 silly fetch manifest bson@^6.10.4
124 silly packumentCache full:https://registry.npmjs.org/bson cache-miss
125 http cache https://registry.npmjs.org/jwks-rsa 40ms (cache hit)
126 silly packumentCache full:https://registry.npmjs.org/jwks-rsa set size:203582 disposed:false
127 silly fetch manifest @mongodb-js/saslprep@^1.3.0
128 silly packumentCache full:https://registry.npmjs.org/@mongodb-js%2fsaslprep cache-miss
129 http cache https://registry.npmjs.org/farmhash-modern 43ms (cache hit)
130 silly packumentCache full:https://registry.npmjs.org/farmhash-modern set size:15739 disposed:false
131 silly fetch manifest mongodb-connection-string-url@^3.0.2
132 silly packumentCache full:https://registry.npmjs.org/mongodb-connection-string-url cache-miss
133 http cache https://registry.npmjs.org/@types%2fnode 75ms (cache hit)
134 silly packumentCache full:https://registry.npmjs.org/@types%2fnode set size:10733106 disposed:false
135 silly fetch manifest @panva/hkdf@^1.0.2
136 silly packumentCache full:https://registry.npmjs.org/@panva%2fhkdf cache-miss
137 http cache https://registry.npmjs.org/@fastify%2fbusboy 357ms (cache hit)
138 silly packumentCache full:https://registry.npmjs.org/@fastify%2fbusboy set size:62317 disposed:false
139 silly fetch manifest cookie@^0.7.0
140 silly packumentCache full:https://registry.npmjs.org/cookie cache-miss
141 http cache https://registry.npmjs.org/@google-cloud%2fstorage 364ms (cache hit)
142 silly packumentCache full:https://registry.npmjs.org/@google-cloud%2fstorage set size:933908 disposed:false
143 silly fetch manifest jose@^4.15.5
144 silly packumentCache full:https://registry.npmjs.org/jose cache-miss
145 http cache https://registry.npmjs.org/@mongodb-js%2fsaslprep 346ms (cache hit)
146 silly packumentCache full:https://registry.npmjs.org/@mongodb-js%2fsaslprep set size:87321 disposed:false
147 silly fetch manifest oauth@^0.9.15
148 silly packumentCache full:https://registry.npmjs.org/oauth cache-miss
149 http cache https://registry.npmjs.org/bson 359ms (cache hit)
150 silly packumentCache full:https://registry.npmjs.org/bson set size:566884 disposed:false
151 silly fetch manifest openid-client@^5.4.0
152 silly packumentCache full:https://registry.npmjs.org/openid-client cache-miss
153 http cache https://registry.npmjs.org/@google-cloud%2ffirestore 377ms (cache hit)
154 silly packumentCache full:https://registry.npmjs.org/@google-cloud%2ffirestore set size:696222 disposed:false
155 silly fetch manifest preact@^10.6.3
156 silly packumentCache full:https://registry.npmjs.org/preact cache-miss
157 http cache https://registry.npmjs.org/mongodb-connection-string-url 371ms (cache hit)
158 silly packumentCache full:https://registry.npmjs.org/mongodb-connection-string-url set size:123838 disposed:false
159 silly fetch manifest preact-render-to-string@^5.1.19
160 silly packumentCache full:https://registry.npmjs.org/preact-render-to-string cache-miss
161 http cache https://registry.npmjs.org/cookie 58ms (cache hit)
162 silly packumentCache full:https://registry.npmjs.org/cookie set size:72891 disposed:false
163 silly fetch manifest uuid@^8.3.2
164 silly packumentCache full:https://registry.npmjs.org/uuid cache-miss
165 http cache https://registry.npmjs.org/jose 48ms (cache hit)
166 silly packumentCache full:https://registry.npmjs.org/jose set size:1390941 disposed:false
167 http cache https://registry.npmjs.org/@panva%2fhkdf 91ms (cache hit)
168 silly packumentCache full:https://registry.npmjs.org/@panva%2fhkdf set size:22482 disposed:false
169 http cache https://registry.npmjs.org/oauth 66ms (cache hit)
170 silly packumentCache full:https://registry.npmjs.org/oauth set size:45115 disposed:false
171 http cache https://registry.npmjs.org/openid-client 62ms (cache hit)
172 silly packumentCache full:https://registry.npmjs.org/openid-client set size:718846 disposed:false
173 http cache https://registry.npmjs.org/preact-render-to-string 63ms (cache hit)
174 silly packumentCache full:https://registry.npmjs.org/preact-render-to-string set size:517995 disposed:false
175 http cache https://registry.npmjs.org/uuid 67ms (cache hit)
176 silly packumentCache full:https://registry.npmjs.org/uuid set size:224608 disposed:false
177 http cache https://registry.npmjs.org/preact 84ms (cache hit)
178 silly packumentCache full:https://registry.npmjs.org/preact set size:1777656 disposed:false
179 silly placeDep ROOT @fastify/busboy@3.2.0 OK for: firebase-admin@12.7.0 want: ^3.0.0
180 silly placeDep ROOT @google-cloud/firestore@7.11.6 OK for: firebase-admin@12.7.0 want: ^7.7.0
181 silly placeDep ROOT @google-cloud/storage@7.18.0 OK for: firebase-admin@12.7.0 want: ^7.7.0
182 silly placeDep node_modules/firebase-admin @types/node@22.19.3 OK for: firebase-admin@12.7.0 want: ^22.0.1
183 silly placeDep ROOT farmhash-modern@1.1.0 OK for: firebase-admin@12.7.0 want: ^1.1.0
184 silly placeDep ROOT jsonwebtoken@9.0.3 OK for: firebase-admin@12.7.0 want: ^9.0.0
185 silly placeDep ROOT jwks-rsa@3.2.0 OK for: firebase-admin@12.7.0 want: ^3.1.0
186 silly placeDep ROOT node-forge@1.3.3 OK for: firebase-admin@12.7.0 want: ^1.3.1
187 silly fetch manifest google-gax@^4.3.3
188 silly packumentCache full:https://registry.npmjs.org/google-gax cache-miss
189 silly fetch manifest @opentelemetry/api@^1.3.0
190 silly packumentCache full:https://registry.npmjs.org/@opentelemetry%2fapi cache-hit
191 silly fetch manifest functional-red-black-tree@^1.0.1
192 silly packumentCache full:https://registry.npmjs.org/functional-red-black-tree cache-miss
193 silly fetch manifest @google-cloud/paginator@^5.0.0
194 silly packumentCache full:https://registry.npmjs.org/@google-cloud%2fpaginator cache-miss
195 silly fetch manifest @google-cloud/projectify@^4.0.0
196 silly packumentCache full:https://registry.npmjs.org/@google-cloud%2fprojectify cache-miss
197 silly fetch manifest @google-cloud/promisify@<4.1.0
198 silly packumentCache full:https://registry.npmjs.org/@google-cloud%2fpromisify cache-miss
199 silly fetch manifest abort-controller@^3.0.0
200 silly packumentCache full:https://registry.npmjs.org/abort-controller cache-miss
201 silly fetch manifest async-retry@^1.3.3
202 silly packumentCache full:https://registry.npmjs.org/async-retry cache-miss
203 http cache https://registry.npmjs.org/@google-cloud%2fpaginator 24ms (cache hit)
204 silly packumentCache full:https://registry.npmjs.org/@google-cloud%2fpaginator set size:87127 disposed:false
205 silly fetch manifest duplexify@^4.1.3
206 silly packumentCache full:https://registry.npmjs.org/duplexify cache-miss
207 http cache https://registry.npmjs.org/functional-red-black-tree 34ms (cache hit)
208 silly packumentCache full:https://registry.npmjs.org/functional-red-black-tree set size:12580 disposed:false
209 silly fetch manifest gaxios@^6.0.2
210 silly packumentCache full:https://registry.npmjs.org/gaxios cache-miss
211 http cache https://registry.npmjs.org/google-gax 43ms (cache hit)
212 silly packumentCache full:https://registry.npmjs.org/google-gax set size:2055354 disposed:false
213 silly fetch manifest google-auth-library@^9.6.3
214 silly packumentCache full:https://registry.npmjs.org/google-auth-library cache-miss
215 http cache https://registry.npmjs.org/@google-cloud%2fpromisify 75ms (cache hit)
216 silly packumentCache full:https://registry.npmjs.org/@google-cloud%2fpromisify set size:68494 disposed:false
217 silly fetch manifest html-entities@^2.5.2
218 silly packumentCache full:https://registry.npmjs.org/html-entities cache-miss
219 http cache https://registry.npmjs.org/@google-cloud%2fprojectify 84ms (cache hit)
220 silly packumentCache full:https://registry.npmjs.org/@google-cloud%2fprojectify set size:62571 disposed:false
221 silly fetch manifest mime@^3.0.0
222 silly packumentCache full:https://registry.npmjs.org/mime cache-miss
223 http cache https://registry.npmjs.org/abort-controller 88ms (cache hit)
224 silly packumentCache full:https://registry.npmjs.org/abort-controller set size:47272 disposed:false
225 silly fetch manifest retry-request@^7.0.0
226 silly packumentCache full:https://registry.npmjs.org/retry-request cache-miss
227 http cache https://registry.npmjs.org/async-retry 85ms (cache hit)
228 silly packumentCache full:https://registry.npmjs.org/async-retry set size:52084 disposed:false
229 silly fetch manifest teeny-request@^9.0.0
230 silly packumentCache full:https://registry.npmjs.org/teeny-request cache-miss
231 http cache https://registry.npmjs.org/duplexify 105ms (cache hit)
232 silly packumentCache full:https://registry.npmjs.org/duplexify set size:73064 disposed:false
233 silly fetch manifest uuid@^8.0.0
234 silly packumentCache full:https://registry.npmjs.org/uuid cache-hit
235 silly fetch manifest jws@^4.0.1
236 silly packumentCache full:https://registry.npmjs.org/jws cache-miss
237 http cache https://registry.npmjs.org/gaxios 106ms (cache hit)
238 silly packumentCache full:https://registry.npmjs.org/gaxios set size:341801 disposed:false
239 silly fetch manifest lodash.once@^4.0.0
240 silly packumentCache full:https://registry.npmjs.org/lodash.once cache-miss
241 http cache https://registry.npmjs.org/google-auth-library 71ms (cache hit)
242 silly packumentCache full:https://registry.npmjs.org/google-auth-library set size:717468 disposed:false
243 silly fetch manifest lodash.includes@^4.3.0
244 silly packumentCache full:https://registry.npmjs.org/lodash.includes cache-miss
245 http cache https://registry.npmjs.org/html-entities 75ms (cache hit)
246 silly packumentCache full:https://registry.npmjs.org/html-entities set size:145148 disposed:false
247 silly fetch manifest lodash.isnumber@^3.0.3
248 silly packumentCache full:https://registry.npmjs.org/lodash.isnumber cache-miss
249 http cache https://registry.npmjs.org/mime 73ms (cache hit)
250 silly packumentCache full:https://registry.npmjs.org/mime set size:119236 disposed:false
251 silly fetch manifest lodash.isstring@^4.0.1
252 silly packumentCache full:https://registry.npmjs.org/lodash.isstring cache-miss
253 http cache https://registry.npmjs.org/retry-request 74ms (cache hit)
254 silly packumentCache full:https://registry.npmjs.org/retry-request set size:88328 disposed:false
255 silly fetch manifest lodash.isboolean@^3.0.3
256 silly packumentCache full:https://registry.npmjs.org/lodash.isboolean cache-miss
257 http cache https://registry.npmjs.org/teeny-request 74ms (cache hit)
258 silly packumentCache full:https://registry.npmjs.org/teeny-request set size:170160 disposed:false
259 silly fetch manifest lodash.isinteger@^4.0.4
260 silly packumentCache full:https://registry.npmjs.org/lodash.isinteger cache-miss
261 http cache https://registry.npmjs.org/lodash.includes 27ms (cache hit)
262 silly packumentCache full:https://registry.npmjs.org/lodash.includes set size:27594 disposed:false
263 silly fetch manifest lodash.isplainobject@^4.0.6
264 silly packumentCache full:https://registry.npmjs.org/lodash.isplainobject cache-miss
265 http cache https://registry.npmjs.org/jws 49ms (cache hit)
266 silly packumentCache full:https://registry.npmjs.org/jws set size:48919 disposed:false
267 silly fetch manifest jose@^4.15.4
268 silly packumentCache full:https://registry.npmjs.org/jose cache-miss
269 http cache https://registry.npmjs.org/lodash.once 44ms (cache hit)
270 silly packumentCache full:https://registry.npmjs.org/lodash.once set size:23407 disposed:false
271 silly fetch manifest limiter@^1.1.5
272 silly packumentCache full:https://registry.npmjs.org/limiter cache-miss
273 http cache https://registry.npmjs.org/lodash.isnumber 29ms (cache hit)
274 silly packumentCache full:https://registry.npmjs.org/lodash.isnumber set size:21368 disposed:false
275 silly fetch manifest lru-memoizer@^2.2.0
276 silly packumentCache full:https://registry.npmjs.org/lru-memoizer cache-miss
277 http cache https://registry.npmjs.org/lodash.isstring 28ms (cache hit)
278 silly packumentCache full:https://registry.npmjs.org/lodash.isstring set size:21368 disposed:false
279 silly fetch manifest @types/express@^4.17.20
280 silly packumentCache full:https://registry.npmjs.org/@types%2fexpress cache-miss
281 http cache https://registry.npmjs.org/lodash.isboolean 26ms (cache hit)
282 silly packumentCache full:https://registry.npmjs.org/lodash.isboolean set size:21437 disposed:false
283 silly fetch manifest @types/jsonwebtoken@^9.0.4
284 silly packumentCache full:https://registry.npmjs.org/@types%2fjsonwebtoken cache-miss
285 http cache https://registry.npmjs.org/lodash.isinteger 25ms (cache hit)
286 silly packumentCache full:https://registry.npmjs.org/lodash.isinteger set size:10827 disposed:false
287 http cache https://registry.npmjs.org/jose 23ms (cache hit)
288 silly packumentCache full:https://registry.npmjs.org/jose set size:1390941 disposed:false
289 http cache https://registry.npmjs.org/limiter 41ms (cache hit)
290 silly packumentCache full:https://registry.npmjs.org/limiter set size:39581 disposed:false
291 http cache https://registry.npmjs.org/lru-memoizer 41ms (cache hit)
292 silly packumentCache full:https://registry.npmjs.org/lru-memoizer set size:57712 disposed:false
293 http cache https://registry.npmjs.org/lodash.isplainobject 50ms (cache hit)
294 silly packumentCache full:https://registry.npmjs.org/lodash.isplainobject set size:38531 disposed:false
295 http cache https://registry.npmjs.org/@types%2fjsonwebtoken 41ms (cache hit)
296 silly packumentCache full:https://registry.npmjs.org/@types%2fjsonwebtoken set size:129919 disposed:false
297 http cache https://registry.npmjs.org/@types%2fexpress 47ms (cache hit)
298 silly packumentCache full:https://registry.npmjs.org/@types%2fexpress set size:111364 disposed:false
299 silly placeDep ROOT @opentelemetry/api@1.9.0 OK for: @google-cloud/firestore@7.11.6 want: ^1.3.0
300 silly placeDep ROOT functional-red-black-tree@1.0.1 OK for: @google-cloud/firestore@7.11.6 want: ^1.0.1
301 silly placeDep ROOT google-gax@4.6.1 OK for: @google-cloud/firestore@7.11.6 want: ^4.3.3
302 silly fetch manifest uuid@^9.0.1
303 silly packumentCache full:https://registry.npmjs.org/uuid cache-hit
304 silly fetch manifest duplexify@^4.0.0
305 silly packumentCache full:https://registry.npmjs.org/duplexify cache-hit
306 silly fetch manifest @types/long@^4.0.0
307 silly packumentCache full:https://registry.npmjs.org/@types%2flong cache-miss
308 silly fetch manifest @grpc/grpc-js@^1.10.9
309 silly packumentCache full:https://registry.npmjs.org/@grpc%2fgrpc-js cache-miss
310 silly fetch manifest google-auth-library@^9.3.0
311 silly packumentCache full:https://registry.npmjs.org/google-auth-library cache-hit
312 silly fetch manifest proto3-json-serializer@^2.0.2
313 silly packumentCache full:https://registry.npmjs.org/proto3-json-serializer cache-miss
314 http cache https://registry.npmjs.org/@types%2flong 17ms (cache hit)
315 silly packumentCache full:https://registry.npmjs.org/@types%2flong set size:28711 disposed:false
316 http cache https://registry.npmjs.org/@grpc%2fgrpc-js 20ms (cache hit)
317 silly packumentCache full:https://registry.npmjs.org/@grpc%2fgrpc-js set size:658277 disposed:false
318 http cache https://registry.npmjs.org/proto3-json-serializer 23ms (cache hit)
319 silly packumentCache full:https://registry.npmjs.org/proto3-json-serializer set size:83221 disposed:false
320 silly placeDep ROOT @google-cloud/paginator@5.0.2 OK for: @google-cloud/storage@7.18.0 want: ^5.0.0
321 silly placeDep ROOT @google-cloud/projectify@4.0.0 OK for: @google-cloud/storage@7.18.0 want: ^4.0.0
322 silly placeDep ROOT @google-cloud/promisify@4.0.0 OK for: @google-cloud/storage@7.18.0 want: <4.1.0
323 silly placeDep ROOT abort-controller@3.0.0 OK for: @google-cloud/storage@7.18.0 want: ^3.0.0
324 silly placeDep ROOT async-retry@1.3.3 OK for: @google-cloud/storage@7.18.0 want: ^1.3.3
325 silly placeDep ROOT duplexify@4.1.3 OK for: @google-cloud/storage@7.18.0 want: ^4.1.3
326 silly placeDep ROOT gaxios@6.7.1 OK for: @google-cloud/storage@7.18.0 want: ^6.0.2
327 silly placeDep ROOT google-auth-library@9.15.1 OK for: @google-cloud/storage@7.18.0 want: ^9.6.3
328 silly placeDep ROOT html-entities@2.6.0 OK for: @google-cloud/storage@7.18.0 want: ^2.5.2
329 silly placeDep node_modules/@google-cloud/storage mime@3.0.0 OK for: @google-cloud/storage@7.18.0 want: ^3.0.0
330 silly placeDep ROOT retry-request@7.0.2 OK for: @google-cloud/storage@7.18.0 want: ^7.0.0
331 silly placeDep ROOT teeny-request@9.0.0 OK for: @google-cloud/storage@7.18.0 want: ^9.0.0
332 silly placeDep node_modules/@google-cloud/storage uuid@8.3.2 OK for: @google-cloud/storage@7.18.0 want: ^8.0.0
333 silly fetch manifest arrify@^2.0.0
334 silly packumentCache full:https://registry.npmjs.org/arrify cache-miss
335 silly fetch manifest event-target-shim@^5.0.0
336 silly packumentCache full:https://registry.npmjs.org/event-target-shim cache-miss
337 silly fetch manifest retry@0.13.1
338 silly packumentCache full:https://registry.npmjs.org/retry cache-miss
339 silly fetch manifest readable-stream@^3.1.1
340 silly packumentCache full:https://registry.npmjs.org/readable-stream cache-miss
341 silly fetch manifest stream-shift@^1.0.2
342 silly packumentCache full:https://registry.npmjs.org/stream-shift cache-miss
343 silly fetch manifest is-stream@^2.0.0
344 silly packumentCache full:https://registry.npmjs.org/is-stream cache-miss
345 silly fetch manifest https-proxy-agent@^7.0.1
346 silly packumentCache full:https://registry.npmjs.org/https-proxy-agent cache-miss
347 http cache https://registry.npmjs.org/arrify 41ms (cache hit)
348 silly packumentCache full:https://registry.npmjs.org/arrify set size:11862 disposed:false
349 silly fetch manifest jws@^4.0.0
350 silly packumentCache full:https://registry.npmjs.org/jws cache-hit
351 silly fetch manifest gtoken@^7.0.0
352 silly packumentCache full:https://registry.npmjs.org/gtoken cache-miss
353 http cache https://registry.npmjs.org/event-target-shim 44ms (cache hit)
354 silly packumentCache full:https://registry.npmjs.org/event-target-shim set size:103601 disposed:false
355 silly fetch manifest gcp-metadata@^6.1.0
356 silly packumentCache full:https://registry.npmjs.org/gcp-metadata cache-hit
357 silly fetch manifest ecdsa-sig-formatter@^1.0.11
358 silly packumentCache full:https://registry.npmjs.org/ecdsa-sig-formatter cache-miss
359 http cache https://registry.npmjs.org/readable-stream 56ms (cache hit)
360 silly packumentCache full:https://registry.npmjs.org/readable-stream set size:261096 disposed:false
361 silly fetch manifest uuid@^9.0.0
362 silly packumentCache full:https://registry.npmjs.org/uuid cache-hit
363 silly fetch manifest stream-events@^1.0.5
364 silly packumentCache full:https://registry.npmjs.org/stream-events cache-miss
365 http cache https://registry.npmjs.org/retry 73ms (cache hit)
366 silly packumentCache full:https://registry.npmjs.org/retry set size:31161 disposed:false
367 silly fetch manifest http-proxy-agent@^5.0.0
368 silly packumentCache full:https://registry.npmjs.org/http-proxy-agent cache-miss
369 http cache https://registry.npmjs.org/is-stream 76ms (cache hit)
370 silly packumentCache full:https://registry.npmjs.org/is-stream set size:18582 disposed:false
371 silly fetch manifest https-proxy-agent@^5.0.0
372 silly packumentCache full:https://registry.npmjs.org/https-proxy-agent cache-miss
373 http cache https://registry.npmjs.org/https-proxy-agent 76ms (cache hit)
374 silly packumentCache full:https://registry.npmjs.org/https-proxy-agent set size:76241 disposed:false
375 http cache https://registry.npmjs.org/stream-shift 82ms (cache hit)
376 silly packumentCache full:https://registry.npmjs.org/stream-shift set size:8066 disposed:false
377 http cache https://registry.npmjs.org/stream-events 24ms (cache hit)
378 silly packumentCache full:https://registry.npmjs.org/stream-events set size:12460 disposed:false
379 http cache https://registry.npmjs.org/http-proxy-agent 19ms (cache hit)
380 silly packumentCache full:https://registry.npmjs.org/http-proxy-agent set size:50096 disposed:false
381 http cache https://registry.npmjs.org/ecdsa-sig-formatter 47ms (cache hit)
382 silly packumentCache full:https://registry.npmjs.org/ecdsa-sig-formatter set size:23546 disposed:false
383 http cache https://registry.npmjs.org/https-proxy-agent 24ms (cache hit)
384 silly packumentCache full:https://registry.npmjs.org/https-proxy-agent set size:76241 disposed:false
385 silly packumentCache full:https://registry.npmjs.org/https-proxy-agent dispose
386 http cache https://registry.npmjs.org/gtoken 67ms (cache hit)
387 silly packumentCache full:https://registry.npmjs.org/gtoken set size:155604 disposed:false
388 silly placeDep ROOT arrify@2.0.1 OK for: @google-cloud/paginator@5.0.2 want: ^2.0.0
389 silly placeDep ROOT event-target-shim@5.0.1 OK for: abort-controller@3.0.0 want: ^5.0.0
390 silly placeDep ROOT retry@0.13.1 OK for: async-retry@1.3.3 want: 0.13.1
391 silly placeDep node_modules/duplexify readable-stream@3.6.2 OK for: duplexify@4.1.3 want: ^3.1.1
392 silly placeDep ROOT stream-shift@1.0.3 OK for: duplexify@4.1.3 want: ^1.0.2
393 silly placeDep ROOT https-proxy-agent@7.0.6 OK for: gaxios@6.7.1 want: ^7.0.1
394 silly placeDep ROOT is-stream@2.0.1 OK for: gaxios@6.7.1 want: ^2.0.0
395 silly placeDep node_modules/gaxios uuid@9.0.1 OK for: gaxios@6.7.1 want: ^9.0.1
396 silly fetch manifest agent-base@^7.1.2
397 silly packumentCache full:https://registry.npmjs.org/agent-base cache-miss
398 http cache https://registry.npmjs.org/agent-base 8ms (cache hit)
399 silly packumentCache full:https://registry.npmjs.org/agent-base set size:67460 disposed:false
400 silly placeDep ROOT ecdsa-sig-formatter@1.0.11 OK for: google-auth-library@9.15.1 want: ^1.0.11
401 silly placeDep ROOT gcp-metadata@6.1.1 OK for: google-auth-library@9.15.1 want: ^6.1.0
402 silly placeDep ROOT gtoken@7.1.0 OK for: google-auth-library@9.15.1 want: ^7.0.0
403 silly placeDep ROOT jws@4.0.1 OK for: google-auth-library@9.15.1 want: ^4.0.0
404 silly fetch manifest json-bigint@^1.0.0
405 silly packumentCache full:https://registry.npmjs.org/json-bigint cache-miss
406 silly fetch manifest google-logging-utils@^0.0.2
407 silly packumentCache full:https://registry.npmjs.org/google-logging-utils cache-miss
408 silly fetch manifest jwa@^2.0.1
409 silly packumentCache full:https://registry.npmjs.org/jwa cache-miss
410 http cache https://registry.npmjs.org/google-logging-utils 13ms (cache hit)
411 silly packumentCache full:https://registry.npmjs.org/google-logging-utils set size:21694 disposed:false
412 http cache https://registry.npmjs.org/json-bigint 16ms (cache hit)
413 silly packumentCache full:https://registry.npmjs.org/json-bigint set size:36963 disposed:false
414 http cache https://registry.npmjs.org/jwa 15ms (cache hit)
415 silly packumentCache full:https://registry.npmjs.org/jwa set size:39956 disposed:false
416 silly placeDep ROOT google-logging-utils@0.0.2 OK for: gcp-metadata@6.1.1 want: ^0.0.2
417 silly placeDep ROOT json-bigint@1.0.0 OK for: gcp-metadata@6.1.1 want: ^1.0.0
418 silly fetch manifest bignumber.js@^9.0.0
419 silly packumentCache full:https://registry.npmjs.org/bignumber.js cache-miss
420 http cache https://registry.npmjs.org/bignumber.js 8ms (cache hit)
421 silly packumentCache full:https://registry.npmjs.org/bignumber.js set size:123203 disposed:false
422 silly placeDep node_modules/google-gax @grpc/grpc-js@1.14.3 OK for: google-gax@4.6.1 want: ^1.10.9
423 silly placeDep ROOT @types/long@4.0.2 OK for: google-gax@4.6.1 want: ^4.0.0
424 silly placeDep ROOT proto3-json-serializer@2.0.2 OK for: google-gax@4.6.1 want: ^2.0.2
425 silly placeDep node_modules/google-gax uuid@9.0.1 OK for: google-gax@4.6.1 want: ^9.0.1
426 silly fetch manifest @grpc/proto-loader@^0.8.0
427 silly packumentCache full:https://registry.npmjs.org/@grpc%2fproto-loader cache-miss
428 silly fetch manifest @js-sdsl/ordered-map@^4.4.2
429 silly packumentCache full:https://registry.npmjs.org/@js-sdsl%2fordered-map cache-miss
430 http cache https://registry.npmjs.org/@grpc%2fproto-loader 8ms (cache hit)
431 silly packumentCache full:https://registry.npmjs.org/@grpc%2fproto-loader set size:215394 disposed:false
432 http cache https://registry.npmjs.org/@js-sdsl%2fordered-map 11ms (cache hit)
433 silly packumentCache full:https://registry.npmjs.org/@js-sdsl%2fordered-map set size:63788 disposed:false
434 silly placeDep ROOT agent-base@7.1.4 OK for: https-proxy-agent@7.0.6 want: ^7.1.2
435 silly placeDep ROOT bignumber.js@9.3.1 OK for: json-bigint@1.0.0 want: ^9.0.0
436 silly placeDep ROOT lodash.includes@4.3.0 OK for: jsonwebtoken@9.0.3 want: ^4.3.0
437 silly placeDep ROOT lodash.isboolean@3.0.3 OK for: jsonwebtoken@9.0.3 want: ^3.0.3
438 silly placeDep ROOT lodash.isinteger@4.0.4 OK for: jsonwebtoken@9.0.3 want: ^4.0.4
439 silly placeDep ROOT lodash.isnumber@3.0.3 OK for: jsonwebtoken@9.0.3 want: ^3.0.3
440 silly placeDep ROOT lodash.isplainobject@4.0.6 OK for: jsonwebtoken@9.0.3 want: ^4.0.6
441 silly placeDep ROOT lodash.isstring@4.0.1 OK for: jsonwebtoken@9.0.3 want: ^4.0.1
442 silly placeDep ROOT lodash.once@4.1.1 OK for: jsonwebtoken@9.0.3 want: ^4.0.0
443 silly placeDep ROOT @types/express@4.17.25 OK for: jwks-rsa@3.2.0 want: ^4.17.20
444 silly placeDep ROOT @types/jsonwebtoken@9.0.10 OK for: jwks-rsa@3.2.0 want: ^9.0.4
445 silly placeDep node_modules/jwks-rsa jose@4.15.9 OK for: jwks-rsa@3.2.0 want: ^4.15.4
446 silly placeDep ROOT limiter@1.1.5 OK for: jwks-rsa@3.2.0 want: ^1.1.5
447 silly placeDep ROOT lru-memoizer@2.3.0 OK for: jwks-rsa@3.2.0 want: ^2.2.0
448 silly fetch manifest @types/qs@*
449 silly packumentCache full:https://registry.npmjs.org/@types%2fqs cache-miss
450 silly fetch manifest @types/body-parser@*
451 silly packumentCache full:https://registry.npmjs.org/@types%2fbody-parser cache-miss
452 silly fetch manifest @types/serve-static@^1
453 silly packumentCache full:https://registry.npmjs.org/@types%2fserve-static cache-miss
454 silly fetch manifest @types/express-serve-static-core@^4.17.33
455 silly packumentCache full:https://registry.npmjs.org/@types%2fexpress-serve-static-core cache-miss
456 silly fetch manifest lru-cache@6.0.0
457 silly packumentCache full:https://registry.npmjs.org/lru-cache cache-miss
458 silly fetch manifest lodash.clonedeep@^4.5.0
459 silly packumentCache full:https://registry.npmjs.org/lodash.clonedeep cache-miss
460 http cache https://registry.npmjs.org/lodash.clonedeep 10ms (cache hit)
461 silly packumentCache full:https://registry.npmjs.org/lodash.clonedeep set size:48192 disposed:false
462 http cache https://registry.npmjs.org/@types%2fserve-static 13ms (cache hit)
463 silly packumentCache full:https://registry.npmjs.org/@types%2fserve-static set size:70859 disposed:false
464 http cache https://registry.npmjs.org/@types%2fbody-parser 16ms (cache hit)
465 silly packumentCache full:https://registry.npmjs.org/@types%2fbody-parser set size:59466 disposed:false
466 http cache https://registry.npmjs.org/@types%2fqs 18ms (cache hit)
467 silly packumentCache full:https://registry.npmjs.org/@types%2fqs set size:79370 disposed:false
468 http cache https://registry.npmjs.org/lru-cache 21ms (cache hit)
469 silly packumentCache full:https://registry.npmjs.org/lru-cache set size:406394 disposed:false
470 http cache https://registry.npmjs.org/@types%2fexpress-serve-static-core 28ms (cache hit)
471 silly packumentCache full:https://registry.npmjs.org/@types%2fexpress-serve-static-core set size:260194 disposed:false
472 silly placeDep ROOT @types/body-parser@1.19.6 OK for: @types/express@4.17.25 want: *
473 silly placeDep ROOT @types/express-serve-static-core@4.19.7 OK for: @types/express@4.17.25 want: ^4.17.33
474 silly placeDep ROOT @types/qs@6.14.0 OK for: @types/express@4.17.25 want: *
475 silly placeDep ROOT @types/serve-static@1.15.10 OK for: @types/express@4.17.25 want: ^1
476 silly fetch manifest @types/connect@*
477 silly packumentCache full:https://registry.npmjs.org/@types%2fconnect cache-miss
478 silly fetch manifest @types/send@*
479 silly packumentCache full:https://registry.npmjs.org/@types%2fsend cache-miss
480 silly fetch manifest @types/range-parser@*
481 silly packumentCache full:https://registry.npmjs.org/@types%2frange-parser cache-miss
482 silly fetch manifest @types/send@<1
483 silly packumentCache full:https://registry.npmjs.org/@types%2fsend cache-miss
484 silly fetch manifest @types/http-errors@*
485 silly packumentCache full:https://registry.npmjs.org/@types%2fhttp-errors cache-miss
486 http cache https://registry.npmjs.org/@types%2fsend 10ms (cache hit)
487 silly packumentCache full:https://registry.npmjs.org/@types%2fsend set size:29985 disposed:false
488 http cache https://registry.npmjs.org/@types%2fconnect 12ms (cache hit)
489 silly packumentCache full:https://registry.npmjs.org/@types%2fconnect set size:31512 disposed:false
490 http cache https://registry.npmjs.org/@types%2fsend 12ms (cache hit)
491 silly packumentCache full:https://registry.npmjs.org/@types%2fsend set size:29985 disposed:false
492 silly packumentCache full:https://registry.npmjs.org/@types%2fsend dispose
493 http cache https://registry.npmjs.org/@types%2fhttp-errors 13ms (cache hit)
494 silly packumentCache full:https://registry.npmjs.org/@types%2fhttp-errors set size:48994 disposed:false
495 http cache https://registry.npmjs.org/@types%2frange-parser 16ms (cache hit)
496 silly packumentCache full:https://registry.npmjs.org/@types%2frange-parser set size:15278 disposed:false
497 silly placeDep ROOT @types/connect@3.4.38 OK for: @types/body-parser@1.19.6 want: *
498 silly placeDep ROOT @types/range-parser@1.2.7 OK for: @types/express-serve-static-core@4.19.7 want: *
499 silly placeDep ROOT @types/send@1.2.1 OK for: @types/express-serve-static-core@4.19.7 want: *
500 silly placeDep ROOT @types/http-errors@2.0.5 OK for: @types/serve-static@1.15.10 want: *
501 silly placeDep node_modules/@types/serve-static @types/send@0.17.6 OK for: @types/serve-static@1.15.10 want: <1
502 silly fetch manifest @types/mime@^1
503 silly packumentCache full:https://registry.npmjs.org/@types%2fmime cache-miss
504 http cache https://registry.npmjs.org/@types%2fmime 5ms (cache hit)
505 silly packumentCache full:https://registry.npmjs.org/@types%2fmime set size:43242 disposed:false
506 silly placeDep ROOT jwa@2.0.1 OK for: jws@4.0.1 want: ^2.0.1
507 silly fetch manifest buffer-equal-constant-time@^1.0.1
508 silly packumentCache full:https://registry.npmjs.org/buffer-equal-constant-time cache-miss
509 http cache https://registry.npmjs.org/buffer-equal-constant-time 10ms (cache hit)
510 silly packumentCache full:https://registry.npmjs.org/buffer-equal-constant-time set size:4390 disposed:false
511 silly placeDep ROOT buffer-equal-constant-time@1.0.1 OK for: jwa@2.0.1 want: ^1.0.1
512 silly placeDep ROOT lodash.clonedeep@4.5.0 OK for: lru-memoizer@2.3.0 want: ^4.5.0
513 silly placeDep node_modules/lru-memoizer lru-cache@6.0.0 OK for: lru-memoizer@2.3.0 want: 6.0.0
514 silly fetch manifest yallist@^4.0.0
515 silly packumentCache full:https://registry.npmjs.org/yallist cache-miss
516 http cache https://registry.npmjs.org/yallist 8ms (cache hit)
517 silly packumentCache full:https://registry.npmjs.org/yallist set size:34610 disposed:false
518 silly placeDep ROOT @mongodb-js/saslprep@1.4.4 OK for: mongodb@6.21.0 want: ^1.3.0
519 silly placeDep ROOT bson@6.10.4 OK for: mongodb@6.21.0 want: ^6.10.4
520 silly placeDep ROOT gcp-metadata@5.3.0 REPLACE for: mongodb@6.21.0 want: ^5.2.0
521 silly placeDep ROOT mongodb-connection-string-url@3.0.2 OK for: mongodb@6.21.0 want: ^3.0.2
522 silly fetch manifest sparse-bitfield@^3.0.3
523 silly packumentCache full:https://registry.npmjs.org/sparse-bitfield cache-miss
524 silly fetch manifest gaxios@^5.0.0
525 silly packumentCache full:https://registry.npmjs.org/gaxios cache-hit
526 silly fetch manifest whatwg-url@^14.1.0 || ^13.0.0
527 silly packumentCache full:https://registry.npmjs.org/whatwg-url cache-miss
528 silly fetch manifest @types/whatwg-url@^11.0.2
529 silly packumentCache full:https://registry.npmjs.org/@types%2fwhatwg-url cache-miss
530 http cache https://registry.npmjs.org/@types%2fwhatwg-url 9ms (cache hit)
531 silly packumentCache full:https://registry.npmjs.org/@types%2fwhatwg-url set size:25750 disposed:false
532 http cache https://registry.npmjs.org/sparse-bitfield 12ms (cache hit)
533 silly packumentCache full:https://registry.npmjs.org/sparse-bitfield set size:18366 disposed:false
534 http cache https://registry.npmjs.org/whatwg-url 13ms (cache hit)
535 silly packumentCache full:https://registry.npmjs.org/whatwg-url set size:165406 disposed:false
536 silly placeDep ROOT sparse-bitfield@3.0.3 OK for: @mongodb-js/saslprep@1.4.4 want: ^3.0.3
537 silly fetch manifest memory-pager@^1.0.2
538 silly packumentCache full:https://registry.npmjs.org/memory-pager cache-miss
539 http cache https://registry.npmjs.org/memory-pager 6ms (cache hit)
540 silly packumentCache full:https://registry.npmjs.org/memory-pager set size:21090 disposed:false
541 silly placeDep node_modules/gcp-metadata gaxios@5.1.3 OK for: gcp-metadata@5.3.0 want: ^5.0.0
542 silly placeDep node_modules/google-auth-library gcp-metadata@6.1.1 OK for: google-auth-library@9.15.1 want: ^6.1.0
543 silly placeDep ROOT @types/whatwg-url@11.0.5 OK for: mongodb-connection-string-url@3.0.2 want: ^11.0.2
544 silly placeDep node_modules/mongodb-connection-string-url whatwg-url@14.2.0 OK for: mongodb-connection-string-url@3.0.2 want: ^14.1.0 || ^13.0.0
545 silly fetch manifest @types/webidl-conversions@*
546 silly packumentCache full:https://registry.npmjs.org/@types%2fwebidl-conversions cache-miss
547 silly fetch manifest tr46@^5.1.0
548 silly packumentCache full:https://registry.npmjs.org/tr46 cache-miss
549 silly fetch manifest webidl-conversions@^7.0.0
550 silly packumentCache full:https://registry.npmjs.org/webidl-conversions cache-miss
551 http cache https://registry.npmjs.org/@types%2fwebidl-conversions 11ms (cache hit)
552 silly packumentCache full:https://registry.npmjs.org/@types%2fwebidl-conversions set size:22935 disposed:false
553 http cache https://registry.npmjs.org/tr46 11ms (cache hit)
554 silly packumentCache full:https://registry.npmjs.org/tr46 set size:47377 disposed:false
555 http cache https://registry.npmjs.org/webidl-conversions 14ms (cache hit)
556 silly packumentCache full:https://registry.npmjs.org/webidl-conversions set size:46073 disposed:false
557 silly placeDep ROOT @types/webidl-conversions@7.0.3 OK for: @types/whatwg-url@11.0.5 want: *
558 silly placeDep ROOT @panva/hkdf@1.2.1 OK for: next-auth@4.24.13 want: ^1.0.2
559 silly placeDep ROOT cookie@0.7.2 OK for: next-auth@4.24.13 want: ^0.7.0
560 silly placeDep node_modules/next-auth jose@4.15.9 OK for: next-auth@4.24.13 want: ^4.15.5
561 silly placeDep ROOT oauth@0.9.15 OK for: next-auth@4.24.13 want: ^0.9.15
562 silly placeDep ROOT openid-client@5.7.1 OK for: next-auth@4.24.13 want: ^5.4.0
563 silly placeDep ROOT preact@10.28.2 OK for: next-auth@4.24.13 want: ^10.6.3
564 silly placeDep ROOT preact-render-to-string@5.2.6 OK for: next-auth@4.24.13 want: ^5.1.19
565 silly placeDep node_modules/next-auth uuid@8.3.2 OK for: next-auth@4.24.13 want: ^8.3.2
566 silly fetch manifest jose@^4.15.9
567 silly packumentCache full:https://registry.npmjs.org/jose cache-miss
568 silly fetch manifest lru-cache@^6.0.0
569 silly packumentCache full:https://registry.npmjs.org/lru-cache cache-hit
570 silly fetch manifest object-hash@^2.2.0
571 silly packumentCache full:https://registry.npmjs.org/object-hash cache-miss
572 silly fetch manifest oidc-token-hash@^5.0.3
573 silly packumentCache full:https://registry.npmjs.org/oidc-token-hash cache-miss
574 silly fetch manifest pretty-format@^3.8.0
575 silly packumentCache full:https://registry.npmjs.org/pretty-format cache-miss
576 http cache https://registry.npmjs.org/jose 15ms (cache hit)
577 silly packumentCache full:https://registry.npmjs.org/jose set size:1390941 disposed:false
578 http cache https://registry.npmjs.org/object-hash 35ms (cache hit)
579 silly packumentCache full:https://registry.npmjs.org/object-hash set size:100564 disposed:false
580 http cache https://registry.npmjs.org/oidc-token-hash 36ms (cache hit)
581 silly packumentCache full:https://registry.npmjs.org/oidc-token-hash set size:37230 disposed:false
582 http cache https://registry.npmjs.org/pretty-format 41ms (cache hit)
583 silly packumentCache full:https://registry.npmjs.org/pretty-format set size:591748 disposed:false
584 silly placeDep node_modules/openid-client jose@4.15.9 OK for: openid-client@5.7.1 want: ^4.15.9
585 silly placeDep node_modules/openid-client lru-cache@6.0.0 OK for: openid-client@5.7.1 want: ^6.0.0
586 silly placeDep node_modules/openid-client object-hash@2.2.0 OK for: openid-client@5.7.1 want: ^2.2.0
587 silly placeDep ROOT oidc-token-hash@5.2.0 OK for: openid-client@5.7.1 want: ^5.0.3
588 silly placeDep ROOT pretty-format@3.8.0 OK for: preact-render-to-string@5.2.6 want: ^3.8.0
589 silly placeDep ROOT memory-pager@1.5.0 OK for: sparse-bitfield@3.0.3 want: ^1.0.2
590 silly placeDep ROOT http-proxy-agent@5.0.0 OK for: teeny-request@9.0.0 want: ^5.0.0
591 silly placeDep node_modules/teeny-request https-proxy-agent@5.0.1 OK for: teeny-request@9.0.0 want: ^5.0.0
592 silly placeDep ROOT stream-events@1.0.5 OK for: teeny-request@9.0.0 want: ^1.0.5
593 silly placeDep node_modules/teeny-request uuid@9.0.1 OK for: teeny-request@9.0.0 want: ^9.0.0
594 silly fetch manifest @tootallnate/once@2
595 silly packumentCache full:https://registry.npmjs.org/@tootallnate%2fonce cache-miss
596 silly fetch manifest agent-base@6
597 silly packumentCache full:https://registry.npmjs.org/agent-base cache-hit
598 silly fetch manifest agent-base@6
599 silly packumentCache full:https://registry.npmjs.org/agent-base cache-hit
600 silly fetch manifest stubs@^3.0.0
601 silly packumentCache full:https://registry.npmjs.org/stubs cache-miss
602 http cache https://registry.npmjs.org/@tootallnate%2fonce 22ms (cache hit)
603 silly packumentCache full:https://registry.npmjs.org/@tootallnate%2fonce set size:19864 disposed:false
604 http cache https://registry.npmjs.org/stubs 22ms (cache hit)
605 silly packumentCache full:https://registry.npmjs.org/stubs set size:9388 disposed:false
606 silly placeDep ROOT @tootallnate/once@2.0.0 OK for: http-proxy-agent@5.0.0 want: 2
607 silly placeDep node_modules/http-proxy-agent agent-base@6.0.2 OK for: http-proxy-agent@5.0.0 want: 6
608 silly placeDep ROOT stubs@3.0.0 OK for: stream-events@1.0.5 want: ^3.0.0
609 silly placeDep ROOT @types/mime@1.3.5 OK for: @types/send@0.17.6 want: ^1
610 silly placeDep node_modules/gcp-metadata https-proxy-agent@5.0.1 OK for: gaxios@5.1.3 want: ^5.0.0
611 silly placeDep node_modules/gcp-metadata agent-base@6.0.2 OK for: https-proxy-agent@5.0.1 want: 6
612 silly placeDep ROOT google-logging-utils@0.0.2 OK for: gcp-metadata@6.1.1 want: ^0.0.2
613 silly placeDep node_modules/google-gax/node_modules/@grpc/grpc-js @grpc/proto-loader@0.8.0 OK for: @grpc/grpc-js@1.14.3 want: ^0.8.0
614 silly placeDep ROOT @js-sdsl/ordered-map@4.4.2 OK for: @grpc/grpc-js@1.14.3 want: ^4.4.2
615 silly placeDep ROOT yallist@4.0.0 OK for: lru-cache@6.0.0 want: ^4.0.0
616 silly placeDep node_modules/mongodb-connection-string-url tr46@5.1.1 OK for: whatwg-url@14.2.0 want: ^5.1.0
617 silly placeDep node_modules/mongodb-connection-string-url webidl-conversions@7.0.0 OK for: whatwg-url@14.2.0 want: ^7.0.0
618 silly placeDep node_modules/teeny-request agent-base@6.0.2 OK for: https-proxy-agent@5.0.1 want: 6
619 silly reify mark retired [ '/Users/timofey/Downloads/download (1)/node_modules/abs-svg-path' ]
620 silly reify mark retired [ '/Users/timofey/Downloads/download (1)/node_modules/acorn' ]
621 silly reify mark retired [
621 silly reify   '/Users/timofey/Downloads/download (1)/node_modules/acorn-import-phases'
621 silly reify ]
622 silly reify mark retired [ '/Users/timofey/Downloads/download (1)/node_modules/acorn-jsx' ]
623 silly reify mark retired [ '/Users/timofey/Downloads/download (1)/node_modules/adler-32' ]
624 silly reify mark retired [ '/Users/timofey/Downloads/download (1)/node_modules/ajv' ]
625 silly reify mark retired [ '/Users/timofey/Downloads/download (1)/node_modules/ajv-formats' ]
626 silly reify mark retired [ '/Users/timofey/Downloads/download (1)/node_modules/ajv-keywords' ]
627 silly reify mark retired [ '/Users/timofey/Downloads/download (1)/node_modules/ansi-regex' ]
628 silly reify mark retired [ '/Users/timofey/Downloads/download (1)/node_modules/ansi-styles' ]
629 silly reify mark retired [ '/Users/timofey/Downloads/download (1)/node_modules/any-promise' ]
630 silly reify mark retired [ '/Users/timofey/Downloads/download (1)/node_modules/anymatch' ]
631 silly reify mark retired [ '/Users/timofey/Downloads/download (1)/node_modules/arg' ]
632 silly reify mark retired [ '/Users/timofey/Downloads/download (1)/node_modules/argparse' ]
633 silly reify mark retired [ '/Users/timofey/Downloads/download (1)/node_modules/aria-hidden' ]
634 silly reify mark retired [ '/Users/timofey/Downloads/download (1)/node_modules/aria-query' ]
635 silly reify mark retired [
635 silly reify   '/Users/timofey/Downloads/download (1)/node_modules/array-buffer-byte-length'
635 silly reify ]
636 silly reify mark retired [ '/Users/timofey/Downloads/download (1)/node_modules/array-includes' ]
637 silly reify mark retired [ '/Users/timofey/Downloads/download (1)/node_modules/array-union' ]
638 silly reify mark retired [
638 silly reify   '/Users/timofey/Downloads/download (1)/node_modules/array.prototype.findindex'
638 silly reify ]
639 silly reify mark retired [
639 silly reify   '/Users/timofey/Downloads/download (1)/node_modules/array.prototype.findlast'
639 silly reify ]
640 silly reify mark retired [
640 silly reify   '/Users/timofey/Downloads/download (1)/node_modules/array.prototype.findlastindex'
640 silly reify ]
641 silly reify mark retired [
641 silly reify   '/Users/timofey/Downloads/download (1)/node_modules/array.prototype.flat'
641 silly reify ]
642 silly reify mark retired [
642 silly reify   '/Users/timofey/Downloads/download (1)/node_modules/array.prototype.flatmap'
642 silly reify ]
643 silly reify mark retired [
643 silly reify   '/Users/timofey/Downloads/download (1)/node_modules/array.prototype.tosorted'
643 silly reify ]
644 silly reify mark retired [
644 silly reify   '/Users/timofey/Downloads/download (1)/node_modules/arraybuffer.prototype.slice'
644 silly reify ]
645 silly reify mark retired [ '/Users/timofey/Downloads/download (1)/node_modules/asn1' ]
646 silly reify mark retired [ '/Users/timofey/Downloads/download (1)/node_modules/assert-plus' ]
647 silly reify mark retired [ '/Users/timofey/Downloads/download (1)/node_modules/ast-types-flow' ]
648 silly reify mark retired [ '/Users/timofey/Downloads/download (1)/node_modules/async-function' ]
649 silly reify mark retired [ '/Users/timofey/Downloads/download (1)/node_modules/asynckit' ]
650 silly reify mark retired [ '/Users/timofey/Downloads/download (1)/node_modules/attr-accept' ]
651 silly reify mark retired [
651 silly reify   '/Users/timofey/Downloads/download (1)/node_modules/available-typed-arrays'
651 silly reify ]
652 silly reify mark retired [ '/Users/timofey/Downloads/download (1)/node_modules/aws-sign2' ]
653 silly reify mark retired [ '/Users/timofey/Downloads/download (1)/node_modules/aws4' ]
654 silly reify mark retired [ '/Users/timofey/Downloads/download (1)/node_modules/axe-core' ]
655 silly reify mark retired [ '/Users/timofey/Downloads/download (1)/node_modules/axios' ]
656 silly reify mark retired [ '/Users/timofey/Downloads/download (1)/node_modules/axobject-query' ]
657 silly reify mark retired [ '/Users/timofey/Downloads/download (1)/node_modules/bail' ]
658 silly reify mark retired [ '/Users/timofey/Downloads/download (1)/node_modules/balanced-match' ]
659 silly reify mark retired [ '/Users/timofey/Downloads/download (1)/node_modules/base64-js' ]
660 silly reify mark retired [ '/Users/timofey/Downloads/download (1)/node_modules/bcrypt-pbkdf' ]
661 silly reify mark retired [ '/Users/timofey/Downloads/download (1)/node_modules/bidi-js' ]
662 silly reify mark retired [ '/Users/timofey/Downloads/download (1)/node_modules/big.js' ]
663 silly reify mark retired [
663 silly reify   '/Users/timofey/Downloads/download (1)/node_modules/binary-extensions'
663 silly reify ]
664 silly reify mark retired [ '/Users/timofey/Downloads/download (1)/node_modules/bl' ]
665 silly reify mark retired [ '/Users/timofey/Downloads/download (1)/node_modules/bluebird' ]
666 silly reify mark retired [ '/Users/timofey/Downloads/download (1)/node_modules/bowser' ]
667 silly reify mark retired [
667 silly reify   '/Users/timofey/Downloads/download (1)/node_modules/brace-expansion'
667 silly reify ]
668 silly reify mark retired [ '/Users/timofey/Downloads/download (1)/node_modules/braces' ]
669 silly reify mark retired [ '/Users/timofey/Downloads/download (1)/node_modules/brotli' ]
670 silly reify mark retired [
670 silly reify   '/Users/timofey/Downloads/download (1)/node_modules/browserify-zlib'
670 silly reify ]
671 silly reify mark retired [ '/Users/timofey/Downloads/download (1)/node_modules/browserslist' ]
672 silly reify mark retired [ '/Users/timofey/Downloads/download (1)/node_modules/buffer-from' ]
673 silly reify mark retired [ '/Users/timofey/Downloads/download (1)/node_modules/busboy' ]
674 silly reify mark retired [ '/Users/timofey/Downloads/download (1)/node_modules/call-bind' ]
675 silly reify mark retired [
675 silly reify   '/Users/timofey/Downloads/download (1)/node_modules/call-bind-apply-helpers'
675 silly reify ]
676 silly reify mark retired [ '/Users/timofey/Downloads/download (1)/node_modules/call-bound' ]
677 silly reify mark retired [ '/Users/timofey/Downloads/download (1)/node_modules/callsites' ]
678 silly reify mark retired [ '/Users/timofey/Downloads/download (1)/node_modules/camelcase-css' ]
679 silly reify mark retired [ '/Users/timofey/Downloads/download (1)/node_modules/caniuse-lite' ]
680 silly reify mark retired [ '/Users/timofey/Downloads/download (1)/node_modules/caseless' ]
681 silly reify mark retired [ '/Users/timofey/Downloads/download (1)/node_modules/ccount' ]
682 silly reify mark retired [ '/Users/timofey/Downloads/download (1)/node_modules/cfb' ]
683 silly reify mark retired [ '/Users/timofey/Downloads/download (1)/node_modules/chalk' ]
684 silly reify mark retired [
684 silly reify   '/Users/timofey/Downloads/download (1)/node_modules/character-entities'
684 silly reify ]
685 silly reify mark retired [
685 silly reify   '/Users/timofey/Downloads/download (1)/node_modules/character-entities-html4'
685 silly reify ]
686 silly reify mark retired [
686 silly reify   '/Users/timofey/Downloads/download (1)/node_modules/character-entities-legacy'
686 silly reify ]
687 silly reify mark retired [
687 silly reify   '/Users/timofey/Downloads/download (1)/node_modules/character-reference-invalid'
687 silly reify ]
688 silly reify mark retired [ '/Users/timofey/Downloads/download (1)/node_modules/chokidar' ]
689 silly reify mark retired [
689 silly reify   '/Users/timofey/Downloads/download (1)/node_modules/chrome-trace-event'
689 silly reify ]
690 silly reify mark retired [ '/Users/timofey/Downloads/download (1)/node_modules/ci-info' ]
691 silly reify mark retired [
691 silly reify   '/Users/timofey/Downloads/download (1)/node_modules/class-variance-authority'
691 silly reify ]
692 silly reify mark retired [ '/Users/timofey/Downloads/download (1)/node_modules/client-only' ]
693 silly reify mark retired [ '/Users/timofey/Downloads/download (1)/node_modules/cliui' ]
694 silly reify mark retired [ '/Users/timofey/Downloads/download (1)/node_modules/clone' ]
695 silly reify mark retired [ '/Users/timofey/Downloads/download (1)/node_modules/clsx' ]
696 silly reify mark retired [ '/Users/timofey/Downloads/download (1)/node_modules/codepage' ]
697 silly reify mark retired [ '/Users/timofey/Downloads/download (1)/node_modules/color-convert' ]
698 silly reify mark retired [ '/Users/timofey/Downloads/download (1)/node_modules/color-name' ]
699 silly reify mark retired [ '/Users/timofey/Downloads/download (1)/node_modules/color-string' ]
700 silly reify mark retired [
700 silly reify   '/Users/timofey/Downloads/download (1)/node_modules/combined-stream'
700 silly reify ]
701 silly reify mark retired [
701 silly reify   '/Users/timofey/Downloads/download (1)/node_modules/comma-separated-tokens'
701 silly reify ]
702 silly reify mark retired [ '/Users/timofey/Downloads/download (1)/node_modules/commander' ]
703 silly reify mark retired [ '/Users/timofey/Downloads/download (1)/node_modules/concat-map' ]
704 silly reify mark retired [ '/Users/timofey/Downloads/download (1)/node_modules/core-util-is' ]
705 silly reify mark retired [ '/Users/timofey/Downloads/download (1)/node_modules/crc-32' ]
706 silly reify mark retired [ '/Users/timofey/Downloads/download (1)/node_modules/cross-fetch' ]
707 silly reify mark retired [ '/Users/timofey/Downloads/download (1)/node_modules/cross-spawn' ]
708 silly reify mark retired [ '/Users/timofey/Downloads/download (1)/node_modules/crypto-js' ]
709 silly reify mark retired [ '/Users/timofey/Downloads/download (1)/node_modules/cssesc' ]
710 silly reify mark retired [ '/Users/timofey/Downloads/download (1)/node_modules/csstype' ]
711 silly reify mark retired [ '/Users/timofey/Downloads/download (1)/node_modules/d3-array' ]
712 silly reify mark retired [ '/Users/timofey/Downloads/download (1)/node_modules/d3-ease' ]
713 silly reify mark retired [ '/Users/timofey/Downloads/download (1)/node_modules/d3-color' ]
714 silly reify mark retired [ '/Users/timofey/Downloads/download (1)/node_modules/d3-format' ]
715 silly reify mark retired [ '/Users/timofey/Downloads/download (1)/node_modules/d3-interpolate' ]
716 silly reify mark retired [ '/Users/timofey/Downloads/download (1)/node_modules/d3-path' ]
717 silly reify mark retired [ '/Users/timofey/Downloads/download (1)/node_modules/d3-scale' ]
718 silly reify mark retired [ '/Users/timofey/Downloads/download (1)/node_modules/d3-shape' ]
719 silly reify mark retired [ '/Users/timofey/Downloads/download (1)/node_modules/d3-time' ]
720 silly reify mark retired [ '/Users/timofey/Downloads/download (1)/node_modules/d3-time-format' ]
721 silly reify mark retired [ '/Users/timofey/Downloads/download (1)/node_modules/d3-timer' ]
722 silly reify mark retired [
722 silly reify   '/Users/timofey/Downloads/download (1)/node_modules/damerau-levenshtein'
722 silly reify ]
723 silly reify mark retired [
723 silly reify   '/Users/timofey/Downloads/download (1)/node_modules/data-view-buffer'
723 silly reify ]
724 silly reify mark retired [
724 silly reify   '/Users/timofey/Downloads/download (1)/node_modules/data-view-byte-length'
724 silly reify ]
725 silly reify mark retired [ '/Users/timofey/Downloads/download (1)/node_modules/dashdash' ]
726 silly reify mark retired [
726 silly reify   '/Users/timofey/Downloads/download (1)/node_modules/data-view-byte-offset'
726 silly reify ]
727 silly reify mark retired [ '/Users/timofey/Downloads/download (1)/node_modules/date-fns' ]
728 silly reify mark retired [ '/Users/timofey/Downloads/download (1)/node_modules/debug' ]
729 silly reify mark retired [
729 silly reify   '/Users/timofey/Downloads/download (1)/node_modules/decimal.js-light'
729 silly reify ]
730 silly reify mark retired [
730 silly reify   '/Users/timofey/Downloads/download (1)/node_modules/decode-named-character-reference'
730 silly reify ]
731 silly reify mark retired [ '/Users/timofey/Downloads/download (1)/node_modules/deep-is' ]
732 silly reify mark retired [
732 silly reify   '/Users/timofey/Downloads/download (1)/node_modules/define-data-property'
732 silly reify ]
733 silly reify mark retired [
733 silly reify   '/Users/timofey/Downloads/download (1)/node_modules/define-properties'
733 silly reify ]
734 silly reify mark retired [ '/Users/timofey/Downloads/download (1)/node_modules/delayed-stream' ]
735 silly reify mark retired [ '/Users/timofey/Downloads/download (1)/node_modules/dequal' ]
736 silly reify mark retired [ '/Users/timofey/Downloads/download (1)/node_modules/devlop' ]
737 silly reify mark retired [ '/Users/timofey/Downloads/download (1)/node_modules/detect-node-es' ]
738 silly reify mark retired [ '/Users/timofey/Downloads/download (1)/node_modules/dfa' ]
739 silly reify mark retired [ '/Users/timofey/Downloads/download (1)/node_modules/didyoumean' ]
740 silly reify mark retired [ '/Users/timofey/Downloads/download (1)/node_modules/dir-glob' ]
741 silly reify mark retired [ '/Users/timofey/Downloads/download (1)/node_modules/dlv' ]
742 silly reify mark retired [ '/Users/timofey/Downloads/download (1)/node_modules/doctrine' ]
743 silly reify mark retired [ '/Users/timofey/Downloads/download (1)/node_modules/docx' ]
744 silly reify mark retired [ '/Users/timofey/Downloads/download (1)/node_modules/dom-helpers' ]
745 silly reify mark retired [ '/Users/timofey/Downloads/download (1)/node_modules/dotenv' ]
746 silly reify mark retired [ '/Users/timofey/Downloads/download (1)/node_modules/dunder-proto' ]
747 silly reify mark retired [ '/Users/timofey/Downloads/download (1)/node_modules/eastasianwidth' ]
748 silly reify mark retired [ '/Users/timofey/Downloads/download (1)/node_modules/ecc-jsbn' ]
749 silly reify mark retired [
749 silly reify   '/Users/timofey/Downloads/download (1)/node_modules/electron-to-chromium'
749 silly reify ]
750 silly reify mark retired [ '/Users/timofey/Downloads/download (1)/node_modules/emoji-regex' ]
751 silly reify mark retired [ '/Users/timofey/Downloads/download (1)/node_modules/emojis-list' ]
752 silly reify mark retired [ '/Users/timofey/Downloads/download (1)/node_modules/end-of-stream' ]
753 silly reify mark retired [
753 silly reify   '/Users/timofey/Downloads/download (1)/node_modules/enhanced-resolve'
753 silly reify ]
754 silly reify mark retired [ '/Users/timofey/Downloads/download (1)/node_modules/error-kid' ]
755 silly reify mark retired [ '/Users/timofey/Downloads/download (1)/node_modules/es-abstract' ]
756 silly reify mark retired [
756 silly reify   '/Users/timofey/Downloads/download (1)/node_modules/es-define-property'
756 silly reify ]
757 silly reify mark retired [
757 silly reify   '/Users/timofey/Downloads/download (1)/node_modules/es-iterator-helpers'
757 silly reify ]
758 silly reify mark retired [ '/Users/timofey/Downloads/download (1)/node_modules/es-errors' ]
759 silly reify mark retired [
759 silly reify   '/Users/timofey/Downloads/download (1)/node_modules/es-module-lexer'
759 silly reify ]
760 silly reify mark retired [
760 silly reify   '/Users/timofey/Downloads/download (1)/node_modules/es-object-atoms'
760 silly reify ]
761 silly reify mark retired [
761 silly reify   '/Users/timofey/Downloads/download (1)/node_modules/es-shim-unscopables'
761 silly reify ]
762 silly reify mark retired [
762 silly reify   '/Users/timofey/Downloads/download (1)/node_modules/es-set-tostringtag'
762 silly reify ]
763 silly reify mark retired [ '/Users/timofey/Downloads/download (1)/node_modules/escalade' ]
764 silly reify mark retired [
764 silly reify   '/Users/timofey/Downloads/download (1)/node_modules/es-to-primitive'
764 silly reify ]
765 silly reify mark retired [
765 silly reify   '/Users/timofey/Downloads/download (1)/node_modules/escape-string-regexp'
765 silly reify ]
766 silly reify mark retired [ '/Users/timofey/Downloads/download (1)/node_modules/eslint' ]
767 silly reify mark retired [
767 silly reify   '/Users/timofey/Downloads/download (1)/node_modules/eslint-config-next'
767 silly reify ]
768 silly reify mark retired [
768 silly reify   '/Users/timofey/Downloads/download (1)/node_modules/eslint-import-resolver-node'
768 silly reify ]
769 silly reify mark retired [
769 silly reify   '/Users/timofey/Downloads/download (1)/node_modules/eslint-import-resolver-typescript'
769 silly reify ]
770 silly reify mark retired [
770 silly reify   '/Users/timofey/Downloads/download (1)/node_modules/eslint-plugin-import'
770 silly reify ]
771 silly reify mark retired [
771 silly reify   '/Users/timofey/Downloads/download (1)/node_modules/eslint-plugin-jsx-a11y'
771 silly reify ]
772 silly reify mark retired [
772 silly reify   '/Users/timofey/Downloads/download (1)/node_modules/eslint-module-utils'
772 silly reify ]
773 silly reify mark retired [
773 silly reify   '/Users/timofey/Downloads/download (1)/node_modules/eslint-plugin-react-hooks'
773 silly reify ]
774 silly reify mark retired [ '/Users/timofey/Downloads/download (1)/node_modules/eslint-scope' ]
775 silly reify mark retired [
775 silly reify   '/Users/timofey/Downloads/download (1)/node_modules/eslint-plugin-react'
775 silly reify ]
776 silly reify mark retired [
776 silly reify   '/Users/timofey/Downloads/download (1)/node_modules/eslint-visitor-keys'
776 silly reify ]
777 silly reify mark retired [ '/Users/timofey/Downloads/download (1)/node_modules/espree' ]
778 silly reify mark retired [ '/Users/timofey/Downloads/download (1)/node_modules/esquery' ]
779 silly reify mark retired [ '/Users/timofey/Downloads/download (1)/node_modules/esrecurse' ]
780 silly reify mark retired [ '/Users/timofey/Downloads/download (1)/node_modules/estraverse' ]
781 silly reify mark retired [
781 silly reify   '/Users/timofey/Downloads/download (1)/node_modules/estree-util-is-identifier-name'
781 silly reify ]
782 silly reify mark retired [ '/Users/timofey/Downloads/download (1)/node_modules/esutils' ]
783 silly reify mark retired [ '/Users/timofey/Downloads/download (1)/node_modules/eventemitter3' ]
784 silly reify mark retired [ '/Users/timofey/Downloads/download (1)/node_modules/events' ]
785 silly reify mark retired [ '/Users/timofey/Downloads/download (1)/node_modules/extend' ]
786 silly reify mark retired [ '/Users/timofey/Downloads/download (1)/node_modules/extsprintf' ]
787 silly reify mark retired [ '/Users/timofey/Downloads/download (1)/node_modules/fast-equals' ]
788 silly reify mark retired [
788 silly reify   '/Users/timofey/Downloads/download (1)/node_modules/fast-deep-equal'
788 silly reify ]
789 silly reify mark retired [ '/Users/timofey/Downloads/download (1)/node_modules/fast-glob' ]
790 silly reify mark retired [
790 silly reify   '/Users/timofey/Downloads/download (1)/node_modules/fast-json-stable-stringify'
790 silly reify ]
791 silly reify mark retired [
791 silly reify   '/Users/timofey/Downloads/download (1)/node_modules/fast-levenshtein'
791 silly reify ]
792 silly reify mark retired [ '/Users/timofey/Downloads/download (1)/node_modules/fast-uri' ]
793 silly reify mark retired [
793 silly reify   '/Users/timofey/Downloads/download (1)/node_modules/fast-xml-parser'
793 silly reify ]
794 silly reify mark retired [ '/Users/timofey/Downloads/download (1)/node_modules/fastq' ]
795 silly reify mark retired [ '/Users/timofey/Downloads/download (1)/node_modules/faye-websocket' ]
796 silly reify mark retired [
796 silly reify   '/Users/timofey/Downloads/download (1)/node_modules/file-entry-cache'
796 silly reify ]
797 silly reify mark retired [ '/Users/timofey/Downloads/download (1)/node_modules/file-saver' ]
798 silly reify mark retired [ '/Users/timofey/Downloads/download (1)/node_modules/file-selector' ]
799 silly reify mark retired [ '/Users/timofey/Downloads/download (1)/node_modules/file-type' ]
800 silly reify mark retired [ '/Users/timofey/Downloads/download (1)/node_modules/fill-range' ]
801 silly reify mark retired [ '/Users/timofey/Downloads/download (1)/node_modules/find-up' ]
802 silly reify mark retired [
802 silly reify   '/Users/timofey/Downloads/download (1)/node_modules/find-yarn-workspace-root'
802 silly reify ]
803 silly reify mark retired [ '/Users/timofey/Downloads/download (1)/node_modules/flatted' ]
804 silly reify mark retired [ '/Users/timofey/Downloads/download (1)/node_modules/flat-cache' ]
805 silly reify mark retired [
805 silly reify   '/Users/timofey/Downloads/download (1)/node_modules/follow-redirects'
805 silly reify ]
806 silly reify mark retired [ '/Users/timofey/Downloads/download (1)/node_modules/fontkit' ]
807 silly reify mark retired [
807 silly reify   '/Users/timofey/Downloads/download (1)/node_modules/foreground-child'
807 silly reify ]
808 silly reify mark retired [ '/Users/timofey/Downloads/download (1)/node_modules/framer-motion' ]
809 silly reify mark retired [ '/Users/timofey/Downloads/download (1)/node_modules/hyphen' ]
810 silly reify mark retired [ '/Users/timofey/Downloads/download (1)/node_modules/next' ]
811 silly reify mark retired [ '/Users/timofey/Downloads/download (1)/node_modules/typescript' ]
812 silly reify mark retired [
812 silly reify   '/Users/timofey/Downloads/download (1)/node_modules/@aws/lambda-invoke-store'
812 silly reify ]
813 silly reify mark retired [
813 silly reify   '/Users/timofey/Downloads/download (1)/node_modules/@alloc/quick-lru'
813 silly reify ]
814 silly reify mark retired [
814 silly reify   '/Users/timofey/Downloads/download (1)/node_modules/@aws-crypto/crc32'
814 silly reify ]
815 silly reify mark retired [
815 silly reify   '/Users/timofey/Downloads/download (1)/node_modules/@aws-crypto/crc32c'
815 silly reify ]
816 silly reify mark retired [
816 silly reify   '/Users/timofey/Downloads/download (1)/node_modules/@aws-crypto/sha1-browser'
816 silly reify ]
817 silly reify mark retired [
817 silly reify   '/Users/timofey/Downloads/download (1)/node_modules/@aws-crypto/sha256-browser'
817 silly reify ]
818 silly reify mark retired [
818 silly reify   '/Users/timofey/Downloads/download (1)/node_modules/@aws-crypto/sha256-js'
818 silly reify ]
819 silly reify mark retired [
819 silly reify   '/Users/timofey/Downloads/download (1)/node_modules/@aws-crypto/supports-web-crypto'
819 silly reify ]
820 silly reify mark retired [
820 silly reify   '/Users/timofey/Downloads/download (1)/node_modules/@aws-crypto/util'
820 silly reify ]
821 silly reify mark retired [
821 silly reify   '/Users/timofey/Downloads/download (1)/node_modules/@aws-sdk/client-s3'
821 silly reify ]
822 silly reify mark retired [
822 silly reify   '/Users/timofey/Downloads/download (1)/node_modules/@aws-sdk/client-sso'
822 silly reify ]
823 silly reify mark retired [
823 silly reify   '/Users/timofey/Downloads/download (1)/node_modules/@aws-sdk/credential-provider-env'
823 silly reify ]
824 silly reify mark retired [ '/Users/timofey/Downloads/download (1)/node_modules/@aws-sdk/core' ]
825 silly reify mark retired [
825 silly reify   '/Users/timofey/Downloads/download (1)/node_modules/@aws-sdk/credential-provider-http'
825 silly reify ]
826 silly reify mark retired [
826 silly reify   '/Users/timofey/Downloads/download (1)/node_modules/@aws-sdk/credential-provider-ini'
826 silly reify ]
827 silly reify mark retired [
827 silly reify   '/Users/timofey/Downloads/download (1)/node_modules/@aws-sdk/credential-provider-node'
827 silly reify ]
828 silly reify mark retired [
828 silly reify   '/Users/timofey/Downloads/download (1)/node_modules/@aws-sdk/credential-provider-process'
828 silly reify ]
829 silly reify mark retired [
829 silly reify   '/Users/timofey/Downloads/download (1)/node_modules/@aws-sdk/credential-provider-web-identity'
829 silly reify ]
830 silly reify mark retired [
830 silly reify   '/Users/timofey/Downloads/download (1)/node_modules/@aws-sdk/middleware-expect-continue'
830 silly reify ]
831 silly reify mark retired [
831 silly reify   '/Users/timofey/Downloads/download (1)/node_modules/@aws-sdk/middleware-flexible-checksums'
831 silly reify ]
832 silly reify mark retired [
832 silly reify   '/Users/timofey/Downloads/download (1)/node_modules/@aws-sdk/middleware-bucket-endpoint'
832 silly reify ]
833 silly reify mark retired [
833 silly reify   '/Users/timofey/Downloads/download (1)/node_modules/@aws-sdk/middleware-host-header'
833 silly reify ]
834 silly reify mark retired [
834 silly reify   '/Users/timofey/Downloads/download (1)/node_modules/@aws-sdk/credential-provider-sso'
834 silly reify ]
835 silly reify mark retired [
835 silly reify   '/Users/timofey/Downloads/download (1)/node_modules/@aws-sdk/middleware-logger'
835 silly reify ]
836 silly reify mark retired [
836 silly reify   '/Users/timofey/Downloads/download (1)/node_modules/@aws-sdk/middleware-recursion-detection'
836 silly reify ]
837 silly reify mark retired [
837 silly reify   '/Users/timofey/Downloads/download (1)/node_modules/@aws-sdk/middleware-location-constraint'
837 silly reify ]
838 silly reify mark retired [
838 silly reify   '/Users/timofey/Downloads/download (1)/node_modules/@aws-sdk/middleware-sdk-s3'
838 silly reify ]
839 silly reify mark retired [
839 silly reify   '/Users/timofey/Downloads/download (1)/node_modules/@aws-sdk/middleware-ssec'
839 silly reify ]
840 silly reify mark retired [
840 silly reify   '/Users/timofey/Downloads/download (1)/node_modules/@aws-sdk/middleware-user-agent'
840 silly reify ]
841 silly reify mark retired [
841 silly reify   '/Users/timofey/Downloads/download (1)/node_modules/@aws-sdk/nested-clients'
841 silly reify ]
842 silly reify mark retired [
842 silly reify   '/Users/timofey/Downloads/download (1)/node_modules/@aws-sdk/s3-request-presigner'
842 silly reify ]
843 silly reify mark retired [
843 silly reify   '/Users/timofey/Downloads/download (1)/node_modules/@aws-sdk/region-config-resolver'
843 silly reify ]
844 silly reify mark retired [
844 silly reify   '/Users/timofey/Downloads/download (1)/node_modules/@aws-sdk/signature-v4-multi-region'
844 silly reify ]
845 silly reify mark retired [
845 silly reify   '/Users/timofey/Downloads/download (1)/node_modules/@aws-sdk/token-providers'
845 silly reify ]
846 silly reify mark retired [
846 silly reify   '/Users/timofey/Downloads/download (1)/node_modules/@aws-sdk/util-arn-parser'
846 silly reify ]
847 silly reify mark retired [ '/Users/timofey/Downloads/download (1)/node_modules/@aws-sdk/types' ]
848 silly reify mark retired [
848 silly reify   '/Users/timofey/Downloads/download (1)/node_modules/@aws-sdk/util-endpoints'
848 silly reify ]
849 silly reify mark retired [
849 silly reify   '/Users/timofey/Downloads/download (1)/node_modules/@aws-sdk/util-format-url'
849 silly reify ]
850 silly reify mark retired [
850 silly reify   '/Users/timofey/Downloads/download (1)/node_modules/@aws-sdk/util-locate-window'
850 silly reify ]
851 silly reify mark retired [
851 silly reify   '/Users/timofey/Downloads/download (1)/node_modules/@aws-sdk/util-user-agent-node'
851 silly reify ]
852 silly reify mark retired [
852 silly reify   '/Users/timofey/Downloads/download (1)/node_modules/@aws-sdk/util-user-agent-browser'
852 silly reify ]
853 silly reify mark retired [
853 silly reify   '/Users/timofey/Downloads/download (1)/node_modules/@aws-sdk/xml-builder'
853 silly reify ]
854 silly reify mark retired [ '/Users/timofey/Downloads/download (1)/node_modules/@babel/runtime' ]
855 silly reify mark retired [
855 silly reify   '/Users/timofey/Downloads/download (1)/node_modules/@cypress/request'
855 silly reify ]
856 silly reify mark retired [
856 silly reify   '/Users/timofey/Downloads/download (1)/node_modules/@cypress/request-promise'
856 silly reify ]
857 silly reify mark retired [
857 silly reify   '/Users/timofey/Downloads/download (1)/node_modules/@eslint/eslintrc'
857 silly reify ]
858 silly reify mark retired [ '/Users/timofey/Downloads/download (1)/node_modules/@eslint/js' ]
859 silly reify mark retired [
859 silly reify   '/Users/timofey/Downloads/download (1)/node_modules/@eslint-community/eslint-utils'
859 silly reify ]
860 silly reify mark retired [
860 silly reify   '/Users/timofey/Downloads/download (1)/node_modules/@eslint-community/regexpp'
860 silly reify ]
861 silly reify mark retired [
861 silly reify   '/Users/timofey/Downloads/download (1)/node_modules/@firebase/app-types'
861 silly reify ]
862 silly reify mark retired [
862 silly reify   '/Users/timofey/Downloads/download (1)/node_modules/@firebase/auth-interop-types'
862 silly reify ]
863 silly reify mark retired [
863 silly reify   '/Users/timofey/Downloads/download (1)/node_modules/@firebase/app-check-interop-types'
863 silly reify ]
864 silly reify mark retired [
864 silly reify   '/Users/timofey/Downloads/download (1)/node_modules/@firebase/component'
864 silly reify ]
865 silly reify mark retired [
865 silly reify   '/Users/timofey/Downloads/download (1)/node_modules/@firebase/database'
865 silly reify ]
866 silly reify mark retired [
866 silly reify   '/Users/timofey/Downloads/download (1)/node_modules/@firebase/database-compat'
866 silly reify ]
867 silly reify mark retired [
867 silly reify   '/Users/timofey/Downloads/download (1)/node_modules/@firebase/database-types'
867 silly reify ]
868 silly reify mark retired [
868 silly reify   '/Users/timofey/Downloads/download (1)/node_modules/@firebase/logger'
868 silly reify ]
869 silly reify mark retired [ '/Users/timofey/Downloads/download (1)/node_modules/@firebase/util' ]
870 silly reify mark retired [
870 silly reify   '/Users/timofey/Downloads/download (1)/node_modules/@floating-ui/core'
870 silly reify ]
871 silly reify mark retired [
871 silly reify   '/Users/timofey/Downloads/download (1)/node_modules/@floating-ui/dom'
871 silly reify ]
872 silly reify mark retired [
872 silly reify   '/Users/timofey/Downloads/download (1)/node_modules/@floating-ui/react-dom'
872 silly reify ]
873 silly reify mark retired [
873 silly reify   '/Users/timofey/Downloads/download (1)/node_modules/@floating-ui/utils'
873 silly reify ]
874 silly reify mark retired [
874 silly reify   '/Users/timofey/Downloads/download (1)/node_modules/@google/generative-ai'
874 silly reify ]
875 silly reify mark retired [
875 silly reify   '/Users/timofey/Downloads/download (1)/node_modules/@grpc/proto-loader'
875 silly reify ]
876 silly reify mark retired [
876 silly reify   '/Users/timofey/Downloads/download (1)/node_modules/@hookform/resolvers'
876 silly reify ]
877 silly reify mark retired [
877 silly reify   '/Users/timofey/Downloads/download (1)/node_modules/@humanwhocodes/module-importer'
877 silly reify ]
878 silly reify mark retired [
878 silly reify   '/Users/timofey/Downloads/download (1)/node_modules/@humanwhocodes/config-array'
878 silly reify ]
879 silly reify mark retired [
879 silly reify   '/Users/timofey/Downloads/download (1)/node_modules/@humanwhocodes/object-schema'
879 silly reify ]
880 silly reify mark retired [
880 silly reify   '/Users/timofey/Downloads/download (1)/node_modules/@jridgewell/gen-mapping'
880 silly reify ]
881 silly reify mark retired [
881 silly reify   '/Users/timofey/Downloads/download (1)/node_modules/@jridgewell/resolve-uri'
881 silly reify ]
882 silly reify mark retired [
882 silly reify   '/Users/timofey/Downloads/download (1)/node_modules/@jridgewell/source-map'
882 silly reify ]
883 silly reify mark retired [
883 silly reify   '/Users/timofey/Downloads/download (1)/node_modules/@jridgewell/sourcemap-codec'
883 silly reify ]
884 silly reify mark retired [
884 silly reify   '/Users/timofey/Downloads/download (1)/node_modules/@jridgewell/trace-mapping'
884 silly reify ]
885 silly reify mark retired [ '/Users/timofey/Downloads/download (1)/node_modules/@isaacs/cliui' ]
886 silly reify mark retired [
886 silly reify   '/Users/timofey/Downloads/download (1)/node_modules/@napi-rs/canvas'
886 silly reify ]
887 silly reify mark retired [
887 silly reify   '/Users/timofey/Downloads/download (1)/node_modules/@napi-rs/canvas-darwin-x64'
887 silly reify ]
888 silly reify mark retired [
888 silly reify   '/Users/timofey/Downloads/download (1)/node_modules/@next/eslint-plugin-next'
888 silly reify ]
889 silly reify mark retired [ '/Users/timofey/Downloads/download (1)/node_modules/@next/env' ]
890 silly reify mark retired [
890 silly reify   '/Users/timofey/Downloads/download (1)/node_modules/@next/swc-darwin-x64'
890 silly reify ]
891 silly reify mark retired [
891 silly reify   '/Users/timofey/Downloads/download (1)/node_modules/@nodelib/fs.scandir'
891 silly reify ]
892 silly reify mark retired [
892 silly reify   '/Users/timofey/Downloads/download (1)/node_modules/@nodelib/fs.stat'
892 silly reify ]
893 silly reify mark retired [
893 silly reify   '/Users/timofey/Downloads/download (1)/node_modules/@nodelib/fs.walk'
893 silly reify ]
894 silly reify mark retired [
894 silly reify   '/Users/timofey/Downloads/download (1)/node_modules/@nolyfill/is-core-module'
894 silly reify ]
895 silly reify mark retired [
895 silly reify   '/Users/timofey/Downloads/download (1)/node_modules/@pdf-lib/standard-fonts'
895 silly reify ]
896 silly reify mark retired [ '/Users/timofey/Downloads/download (1)/node_modules/@pdf-lib/upng' ]
897 silly reify mark retired [
897 silly reify   '/Users/timofey/Downloads/download (1)/node_modules/@pkgjs/parseargs'
897 silly reify ]
898 silly reify mark retired [
898 silly reify   '/Users/timofey/Downloads/download (1)/node_modules/@protobufjs/aspromise'
898 silly reify ]
899 silly reify mark retired [
899 silly reify   '/Users/timofey/Downloads/download (1)/node_modules/@protobufjs/base64'
899 silly reify ]
900 silly reify mark retired [
900 silly reify   '/Users/timofey/Downloads/download (1)/node_modules/@protobufjs/codegen'
900 silly reify ]
901 silly reify mark retired [
901 silly reify   '/Users/timofey/Downloads/download (1)/node_modules/@protobufjs/eventemitter'
901 silly reify ]
902 silly reify mark retired [
902 silly reify   '/Users/timofey/Downloads/download (1)/node_modules/@protobufjs/fetch'
902 silly reify ]
903 silly reify mark retired [
903 silly reify   '/Users/timofey/Downloads/download (1)/node_modules/@protobufjs/float'
903 silly reify ]
904 silly reify mark retired [
904 silly reify   '/Users/timofey/Downloads/download (1)/node_modules/@protobufjs/inquire'
904 silly reify ]
905 silly reify mark retired [
905 silly reify   '/Users/timofey/Downloads/download (1)/node_modules/@protobufjs/path'
905 silly reify ]
906 silly reify mark retired [
906 silly reify   '/Users/timofey/Downloads/download (1)/node_modules/@protobufjs/pool'
906 silly reify ]
907 silly reify mark retired [
907 silly reify   '/Users/timofey/Downloads/download (1)/node_modules/@protobufjs/utf8'
907 silly reify ]
908 silly reify mark retired [
908 silly reify   '/Users/timofey/Downloads/download (1)/node_modules/@radix-ui/number'
908 silly reify ]
909 silly reify mark retired [
909 silly reify   '/Users/timofey/Downloads/download (1)/node_modules/@radix-ui/primitive'
909 silly reify ]
910 silly reify mark retired [
910 silly reify   '/Users/timofey/Downloads/download (1)/node_modules/@radix-ui/react-alert-dialog'
910 silly reify ]
911 silly reify mark retired [
911 silly reify   '/Users/timofey/Downloads/download (1)/node_modules/@radix-ui/react-accordion'
911 silly reify ]
912 silly reify mark retired [
912 silly reify   '/Users/timofey/Downloads/download (1)/node_modules/@radix-ui/react-arrow'
912 silly reify ]
913 silly reify mark retired [
913 silly reify   '/Users/timofey/Downloads/download (1)/node_modules/@radix-ui/react-avatar'
913 silly reify ]
914 silly reify mark retired [
914 silly reify   '/Users/timofey/Downloads/download (1)/node_modules/@radix-ui/react-checkbox'
914 silly reify ]
915 silly reify mark retired [
915 silly reify   '/Users/timofey/Downloads/download (1)/node_modules/@radix-ui/react-collapsible'
915 silly reify ]
916 silly reify mark retired [
916 silly reify   '/Users/timofey/Downloads/download (1)/node_modules/@radix-ui/react-compose-refs'
916 silly reify ]
917 silly reify mark retired [
917 silly reify   '/Users/timofey/Downloads/download (1)/node_modules/@radix-ui/react-context'
917 silly reify ]
918 silly reify mark retired [
918 silly reify   '/Users/timofey/Downloads/download (1)/node_modules/@radix-ui/react-dialog'
918 silly reify ]
919 silly reify mark retired [
919 silly reify   '/Users/timofey/Downloads/download (1)/node_modules/@radix-ui/react-collection'
919 silly reify ]
920 silly reify mark retired [
920 silly reify   '/Users/timofey/Downloads/download (1)/node_modules/@radix-ui/react-direction'
920 silly reify ]
921 silly reify mark retired [
921 silly reify   '/Users/timofey/Downloads/download (1)/node_modules/@radix-ui/react-dropdown-menu'
921 silly reify ]
922 silly reify mark retired [
922 silly reify   '/Users/timofey/Downloads/download (1)/node_modules/@radix-ui/react-dismissable-layer'
922 silly reify ]
923 silly reify mark retired [
923 silly reify   '/Users/timofey/Downloads/download (1)/node_modules/@radix-ui/react-focus-guards'
923 silly reify ]
924 silly reify mark retired [
924 silly reify   '/Users/timofey/Downloads/download (1)/node_modules/@radix-ui/react-focus-scope'
924 silly reify ]
925 silly reify mark retired [
925 silly reify   '/Users/timofey/Downloads/download (1)/node_modules/@radix-ui/react-id'
925 silly reify ]
926 silly reify mark retired [
926 silly reify   '/Users/timofey/Downloads/download (1)/node_modules/@radix-ui/react-label'
926 silly reify ]
927 silly reify mark retired [
927 silly reify   '/Users/timofey/Downloads/download (1)/node_modules/@radix-ui/react-menu'
927 silly reify ]
928 silly reify mark retired [
928 silly reify   '/Users/timofey/Downloads/download (1)/node_modules/@radix-ui/react-menubar'
928 silly reify ]
929 silly reify mark retired [
929 silly reify   '/Users/timofey/Downloads/download (1)/node_modules/@radix-ui/react-popover'
929 silly reify ]
930 silly reify mark retired [
930 silly reify   '/Users/timofey/Downloads/download (1)/node_modules/@radix-ui/react-popper'
930 silly reify ]
931 silly reify mark retired [
931 silly reify   '/Users/timofey/Downloads/download (1)/node_modules/@radix-ui/react-portal'
931 silly reify ]
932 silly reify mark retired [
932 silly reify   '/Users/timofey/Downloads/download (1)/node_modules/@radix-ui/react-presence'
932 silly reify ]
933 silly reify mark retired [
933 silly reify   '/Users/timofey/Downloads/download (1)/node_modules/@radix-ui/react-primitive'
933 silly reify ]
934 silly reify mark retired [
934 silly reify   '/Users/timofey/Downloads/download (1)/node_modules/@radix-ui/react-progress'
934 silly reify ]
935 silly reify mark retired [
935 silly reify   '/Users/timofey/Downloads/download (1)/node_modules/@radix-ui/react-radio-group'
935 silly reify ]
936 silly reify mark retired [
936 silly reify   '/Users/timofey/Downloads/download (1)/node_modules/@radix-ui/react-roving-focus'
936 silly reify ]
937 silly reify mark retired [
937 silly reify   '/Users/timofey/Downloads/download (1)/node_modules/@radix-ui/react-scroll-area'
937 silly reify ]
938 silly reify mark retired [
938 silly reify   '/Users/timofey/Downloads/download (1)/node_modules/@radix-ui/react-separator'
938 silly reify ]
939 silly reify mark retired [
939 silly reify   '/Users/timofey/Downloads/download (1)/node_modules/@radix-ui/react-slider'
939 silly reify ]
940 silly reify mark retired [
940 silly reify   '/Users/timofey/Downloads/download (1)/node_modules/@radix-ui/react-select'
940 silly reify ]
941 silly reify mark retired [
941 silly reify   '/Users/timofey/Downloads/download (1)/node_modules/@radix-ui/react-slot'
941 silly reify ]
942 silly reify mark retired [
942 silly reify   '/Users/timofey/Downloads/download (1)/node_modules/@radix-ui/react-switch'
942 silly reify ]
943 silly reify mark retired [
943 silly reify   '/Users/timofey/Downloads/download (1)/node_modules/@radix-ui/react-tabs'
943 silly reify ]
944 silly reify mark retired [
944 silly reify   '/Users/timofey/Downloads/download (1)/node_modules/@radix-ui/react-toast'
944 silly reify ]
945 silly reify mark retired [
945 silly reify   '/Users/timofey/Downloads/download (1)/node_modules/@radix-ui/react-tooltip'
945 silly reify ]
946 silly reify mark retired [
946 silly reify   '/Users/timofey/Downloads/download (1)/node_modules/@radix-ui/react-use-callback-ref'
946 silly reify ]
947 silly reify mark retired [
947 silly reify   '/Users/timofey/Downloads/download (1)/node_modules/@radix-ui/react-use-controllable-state'
947 silly reify ]
948 silly reify mark retired [
948 silly reify   '/Users/timofey/Downloads/download (1)/node_modules/@radix-ui/react-use-effect-event'
948 silly reify ]
949 silly reify mark retired [
949 silly reify   '/Users/timofey/Downloads/download (1)/node_modules/@radix-ui/react-use-escape-keydown'
949 silly reify ]
950 silly reify mark retired [
950 silly reify   '/Users/timofey/Downloads/download (1)/node_modules/@radix-ui/react-use-is-hydrated'
950 silly reify ]
951 silly reify mark retired [
951 silly reify   '/Users/timofey/Downloads/download (1)/node_modules/@radix-ui/react-use-layout-effect'
951 silly reify ]
952 silly reify mark retired [
952 silly reify   '/Users/timofey/Downloads/download (1)/node_modules/@radix-ui/react-use-previous'
952 silly reify ]
953 silly reify mark retired [
953 silly reify   '/Users/timofey/Downloads/download (1)/node_modules/@radix-ui/react-use-rect'
953 silly reify ]
954 silly reify mark retired [
954 silly reify   '/Users/timofey/Downloads/download (1)/node_modules/@radix-ui/react-use-size'
954 silly reify ]
955 silly reify mark retired [
955 silly reify   '/Users/timofey/Downloads/download (1)/node_modules/@radix-ui/react-visually-hidden'
955 silly reify ]
956 silly reify mark retired [
956 silly reify   '/Users/timofey/Downloads/download (1)/node_modules/@react-pdf/font'
956 silly reify ]
957 silly reify mark retired [ '/Users/timofey/Downloads/download (1)/node_modules/@react-pdf/fns' ]
958 silly reify mark retired [
958 silly reify   '/Users/timofey/Downloads/download (1)/node_modules/@react-pdf/image'
958 silly reify ]
959 silly reify mark retired [ '/Users/timofey/Downloads/download (1)/node_modules/@radix-ui/rect' ]
960 silly reify mark retired [
960 silly reify   '/Users/timofey/Downloads/download (1)/node_modules/@react-pdf/layout'
960 silly reify ]
961 silly reify mark retired [
961 silly reify   '/Users/timofey/Downloads/download (1)/node_modules/@react-pdf/png-js'
961 silly reify ]
962 silly reify mark retired [
962 silly reify   '/Users/timofey/Downloads/download (1)/node_modules/@react-pdf/pdfkit'
962 silly reify ]
963 silly reify mark retired [
963 silly reify   '/Users/timofey/Downloads/download (1)/node_modules/@react-pdf/primitives'
963 silly reify ]
964 silly reify mark retired [
964 silly reify   '/Users/timofey/Downloads/download (1)/node_modules/@react-pdf/render'
964 silly reify ]
965 silly reify mark retired [
965 silly reify   '/Users/timofey/Downloads/download (1)/node_modules/@react-pdf/renderer'
965 silly reify ]
966 silly reify mark retired [
966 silly reify   '/Users/timofey/Downloads/download (1)/node_modules/@react-pdf/stylesheet'
966 silly reify ]
967 silly reify mark retired [
967 silly reify   '/Users/timofey/Downloads/download (1)/node_modules/@react-pdf/textkit'
967 silly reify ]
968 silly reify mark retired [
968 silly reify   '/Users/timofey/Downloads/download (1)/node_modules/@react-pdf/types'
968 silly reify ]
969 silly reify mark retired [ '/Users/timofey/Downloads/download (1)/node_modules/@rtsao/scc' ]
970 silly reify mark retired [
970 silly reify   '/Users/timofey/Downloads/download (1)/node_modules/@rushstack/eslint-patch'
970 silly reify ]
971 silly reify mark retired [
971 silly reify   '/Users/timofey/Downloads/download (1)/node_modules/@smithy/abort-controller'
971 silly reify ]
972 silly reify mark retired [
972 silly reify   '/Users/timofey/Downloads/download (1)/node_modules/@smithy/chunked-blob-reader'
972 silly reify ]
973 silly reify mark retired [
973 silly reify   '/Users/timofey/Downloads/download (1)/node_modules/@smithy/config-resolver'
973 silly reify ]
974 silly reify mark retired [
974 silly reify   '/Users/timofey/Downloads/download (1)/node_modules/@smithy/chunked-blob-reader-native'
974 silly reify ]
975 silly reify mark retired [ '/Users/timofey/Downloads/download (1)/node_modules/@smithy/core' ]
976 silly reify mark retired [
976 silly reify   '/Users/timofey/Downloads/download (1)/node_modules/@smithy/credential-provider-imds'
976 silly reify ]
977 silly reify mark retired [
977 silly reify   '/Users/timofey/Downloads/download (1)/node_modules/@smithy/eventstream-codec'
977 silly reify ]
978 silly reify mark retired [
978 silly reify   '/Users/timofey/Downloads/download (1)/node_modules/@smithy/eventstream-serde-browser'
978 silly reify ]
979 silly reify mark retired [
979 silly reify   '/Users/timofey/Downloads/download (1)/node_modules/@smithy/eventstream-serde-config-resolver'
979 silly reify ]
980 silly reify mark retired [
980 silly reify   '/Users/timofey/Downloads/download (1)/node_modules/@smithy/eventstream-serde-node'
980 silly reify ]
981 silly reify mark retired [
981 silly reify   '/Users/timofey/Downloads/download (1)/node_modules/@smithy/eventstream-serde-universal'
981 silly reify ]
982 silly reify mark retired [
982 silly reify   '/Users/timofey/Downloads/download (1)/node_modules/@smithy/fetch-http-handler'
982 silly reify ]
983 silly reify mark retired [
983 silly reify   '/Users/timofey/Downloads/download (1)/node_modules/@smithy/hash-blob-browser'
983 silly reify ]
984 silly reify mark retired [
984 silly reify   '/Users/timofey/Downloads/download (1)/node_modules/@smithy/hash-node'
984 silly reify ]
985 silly reify mark retired [
985 silly reify   '/Users/timofey/Downloads/download (1)/node_modules/@smithy/hash-stream-node'
985 silly reify ]
986 silly reify mark retired [
986 silly reify   '/Users/timofey/Downloads/download (1)/node_modules/@smithy/invalid-dependency'
986 silly reify ]
987 silly reify mark retired [
987 silly reify   '/Users/timofey/Downloads/download (1)/node_modules/@smithy/is-array-buffer'
987 silly reify ]
988 silly reify mark retired [ '/Users/timofey/Downloads/download (1)/node_modules/@smithy/md5-js' ]
989 silly reify mark retired [
989 silly reify   '/Users/timofey/Downloads/download (1)/node_modules/@smithy/middleware-content-length'
989 silly reify ]
990 silly reify mark retired [
990 silly reify   '/Users/timofey/Downloads/download (1)/node_modules/@smithy/middleware-endpoint'
990 silly reify ]
991 silly reify mark retired [
991 silly reify   '/Users/timofey/Downloads/download (1)/node_modules/@smithy/middleware-retry'
991 silly reify ]
992 silly reify mark retired [
992 silly reify   '/Users/timofey/Downloads/download (1)/node_modules/@smithy/middleware-serde'
992 silly reify ]
993 silly reify mark retired [
993 silly reify   '/Users/timofey/Downloads/download (1)/node_modules/@smithy/middleware-stack'
993 silly reify ]
994 silly reify mark retired [
994 silly reify   '/Users/timofey/Downloads/download (1)/node_modules/@smithy/node-config-provider'
994 silly reify ]
995 silly reify mark retired [
995 silly reify   '/Users/timofey/Downloads/download (1)/node_modules/@smithy/property-provider'
995 silly reify ]
996 silly reify mark retired [
996 silly reify   '/Users/timofey/Downloads/download (1)/node_modules/@smithy/protocol-http'
996 silly reify ]
997 silly reify mark retired [
997 silly reify   '/Users/timofey/Downloads/download (1)/node_modules/@smithy/node-http-handler'
997 silly reify ]
998 silly reify mark retired [
998 silly reify   '/Users/timofey/Downloads/download (1)/node_modules/@smithy/querystring-builder'
998 silly reify ]
999 silly reify mark retired [
999 silly reify   '/Users/timofey/Downloads/download (1)/node_modules/@smithy/service-error-classification'
999 silly reify ]
1000 silly reify mark retired [
1000 silly reify   '/Users/timofey/Downloads/download (1)/node_modules/@smithy/shared-ini-file-loader'
1000 silly reify ]
1001 silly reify mark retired [
1001 silly reify   '/Users/timofey/Downloads/download (1)/node_modules/@smithy/signature-v4'
1001 silly reify ]
1002 silly reify mark retired [
1002 silly reify   '/Users/timofey/Downloads/download (1)/node_modules/@smithy/querystring-parser'
1002 silly reify ]
1003 silly reify mark retired [
1003 silly reify   '/Users/timofey/Downloads/download (1)/node_modules/@smithy/smithy-client'
1003 silly reify ]
1004 silly reify mark retired [ '/Users/timofey/Downloads/download (1)/node_modules/@smithy/types' ]
1005 silly reify mark retired [
1005 silly reify   '/Users/timofey/Downloads/download (1)/node_modules/@smithy/url-parser'
1005 silly reify ]
1006 silly reify mark retired [
1006 silly reify   '/Users/timofey/Downloads/download (1)/node_modules/@smithy/util-base64'
1006 silly reify ]
1007 silly reify mark retired [
1007 silly reify   '/Users/timofey/Downloads/download (1)/node_modules/@smithy/util-body-length-browser'
1007 silly reify ]
1008 silly reify mark retired [
1008 silly reify   '/Users/timofey/Downloads/download (1)/node_modules/@smithy/util-body-length-node'
1008 silly reify ]
1009 silly reify mark retired [
1009 silly reify   '/Users/timofey/Downloads/download (1)/node_modules/@smithy/util-config-provider'
1009 silly reify ]
1010 silly reify mark retired [
1010 silly reify   '/Users/timofey/Downloads/download (1)/node_modules/@smithy/util-buffer-from'
1010 silly reify ]
1011 silly reify mark retired [
1011 silly reify   '/Users/timofey/Downloads/download (1)/node_modules/@smithy/util-endpoints'
1011 silly reify ]
1012 silly reify mark retired [
1012 silly reify   '/Users/timofey/Downloads/download (1)/node_modules/@smithy/util-defaults-mode-node'
1012 silly reify ]
1013 silly reify mark retired [
1013 silly reify   '/Users/timofey/Downloads/download (1)/node_modules/@smithy/util-hex-encoding'
1013 silly reify ]
1014 silly reify mark retired [
1014 silly reify   '/Users/timofey/Downloads/download (1)/node_modules/@smithy/util-middleware'
1014 silly reify ]
1015 silly reify mark retired [
1015 silly reify   '/Users/timofey/Downloads/download (1)/node_modules/@smithy/util-defaults-mode-browser'
1015 silly reify ]
1016 silly reify mark retired [
1016 silly reify   '/Users/timofey/Downloads/download (1)/node_modules/@smithy/util-retry'
1016 silly reify ]
1017 silly reify mark retired [
1017 silly reify   '/Users/timofey/Downloads/download (1)/node_modules/@smithy/util-stream'
1017 silly reify ]
1018 silly reify mark retired [
1018 silly reify   '/Users/timofey/Downloads/download (1)/node_modules/@smithy/util-utf8'
1018 silly reify ]
1019 silly reify mark retired [
1019 silly reify   '/Users/timofey/Downloads/download (1)/node_modules/@smithy/util-waiter'
1019 silly reify ]
1020 silly reify mark retired [ '/Users/timofey/Downloads/download (1)/node_modules/@smithy/uuid' ]
1021 silly reify mark retired [
1021 silly reify   '/Users/timofey/Downloads/download (1)/node_modules/@smithy/util-uri-escape'
1021 silly reify ]
1022 silly reify mark retired [ '/Users/timofey/Downloads/download (1)/node_modules/@swc/counter' ]
1023 silly reify mark retired [ '/Users/timofey/Downloads/download (1)/node_modules/@swc/helpers' ]
1024 silly reify mark retired [ '/Users/timofey/Downloads/download (1)/node_modules/@tabler/icons' ]
1025 silly reify mark retired [
1025 silly reify   '/Users/timofey/Downloads/download (1)/node_modules/@tabler/icons-react'
1025 silly reify ]
1026 silly reify mark retired [
1026 silly reify   '/Users/timofey/Downloads/download (1)/node_modules/@tailwindcss/typography'
1026 silly reify ]
1027 silly reify mark retired [
1027 silly reify   '/Users/timofey/Downloads/download (1)/node_modules/@tanstack/query-core'
1027 silly reify ]
1028 silly reify mark retired [
1028 silly reify   '/Users/timofey/Downloads/download (1)/node_modules/@tanstack/react-query'
1028 silly reify ]
1029 silly reify mark retired [
1029 silly reify   '/Users/timofey/Downloads/download (1)/node_modules/@telegram-apps/init-data-node'
1029 silly reify ]
1030 silly reify mark retired [
1030 silly reify   '/Users/timofey/Downloads/download (1)/node_modules/@telegram-apps/toolkit'
1030 silly reify ]
1031 silly reify mark retired [
1031 silly reify   '/Users/timofey/Downloads/download (1)/node_modules/@telegram-apps/transformers'
1031 silly reify ]
1032 silly reify mark retired [
1032 silly reify   '/Users/timofey/Downloads/download (1)/node_modules/@telegram-apps/types'
1032 silly reify ]
1033 silly reify mark retired [
1033 silly reify   '/Users/timofey/Downloads/download (1)/node_modules/@types/caseless'
1033 silly reify ]
1034 silly reify mark retired [
1034 silly reify   '/Users/timofey/Downloads/download (1)/node_modules/@types/d3-array'
1034 silly reify ]
1035 silly reify mark retired [
1035 silly reify   '/Users/timofey/Downloads/download (1)/node_modules/@types/d3-color'
1035 silly reify ]
1036 silly reify mark retired [
1036 silly reify   '/Users/timofey/Downloads/download (1)/node_modules/@types/d3-interpolate'
1036 silly reify ]
1037 silly reify mark retired [ '/Users/timofey/Downloads/download (1)/node_modules/@types/d3-ease' ]
1038 silly reify mark retired [ '/Users/timofey/Downloads/download (1)/node_modules/@types/d3-path' ]
1039 silly reify mark retired [
1039 silly reify   '/Users/timofey/Downloads/download (1)/node_modules/@types/d3-shape'
1039 silly reify ]
1040 silly reify mark retired [ '/Users/timofey/Downloads/download (1)/node_modules/@types/d3-time' ]
1041 silly reify mark retired [
1041 silly reify   '/Users/timofey/Downloads/download (1)/node_modules/@types/d3-scale'
1041 silly reify ]
1042 silly reify mark retired [
1042 silly reify   '/Users/timofey/Downloads/download (1)/node_modules/@types/d3-timer'
1042 silly reify ]
1043 silly reify mark retired [ '/Users/timofey/Downloads/download (1)/node_modules/@types/debug' ]
1044 silly reify mark retired [ '/Users/timofey/Downloads/download (1)/node_modules/@types/eslint' ]
1045 silly reify mark retired [
1045 silly reify   '/Users/timofey/Downloads/download (1)/node_modules/@types/eslint-scope'
1045 silly reify ]
1046 silly reify mark retired [ '/Users/timofey/Downloads/download (1)/node_modules/@types/estree' ]
1047 silly reify mark retired [
1047 silly reify   '/Users/timofey/Downloads/download (1)/node_modules/@types/estree-jsx'
1047 silly reify ]
1048 silly reify mark retired [
1048 silly reify   '/Users/timofey/Downloads/download (1)/node_modules/@types/file-saver'
1048 silly reify ]
1049 silly reify mark retired [ '/Users/timofey/Downloads/download (1)/node_modules/@types/hast' ]
1050 silly reify mark retired [
1050 silly reify   '/Users/timofey/Downloads/download (1)/node_modules/@types/json-schema'
1050 silly reify ]
1051 silly reify mark retired [ '/Users/timofey/Downloads/download (1)/node_modules/@types/json5' ]
1052 silly reify mark retired [ '/Users/timofey/Downloads/download (1)/node_modules/@types/lodash' ]
1053 silly reify mark retired [ '/Users/timofey/Downloads/download (1)/node_modules/@types/mdast' ]
1054 silly reify mark retired [ '/Users/timofey/Downloads/download (1)/node_modules/@types/ms' ]
1055 silly reify mark retired [ '/Users/timofey/Downloads/download (1)/node_modules/@types/node' ]
1056 silly reify mark retired [
1056 silly reify   '/Users/timofey/Downloads/download (1)/node_modules/@types/node-telegram-bot-api'
1056 silly reify ]
1057 silly reify mark retired [
1057 silly reify   '/Users/timofey/Downloads/download (1)/node_modules/@types/prop-types'
1057 silly reify ]
1058 silly reify mark retired [ '/Users/timofey/Downloads/download (1)/node_modules/@types/react' ]
1059 silly reify mark retired [
1059 silly reify   '/Users/timofey/Downloads/download (1)/node_modules/@types/react-dom'
1059 silly reify ]
1060 silly reify mark retired [
1060 silly reify   '/Users/timofey/Downloads/download (1)/node_modules/@types/react-pdf'
1060 silly reify ]
1061 silly reify mark retired [ '/Users/timofey/Downloads/download (1)/node_modules/@types/request' ]
1062 silly reify mark retired [
1062 silly reify   '/Users/timofey/Downloads/download (1)/node_modules/@types/tough-cookie'
1062 silly reify ]
1063 silly reify mark retired [ '/Users/timofey/Downloads/download (1)/node_modules/@types/unist' ]
1064 silly reify mark retired [ '/Users/timofey/Downloads/download (1)/node_modules/@types/uuid' ]
1065 silly reify mark retired [
1065 silly reify   '/Users/timofey/Downloads/download (1)/node_modules/@typescript-eslint/parser'
1065 silly reify ]
1066 silly reify mark retired [
1066 silly reify   '/Users/timofey/Downloads/download (1)/node_modules/@typescript-eslint/scope-manager'
1066 silly reify ]
1067 silly reify mark retired [
1067 silly reify   '/Users/timofey/Downloads/download (1)/node_modules/@typescript-eslint/types'
1067 silly reify ]
1068 silly reify mark retired [
1068 silly reify   '/Users/timofey/Downloads/download (1)/node_modules/@typescript-eslint/typescript-estree'
1068 silly reify ]
1069 silly reify mark retired [
1069 silly reify   '/Users/timofey/Downloads/download (1)/node_modules/@typescript-eslint/visitor-keys'
1069 silly reify ]
1070 silly reify mark retired [
1070 silly reify   '/Users/timofey/Downloads/download (1)/node_modules/@ungap/structured-clone'
1070 silly reify ]
1071 silly reify mark retired [
1071 silly reify   '/Users/timofey/Downloads/download (1)/node_modules/@webassemblyjs/ast'
1071 silly reify ]
1072 silly reify mark retired [
1072 silly reify   '/Users/timofey/Downloads/download (1)/node_modules/@webassemblyjs/floating-point-hex-parser'
1072 silly reify ]
1073 silly reify mark retired [
1073 silly reify   '/Users/timofey/Downloads/download (1)/node_modules/@webassemblyjs/helper-api-error'
1073 silly reify ]
1074 silly reify mark retired [
1074 silly reify   '/Users/timofey/Downloads/download (1)/node_modules/@webassemblyjs/helper-buffer'
1074 silly reify ]
1075 silly reify mark retired [
1075 silly reify   '/Users/timofey/Downloads/download (1)/node_modules/@webassemblyjs/helper-numbers'
1075 silly reify ]
1076 silly reify mark retired [
1076 silly reify   '/Users/timofey/Downloads/download (1)/node_modules/@webassemblyjs/helper-wasm-bytecode'
1076 silly reify ]
1077 silly reify mark retired [
1077 silly reify   '/Users/timofey/Downloads/download (1)/node_modules/@webassemblyjs/helper-wasm-section'
1077 silly reify ]
1078 silly reify mark retired [
1078 silly reify   '/Users/timofey/Downloads/download (1)/node_modules/@webassemblyjs/ieee754'
1078 silly reify ]
1079 silly reify mark retired [
1079 silly reify   '/Users/timofey/Downloads/download (1)/node_modules/@webassemblyjs/leb128'
1079 silly reify ]
1080 silly reify mark retired [
1080 silly reify   '/Users/timofey/Downloads/download (1)/node_modules/@webassemblyjs/utf8'
1080 silly reify ]
1081 silly reify mark retired [
1081 silly reify   '/Users/timofey/Downloads/download (1)/node_modules/@webassemblyjs/wasm-edit'
1081 silly reify ]
1082 silly reify mark retired [
1082 silly reify   '/Users/timofey/Downloads/download (1)/node_modules/@webassemblyjs/wasm-gen'
1082 silly reify ]
1083 silly reify mark retired [
1083 silly reify   '/Users/timofey/Downloads/download (1)/node_modules/@webassemblyjs/wasm-parser'
1083 silly reify ]
1084 silly reify mark retired [
1084 silly reify   '/Users/timofey/Downloads/download (1)/node_modules/@webassemblyjs/wast-printer'
1084 silly reify ]
1085 silly reify mark retired [
1085 silly reify   '/Users/timofey/Downloads/download (1)/node_modules/@unrs/resolver-binding-darwin-x64'
1085 silly reify ]
1086 silly reify mark retired [
1086 silly reify   '/Users/timofey/Downloads/download (1)/node_modules/@webassemblyjs/wasm-opt'
1086 silly reify ]
1087 silly reify mark retired [ '/Users/timofey/Downloads/download (1)/node_modules/@xtuc/ieee754' ]
1088 silly reify mark retired [ '/Users/timofey/Downloads/download (1)/node_modules/@xtuc/long' ]
1089 silly reify mark retired [
1089 silly reify   '/Users/timofey/Downloads/download (1)/node_modules/@yarnpkg/lockfile'
1089 silly reify ]
1090 silly reify mark retired [ '/Users/timofey/Downloads/download (1)/node_modules/agent-base' ]
1091 silly reify mark retired [ '/Users/timofey/Downloads/download (1)/node_modules/arrify' ]
1092 silly reify mark retired [
1092 silly reify   '/Users/timofey/Downloads/download (1)/node_modules/abort-controller'
1092 silly reify ]
1093 silly reify mark retired [ '/Users/timofey/Downloads/download (1)/node_modules/bcryptjs' ]
1094 silly reify mark retired [ '/Users/timofey/Downloads/download (1)/node_modules/bson' ]
1095 silly reify mark retired [
1095 silly reify   '/Users/timofey/Downloads/download (1)/node_modules/buffer-equal-constant-time'
1095 silly reify ]
1096 silly reify mark retired [ '/Users/timofey/Downloads/download (1)/node_modules/cookie' ]
1097 silly reify mark retired [ '/Users/timofey/Downloads/download (1)/node_modules/async-retry' ]
1098 silly reify mark retired [
1098 silly reify   '/Users/timofey/Downloads/download (1)/node_modules/event-target-shim'
1098 silly reify ]
1099 silly reify mark retired [ '/Users/timofey/Downloads/download (1)/node_modules/bignumber.js' ]
1100 silly reify mark retired [
1100 silly reify   '/Users/timofey/Downloads/download (1)/node_modules/ecdsa-sig-formatter'
1100 silly reify ]
1101 silly reify mark retired [
1101 silly reify   '/Users/timofey/Downloads/download (1)/node_modules/farmhash-modern'
1101 silly reify ]
1102 silly reify mark retired [ '/Users/timofey/Downloads/download (1)/node_modules/duplexify' ]
1103 silly reify mark retired [
1103 silly reify   '/Users/timofey/Downloads/download (1)/node_modules/glob',
1103 silly reify   '/Users/timofey/Downloads/download (1)/node_modules/.bin/glob'
1103 silly reify ]
1104 silly reify mark retired [
1104 silly reify   '/Users/timofey/Downloads/download (1)/node_modules/functional-red-black-tree'
1104 silly reify ]
1105 silly reify mark retired [ '/Users/timofey/Downloads/download (1)/node_modules/firebase-admin' ]
1106 silly reify mark retired [ '/Users/timofey/Downloads/download (1)/node_modules/gaxios' ]
1107 silly reify mark retired [
1107 silly reify   '/Users/timofey/Downloads/download (1)/node_modules/google-auth-library'
1107 silly reify ]
1108 silly reify mark retired [
1108 silly reify   '/Users/timofey/Downloads/download (1)/node_modules/google-logging-utils'
1108 silly reify ]
1109 silly reify mark retired [ '/Users/timofey/Downloads/download (1)/node_modules/gtoken' ]
1110 silly reify mark retired [ '/Users/timofey/Downloads/download (1)/node_modules/google-gax' ]
1111 silly reify mark retired [ '/Users/timofey/Downloads/download (1)/node_modules/html-entities' ]
1112 silly reify mark retired [
1112 silly reify   '/Users/timofey/Downloads/download (1)/node_modules/http-proxy-agent'
1112 silly reify ]
1113 silly reify mark retired [
1113 silly reify   '/Users/timofey/Downloads/download (1)/node_modules/https-proxy-agent'
1113 silly reify ]
1114 silly reify mark retired [
1114 silly reify   '/Users/timofey/Downloads/download (1)/node_modules/is-docker',
1114 silly reify   '/Users/timofey/Downloads/download (1)/node_modules/.bin/is-docker'
1114 silly reify ]
1115 silly reify mark retired [ '/Users/timofey/Downloads/download (1)/node_modules/is-stream' ]
1116 silly reify mark retired [
1116 silly reify   '/Users/timofey/Downloads/download (1)/node_modules/jiti',
1116 silly reify   '/Users/timofey/Downloads/download (1)/node_modules/.bin/jiti'
1116 silly reify ]
1117 silly reify mark retired [
1117 silly reify   '/Users/timofey/Downloads/download (1)/node_modules/jest-worker/node_modules/supports-color'
1117 silly reify ]
1118 silly reify mark retired [
1118 silly reify   '/Users/timofey/Downloads/download (1)/node_modules/js-yaml',
1118 silly reify   '/Users/timofey/Downloads/download (1)/node_modules/.bin/js-yaml'
1118 silly reify ]
1119 silly reify mark retired [ '/Users/timofey/Downloads/download (1)/node_modules/json-bigint' ]
1120 silly reify mark retired [
1120 silly reify   '/Users/timofey/Downloads/download (1)/node_modules/json5',
1120 silly reify   '/Users/timofey/Downloads/download (1)/node_modules/.bin/json5'
1120 silly reify ]
1121 silly reify mark retired [ '/Users/timofey/Downloads/download (1)/node_modules/jsonwebtoken' ]
1122 silly reify mark retired [ '/Users/timofey/Downloads/download (1)/node_modules/jwa' ]
1123 silly reify mark retired [ '/Users/timofey/Downloads/download (1)/node_modules/jws' ]
1124 silly reify mark retired [ '/Users/timofey/Downloads/download (1)/node_modules/jwks-rsa' ]
1125 silly reify mark retired [ '/Users/timofey/Downloads/download (1)/node_modules/limiter' ]
1126 silly reify mark retired [
1126 silly reify   '/Users/timofey/Downloads/download (1)/node_modules/linebreak/node_modules/base64-js'
1126 silly reify ]
1127 silly reify mark retired [
1127 silly reify   '/Users/timofey/Downloads/download (1)/node_modules/lodash.clonedeep'
1127 silly reify ]
1128 silly reify mark retired [
1128 silly reify   '/Users/timofey/Downloads/download (1)/node_modules/lodash.includes'
1128 silly reify ]
1129 silly reify mark retired [
1129 silly reify   '/Users/timofey/Downloads/download (1)/node_modules/lodash.isboolean'
1129 silly reify ]
1130 silly reify mark retired [
1130 silly reify   '/Users/timofey/Downloads/download (1)/node_modules/lodash.isnumber'
1130 silly reify ]
1131 silly reify mark retired [
1131 silly reify   '/Users/timofey/Downloads/download (1)/node_modules/lodash.isinteger'
1131 silly reify ]
1132 silly reify mark retired [
1132 silly reify   '/Users/timofey/Downloads/download (1)/node_modules/lodash.isstring'
1132 silly reify ]
1133 silly reify mark retired [
1133 silly reify   '/Users/timofey/Downloads/download (1)/node_modules/lodash.isplainobject'
1133 silly reify ]
1134 silly reify mark retired [ '/Users/timofey/Downloads/download (1)/node_modules/lodash.once' ]
1135 silly reify mark retired [
1135 silly reify   '/Users/timofey/Downloads/download (1)/node_modules/loose-envify',
1135 silly reify   '/Users/timofey/Downloads/download (1)/node_modules/.bin/loose-envify'
1135 silly reify ]
1136 silly reify mark retired [ '/Users/timofey/Downloads/download (1)/node_modules/lru-memoizer' ]
1137 silly reify mark retired [
1137 silly reify   '/Users/timofey/Downloads/download (1)/node_modules/mdast-util-find-and-replace/node_modules/escape-string-regexp'
1137 silly reify ]
1138 silly reify mark retired [ '/Users/timofey/Downloads/download (1)/node_modules/memory-pager' ]
1139 silly reify mark retired [
1139 silly reify   '/Users/timofey/Downloads/download (1)/node_modules/mime',
1139 silly reify   '/Users/timofey/Downloads/download (1)/node_modules/.bin/mime'
1139 silly reify ]
1140 silly reify mark retired [ '/Users/timofey/Downloads/download (1)/node_modules/mongodb' ]
1141 silly reify mark retired [
1141 silly reify   '/Users/timofey/Downloads/download (1)/node_modules/mongodb-connection-string-url'
1141 silly reify ]
1142 silly reify mark retired [
1142 silly reify   '/Users/timofey/Downloads/download (1)/node_modules/nanoid',
1142 silly reify   '/Users/timofey/Downloads/download (1)/node_modules/.bin/nanoid'
1142 silly reify ]
1143 silly reify mark retired [
1143 silly reify   '/Users/timofey/Downloads/download (1)/node_modules/napi-postinstall',
1143 silly reify   '/Users/timofey/Downloads/download (1)/node_modules/.bin/napi-postinstall'
1143 silly reify ]
1144 silly reify mark retired [ '/Users/timofey/Downloads/download (1)/node_modules/node-forge' ]
1145 silly reify mark retired [ '/Users/timofey/Downloads/download (1)/node_modules/next-auth' ]
1146 silly reify mark retired [
1146 silly reify   '/Users/timofey/Downloads/download (1)/node_modules/node-telegram-bot-api/node_modules/debug'
1146 silly reify ]
1147 silly reify mark retired [ '/Users/timofey/Downloads/download (1)/node_modules/nodemailer' ]
1148 silly reify mark retired [ '/Users/timofey/Downloads/download (1)/node_modules/oauth' ]
1149 silly reify mark retired [
1149 silly reify   '/Users/timofey/Downloads/download (1)/node_modules/oidc-token-hash'
1149 silly reify ]
1150 silly reify mark retired [ '/Users/timofey/Downloads/download (1)/node_modules/openid-client' ]
1151 silly reify mark retired [
1151 silly reify   '/Users/timofey/Downloads/download (1)/node_modules/parse-entities/node_modules/@types/unist'
1151 silly reify ]
1152 silly reify mark retired [
1152 silly reify   '/Users/timofey/Downloads/download (1)/node_modules/patch-package',
1152 silly reify   '/Users/timofey/Downloads/download (1)/node_modules/.bin/patch-package'
1152 silly reify ]
1153 silly reify mark retired [
1153 silly reify   '/Users/timofey/Downloads/download (1)/node_modules/pdf-lib/node_modules/tslib'
1153 silly reify ]
1154 silly reify mark retired [
1154 silly reify   '/Users/timofey/Downloads/download (1)/node_modules/postcss/node_modules/nanoid'
1154 silly reify ]
1155 silly reify mark retired [
1155 silly reify   '/Users/timofey/Downloads/download (1)/node_modules/postcss-nested/node_modules/postcss-selector-parser'
1155 silly reify ]
1156 silly reify mark retired [ '/Users/timofey/Downloads/download (1)/node_modules/preact' ]
1157 silly reify mark retired [
1157 silly reify   '/Users/timofey/Downloads/download (1)/node_modules/preact-render-to-string'
1157 silly reify ]
1158 silly reify mark retired [ '/Users/timofey/Downloads/download (1)/node_modules/pretty-format' ]
1159 silly reify mark retired [
1159 silly reify   '/Users/timofey/Downloads/download (1)/node_modules/proto3-json-serializer'
1159 silly reify ]
1160 silly reify mark retired [
1160 silly reify   '/Users/timofey/Downloads/download (1)/node_modules/readable-stream/node_modules/safe-buffer'
1160 silly reify ]
1161 silly reify mark retired [
1161 silly reify   '/Users/timofey/Downloads/download (1)/node_modules/readable-stream/node_modules/isarray'
1161 silly reify ]
1162 silly reify mark retired [
1162 silly reify   '/Users/timofey/Downloads/download (1)/node_modules/request/node_modules/form-data'
1162 silly reify ]
1163 silly reify mark retired [
1163 silly reify   '/Users/timofey/Downloads/download (1)/node_modules/request/node_modules/http-signature'
1163 silly reify ]
1164 silly reify mark retired [
1164 silly reify   '/Users/timofey/Downloads/download (1)/node_modules/request/node_modules/jsprim'
1164 silly reify ]
1165 silly reify mark retired [
1165 silly reify   '/Users/timofey/Downloads/download (1)/node_modules/request/node_modules/qs'
1165 silly reify ]
1166 silly reify mark retired [
1166 silly reify   '/Users/timofey/Downloads/download (1)/node_modules/request/node_modules/tough-cookie'
1166 silly reify ]
1167 silly reify mark retired [
1167 silly reify   '/Users/timofey/Downloads/download (1)/node_modules/request/node_modules/uuid'
1167 silly reify ]
1168 silly reify mark retired [
1168 silly reify   '/Users/timofey/Downloads/download (1)/node_modules/resolve',
1168 silly reify   '/Users/timofey/Downloads/download (1)/node_modules/.bin/resolve'
1168 silly reify ]
1169 silly reify mark retired [
1169 silly reify   '/Users/timofey/Downloads/download (1)/node_modules/react-dom/node_modules/scheduler'
1169 silly reify ]
1170 silly reify mark retired [
1170 silly reify   '/Users/timofey/Downloads/download (1)/node_modules/rimraf',
1170 silly reify   '/Users/timofey/Downloads/download (1)/node_modules/.bin/rimraf'
1170 silly reify ]
1171 silly reify mark retired [
1171 silly reify   '/Users/timofey/Downloads/download (1)/node_modules/recharts/node_modules/eventemitter3'
1171 silly reify ]
1172 silly reify mark retired [
1172 silly reify   '/Users/timofey/Downloads/download (1)/node_modules/recharts/node_modules/react-is'
1172 silly reify ]
1173 silly reify mark retired [
1173 silly reify   '/Users/timofey/Downloads/download (1)/node_modules/semver',
1173 silly reify   '/Users/timofey/Downloads/download (1)/node_modules/.bin/semver'
1173 silly reify ]
1174 silly reify mark retired [ '/Users/timofey/Downloads/download (1)/node_modules/retry-request' ]
1175 silly reify mark retired [ '/Users/timofey/Downloads/download (1)/node_modules/retry' ]
1176 silly reify mark retired [
1176 silly reify   '/Users/timofey/Downloads/download (1)/node_modules/string-width-cjs/node_modules/emoji-regex'
1176 silly reify ]
1177 silly reify mark retired [
1177 silly reify   '/Users/timofey/Downloads/download (1)/node_modules/string-width/node_modules/ansi-regex'
1177 silly reify ]
1178 silly reify mark retired [
1178 silly reify   '/Users/timofey/Downloads/download (1)/node_modules/string-width/node_modules/emoji-regex'
1178 silly reify ]
1179 silly reify mark retired [
1179 silly reify   '/Users/timofey/Downloads/download (1)/node_modules/string-width/node_modules/strip-ansi'
1179 silly reify ]
1180 silly reify mark retired [
1180 silly reify   '/Users/timofey/Downloads/download (1)/node_modules/sparse-bitfield'
1180 silly reify ]
1181 silly reify mark retired [
1181 silly reify   '/Users/timofey/Downloads/download (1)/node_modules/string_decoder/node_modules/safe-buffer'
1181 silly reify ]
1182 silly reify mark retired [ '/Users/timofey/Downloads/download (1)/node_modules/stream-events' ]
1183 silly reify mark retired [ '/Users/timofey/Downloads/download (1)/node_modules/stream-shift' ]
1184 silly reify mark retired [ '/Users/timofey/Downloads/download (1)/node_modules/stubs' ]
1185 silly reify mark retired [
1185 silly reify   '/Users/timofey/Downloads/download (1)/node_modules/sucrase',
1185 silly reify   '/Users/timofey/Downloads/download (1)/node_modules/.bin/sucrase',
1185 silly reify   '/Users/timofey/Downloads/download (1)/node_modules/.bin/sucrase-node'
1185 silly reify ]
1186 silly reify mark retired [
1186 silly reify   '/Users/timofey/Downloads/download (1)/node_modules/tailwindcss',
1186 silly reify   '/Users/timofey/Downloads/download (1)/node_modules/.bin/tailwind',
1186 silly reify   '/Users/timofey/Downloads/download (1)/node_modules/.bin/tailwindcss'
1186 silly reify ]
1187 silly reify mark retired [ '/Users/timofey/Downloads/download (1)/node_modules/teeny-request' ]
1188 silly reify mark retired [
1188 silly reify   '/Users/timofey/Downloads/download (1)/node_modules/terser',
1188 silly reify   '/Users/timofey/Downloads/download (1)/node_modules/.bin/terser'
1188 silly reify ]
1189 silly reify mark retired [
1189 silly reify   '/Users/timofey/Downloads/download (1)/node_modules/terser-webpack-plugin/node_modules/ajv'
1189 silly reify ]
1190 silly reify mark retired [
1190 silly reify   '/Users/timofey/Downloads/download (1)/node_modules/terser-webpack-plugin/node_modules/ajv-keywords'
1190 silly reify ]
1191 silly reify mark retired [
1191 silly reify   '/Users/timofey/Downloads/download (1)/node_modules/terser-webpack-plugin/node_modules/json-schema-traverse'
1191 silly reify ]
1192 silly reify mark retired [
1192 silly reify   '/Users/timofey/Downloads/download (1)/node_modules/terser-webpack-plugin/node_modules/schema-utils'
1192 silly reify ]
1193 silly reify mark retired [
1193 silly reify   '/Users/timofey/Downloads/download (1)/node_modules/tldts',
1193 silly reify   '/Users/timofey/Downloads/download (1)/node_modules/.bin/tldts'
1193 silly reify ]
1194 silly reify mark retired [
1194 silly reify   '/Users/timofey/Downloads/download (1)/node_modules/tinyglobby/node_modules/fdir'
1194 silly reify ]
1195 silly reify mark retired [
1195 silly reify   '/Users/timofey/Downloads/download (1)/node_modules/tinyglobby/node_modules/picomatch'
1195 silly reify ]
1196 silly reify mark retired [
1196 silly reify   '/Users/timofey/Downloads/download (1)/node_modules/tsconfig-paths/node_modules/json5'
1196 silly reify ]
1197 silly reify mark retired [
1197 silly reify   '/Users/timofey/Downloads/download (1)/node_modules/unicode-trie/node_modules/pako'
1197 silly reify ]
1198 silly reify mark retired [
1198 silly reify   '/Users/timofey/Downloads/download (1)/node_modules/update-browserslist-db',
1198 silly reify   '/Users/timofey/Downloads/download (1)/node_modules/.bin/update-browserslist-db'
1198 silly reify ]
1199 silly reify mark retired [
1199 silly reify   '/Users/timofey/Downloads/download (1)/node_modules/uuid',
1199 silly reify   '/Users/timofey/Downloads/download (1)/node_modules/.bin/uuid'
1199 silly reify ]
1200 silly reify mark retired [
1200 silly reify   '/Users/timofey/Downloads/download (1)/node_modules/verror/node_modules/core-util-is'
1200 silly reify ]
1201 silly reify mark retired [
1201 silly reify   '/Users/timofey/Downloads/download (1)/node_modules/webpack',
1201 silly reify   '/Users/timofey/Downloads/download (1)/node_modules/.bin/webpack'
1201 silly reify ]
1202 silly reify mark retired [
1202 silly reify   '/Users/timofey/Downloads/download (1)/node_modules/which',
1202 silly reify   '/Users/timofey/Downloads/download (1)/node_modules/.bin/node-which'
1202 silly reify ]
1203 silly reify mark retired [
1203 silly reify   '/Users/timofey/Downloads/download (1)/node_modules/xlsx',
1203 silly reify   '/Users/timofey/Downloads/download (1)/node_modules/.bin/xlsx'
1203 silly reify ]
1204 silly reify mark retired [
1204 silly reify   '/Users/timofey/Downloads/download (1)/node_modules/wrap-ansi/node_modules/ansi-regex'
1204 silly reify ]
1205 silly reify mark retired [
1205 silly reify   '/Users/timofey/Downloads/download (1)/node_modules/wrap-ansi/node_modules/ansi-styles'
1205 silly reify ]
1206 silly reify mark retired [
1206 silly reify   '/Users/timofey/Downloads/download (1)/node_modules/wrap-ansi/node_modules/strip-ansi'
1206 silly reify ]
1207 silly reify mark retired [
1207 silly reify   '/Users/timofey/Downloads/download (1)/node_modules/wrap-ansi-cjs/node_modules/emoji-regex'
1207 silly reify ]
1208 silly reify mark retired [
1208 silly reify   '/Users/timofey/Downloads/download (1)/node_modules/wrap-ansi-cjs/node_modules/string-width'
1208 silly reify ]
1209 silly reify mark retired [
1209 silly reify   '/Users/timofey/Downloads/download (1)/node_modules/xml-js',
1209 silly reify   '/Users/timofey/Downloads/download (1)/node_modules/.bin/xml-js'
1209 silly reify ]
1210 silly reify mark retired [ '/Users/timofey/Downloads/download (1)/node_modules/yallist' ]
1211 silly reify mark retired [
1211 silly reify   '/Users/timofey/Downloads/download (1)/node_modules/yargs/node_modules/emoji-regex'
1211 silly reify ]
1212 silly reify mark retired [
1212 silly reify   '/Users/timofey/Downloads/download (1)/node_modules/yargs/node_modules/string-width'
1212 silly reify ]
1213 silly reify mark retired [
1213 silly reify   '/Users/timofey/Downloads/download (1)/node_modules/yaml',
1213 silly reify   '/Users/timofey/Downloads/download (1)/node_modules/.bin/yaml'
1213 silly reify ]
1214 silly reify mark retired [
1214 silly reify   '/Users/timofey/Downloads/download (1)/node_modules/@fastify/busboy'
1214 silly reify ]
1215 silly reify mark retired [
1215 silly reify   '/Users/timofey/Downloads/download (1)/node_modules/@google-cloud/paginator'
1215 silly reify ]
1216 silly reify mark retired [
1216 silly reify   '/Users/timofey/Downloads/download (1)/node_modules/@google-cloud/firestore'
1216 silly reify ]
1217 silly reify mark retired [
1217 silly reify   '/Users/timofey/Downloads/download (1)/node_modules/@google-cloud/promisify'
1217 silly reify ]
1218 silly reify mark retired [
1218 silly reify   '/Users/timofey/Downloads/download (1)/node_modules/@google-cloud/projectify'
1218 silly reify ]
1219 silly reify mark retired [
1219 silly reify   '/Users/timofey/Downloads/download (1)/node_modules/@mongodb-js/saslprep'
1219 silly reify ]
1220 silly reify mark retired [
1220 silly reify   '/Users/timofey/Downloads/download (1)/node_modules/@google-cloud/storage'
1220 silly reify ]
1221 silly reify mark retired [
1221 silly reify   '/Users/timofey/Downloads/download (1)/node_modules/@opentelemetry/api'
1221 silly reify ]
1222 silly reify mark retired [
1222 silly reify   '/Users/timofey/Downloads/download (1)/node_modules/@js-sdsl/ordered-map'
1222 silly reify ]
1223 silly reify mark retired [ '/Users/timofey/Downloads/download (1)/node_modules/@types/connect' ]
1224 silly reify mark retired [
1224 silly reify   '/Users/timofey/Downloads/download (1)/node_modules/@types/body-parser'
1224 silly reify ]
1225 silly reify mark retired [
1225 silly reify   '/Users/timofey/Downloads/download (1)/node_modules/@tootallnate/once'
1225 silly reify ]
1226 silly reify mark retired [ '/Users/timofey/Downloads/download (1)/node_modules/@panva/hkdf' ]
1227 silly reify mark retired [
1227 silly reify   '/Users/timofey/Downloads/download (1)/node_modules/@types/express-serve-static-core'
1227 silly reify ]
1228 silly reify mark retired [
1228 silly reify   '/Users/timofey/Downloads/download (1)/node_modules/@types/http-errors'
1228 silly reify ]
1229 silly reify mark retired [ '/Users/timofey/Downloads/download (1)/node_modules/@types/long' ]
1230 silly reify mark retired [ '/Users/timofey/Downloads/download (1)/node_modules/@types/express' ]
1231 silly reify mark retired [ '/Users/timofey/Downloads/download (1)/node_modules/@types/mime' ]
1232 silly reify mark retired [
1232 silly reify   '/Users/timofey/Downloads/download (1)/node_modules/@types/jsonwebtoken'
1232 silly reify ]
1233 silly reify mark retired [ '/Users/timofey/Downloads/download (1)/node_modules/@types/qs' ]
1234 silly reify mark retired [
1234 silly reify   '/Users/timofey/Downloads/download (1)/node_modules/@types/range-parser'
1234 silly reify ]
1235 silly reify mark retired [
1235 silly reify   '/Users/timofey/Downloads/download (1)/node_modules/@types/serve-static'
1235 silly reify ]
1236 silly reify mark retired [ '/Users/timofey/Downloads/download (1)/node_modules/@types/send' ]
1237 silly reify mark retired [
1237 silly reify   '/Users/timofey/Downloads/download (1)/node_modules/@types/whatwg-url'
1237 silly reify ]
1238 silly reify mark retired [
1238 silly reify   '/Users/timofey/Downloads/download (1)/node_modules/@types/webidl-conversions'
1238 silly reify ]
1239 silly reify mark retired [
1239 silly reify   '/Users/timofey/Downloads/download (1)/node_modules/sshpk',
1239 silly reify   '/Users/timofey/Downloads/download (1)/node_modules/.bin/sshpk-verify',
1239 silly reify   '/Users/timofey/Downloads/download (1)/node_modules/.bin/sshpk-sign',
1239 silly reify   '/Users/timofey/Downloads/download (1)/node_modules/.bin/sshpk-conv'
1239 silly reify ]
1240 silly reify moves {
1240 silly reify   '/Users/timofey/Downloads/download (1)/node_modules/abs-svg-path': '/Users/timofey/Downloads/download (1)/node_modules/.abs-svg-path-nPS6BnqN',
1240 silly reify   '/Users/timofey/Downloads/download (1)/node_modules/acorn': '/Users/timofey/Downloads/download (1)/node_modules/.acorn-qOpAz568',
1240 silly reify   '/Users/timofey/Downloads/download (1)/node_modules/acorn-import-phases': '/Users/timofey/Downloads/download (1)/node_modules/.acorn-import-phases-dKLJcpIF',
1240 silly reify   '/Users/timofey/Downloads/download (1)/node_modules/acorn-jsx': '/Users/timofey/Downloads/download (1)/node_modules/.acorn-jsx-KF1QxSHy',
1240 silly reify   '/Users/timofey/Downloads/download (1)/node_modules/adler-32': '/Users/timofey/Downloads/download (1)/node_modules/.adler-32-i8mmZjLN',
1240 silly reify   '/Users/timofey/Downloads/download (1)/node_modules/ajv': '/Users/timofey/Downloads/download (1)/node_modules/.ajv-zyJ1N0KL',
1240 silly reify   '/Users/timofey/Downloads/download (1)/node_modules/ajv-formats': '/Users/timofey/Downloads/download (1)/node_modules/.ajv-formats-L6Lessc0',
1240 silly reify   '/Users/timofey/Downloads/download (1)/node_modules/ajv-keywords': '/Users/timofey/Downloads/download (1)/node_modules/.ajv-keywords-OL9lc6aQ',
1240 silly reify   '/Users/timofey/Downloads/download (1)/node_modules/ansi-regex': '/Users/timofey/Downloads/download (1)/node_modules/.ansi-regex-mhcedqSp',
1240 silly reify   '/Users/timofey/Downloads/download (1)/node_modules/ansi-styles': '/Users/timofey/Downloads/download (1)/node_modules/.ansi-styles-vw27i1ds',
1240 silly reify   '/Users/timofey/Downloads/download (1)/node_modules/any-promise': '/Users/timofey/Downloads/download (1)/node_modules/.any-promise-lO9ENb9E',
1240 silly reify   '/Users/timofey/Downloads/download (1)/node_modules/anymatch': '/Users/timofey/Downloads/download (1)/node_modules/.anymatch-6GJH3PnM',
1240 silly reify   '/Users/timofey/Downloads/download (1)/node_modules/arg': '/Users/timofey/Downloads/download (1)/node_modules/.arg-FTh8FEm8',
1240 silly reify   '/Users/timofey/Downloads/download (1)/node_modules/argparse': '/Users/timofey/Downloads/download (1)/node_modules/.argparse-xCbjyPak',
1240 silly reify   '/Users/timofey/Downloads/download (1)/node_modules/aria-hidden': '/Users/timofey/Downloads/download (1)/node_modules/.aria-hidden-9kWE28Oa',
1240 silly reify   '/Users/timofey/Downloads/download (1)/node_modules/aria-query': '/Users/timofey/Downloads/download (1)/node_modules/.aria-query-qOgoZ0Qr',
1240 silly reify   '/Users/timofey/Downloads/download (1)/node_modules/array-buffer-byte-length': '/Users/timofey/Downloads/download (1)/node_modules/.array-buffer-byte-length-EP5Cyu9e',
1240 silly reify   '/Users/timofey/Downloads/download (1)/node_modules/array-includes': '/Users/timofey/Downloads/download (1)/node_modules/.array-includes-7O0vuaw4',
1240 silly reify   '/Users/timofey/Downloads/download (1)/node_modules/array-union': '/Users/timofey/Downloads/download (1)/node_modules/.array-union-BWHD6ltY',
1240 silly reify   '/Users/timofey/Downloads/download (1)/node_modules/array.prototype.findindex': '/Users/timofey/Downloads/download (1)/node_modules/.array.prototype.findindex-ADdHtxdH',
1240 silly reify   '/Users/timofey/Downloads/download (1)/node_modules/array.prototype.findlast': '/Users/timofey/Downloads/download (1)/node_modules/.array.prototype.findlast-ZqxCsol7',
1240 silly reify   '/Users/timofey/Downloads/download (1)/node_modules/array.prototype.findlastindex': '/Users/timofey/Downloads/download (1)/node_modules/.array.prototype.findlastindex-cJWukXMw',
1240 silly reify   '/Users/timofey/Downloads/download (1)/node_modules/array.prototype.flat': '/Users/timofey/Downloads/download (1)/node_modules/.array.prototype.flat-K3ueEk6N',
1240 silly reify   '/Users/timofey/Downloads/download (1)/node_modules/array.prototype.flatmap': '/Users/timofey/Downloads/download (1)/node_modules/.array.prototype.flatmap-iHDmIWKw',
1240 silly reify   '/Users/timofey/Downloads/download (1)/node_modules/array.prototype.tosorted': '/Users/timofey/Downloads/download (1)/node_modules/.array.prototype.tosorted-dpVobNlv',
1240 silly reify   '/Users/timofey/Downloads/download (1)/node_modules/arraybuffer.prototype.slice': '/Users/timofey/Downloads/download (1)/node_modules/.arraybuffer.prototype.slice-g896gKv0',
1240 silly reify   '/Users/timofey/Downloads/download (1)/node_modules/asn1': '/Users/timofey/Downloads/download (1)/node_modules/.asn1-XXNecBaD',
1240 silly reify   '/Users/timofey/Downloads/download (1)/node_modules/assert-plus': '/Users/timofey/Downloads/download (1)/node_modules/.assert-plus-9ZMyN0Wf',
1240 silly reify   '/Users/timofey/Downloads/download (1)/node_modules/ast-types-flow': '/Users/timofey/Downloads/download (1)/node_modules/.ast-types-flow-nrZuB5qD',
1240 silly reify   '/Users/timofey/Downloads/download (1)/node_modules/async-function': '/Users/timofey/Downloads/download (1)/node_modules/.async-function-t1E73FfM',
1240 silly reify   '/Users/timofey/Downloads/download (1)/node_modules/asynckit': '/Users/timofey/Downloads/download (1)/node_modules/.asynckit-gk3TNkZT',
1240 silly reify   '/Users/timofey/Downloads/download (1)/node_modules/attr-accept': '/Users/timofey/Downloads/download (1)/node_modules/.attr-accept-mcO2g17A',
1240 silly reify   '/Users/timofey/Downloads/download (1)/node_modules/available-typed-arrays': '/Users/timofey/Downloads/download (1)/node_modules/.available-typed-arrays-ntcUO24N',
1240 silly reify   '/Users/timofey/Downloads/download (1)/node_modules/aws-sign2': '/Users/timofey/Downloads/download (1)/node_modules/.aws-sign2-a4ICSZy5',
1240 silly reify   '/Users/timofey/Downloads/download (1)/node_modules/aws4': '/Users/timofey/Downloads/download (1)/node_modules/.aws4-JyGwXHBw',
1240 silly reify   '/Users/timofey/Downloads/download (1)/node_modules/axe-core': '/Users/timofey/Downloads/download (1)/node_modules/.axe-core-HzDzC3e4',
1240 silly reify   '/Users/timofey/Downloads/download (1)/node_modules/axios': '/Users/timofey/Downloads/download (1)/node_modules/.axios-iCWVNNdn',
1240 silly reify   '/Users/timofey/Downloads/download (1)/node_modules/axobject-query': '/Users/timofey/Downloads/download (1)/node_modules/.axobject-query-PfF0XGC5',
1240 silly reify   '/Users/timofey/Downloads/download (1)/node_modules/bail': '/Users/timofey/Downloads/download (1)/node_modules/.bail-GdjtbwfX',
1240 silly reify   '/Users/timofey/Downloads/download (1)/node_modules/balanced-match': '/Users/timofey/Downloads/download (1)/node_modules/.balanced-match-IDXhDDAi',
1240 silly reify   '/Users/timofey/Downloads/download (1)/node_modules/base64-js': '/Users/timofey/Downloads/download (1)/node_modules/.base64-js-th9Fffku',
1240 silly reify   '/Users/timofey/Downloads/download (1)/node_modules/bcrypt-pbkdf': '/Users/timofey/Downloads/download (1)/node_modules/.bcrypt-pbkdf-tQ35qDFp',
1240 silly reify   '/Users/timofey/Downloads/download (1)/node_modules/bidi-js': '/Users/timofey/Downloads/download (1)/node_modules/.bidi-js-IcCRIts9',
1240 silly reify   '/Users/timofey/Downloads/download (1)/node_modules/big.js': '/Users/timofey/Downloads/download (1)/node_modules/.big.js-dCeB7R2T',
1240 silly reify   '/Users/timofey/Downloads/download (1)/node_modules/binary-extensions': '/Users/timofey/Downloads/download (1)/node_modules/.binary-extensions-EStyIKj8',
1240 silly reify   '/Users/timofey/Downloads/download (1)/node_modules/bl': '/Users/timofey/Downloads/download (1)/node_modules/.bl-MBH8GReo',
1240 silly reify   '/Users/timofey/Downloads/download (1)/node_modules/bluebird': '/Users/timofey/Downloads/download (1)/node_modules/.bluebird-jtpcEGlG',
1240 silly reify   '/Users/timofey/Downloads/download (1)/node_modules/bowser': '/Users/timofey/Downloads/download (1)/node_modules/.bowser-XmnuyzZZ',
1240 silly reify   '/Users/timofey/Downloads/download (1)/node_modules/brace-expansion': '/Users/timofey/Downloads/download (1)/node_modules/.brace-expansion-DxVWQGGM',
1240 silly reify   '/Users/timofey/Downloads/download (1)/node_modules/braces': '/Users/timofey/Downloads/download (1)/node_modules/.braces-crW1VbfE',
1240 silly reify   '/Users/timofey/Downloads/download (1)/node_modules/brotli': '/Users/timofey/Downloads/download (1)/node_modules/.brotli-uYXbOiBj',
1240 silly reify   '/Users/timofey/Downloads/download (1)/node_modules/browserify-zlib': '/Users/timofey/Downloads/download (1)/node_modules/.browserify-zlib-xWCumQQX',
1240 silly reify   '/Users/timofey/Downloads/download (1)/node_modules/browserslist': '/Users/timofey/Downloads/download (1)/node_modules/.browserslist-mbPGIzhY',
1240 silly reify   '/Users/timofey/Downloads/download (1)/node_modules/buffer-from': '/Users/timofey/Downloads/download (1)/node_modules/.buffer-from-FwwAyZJp',
1240 silly reify   '/Users/timofey/Downloads/download (1)/node_modules/busboy': '/Users/timofey/Downloads/download (1)/node_modules/.busboy-gK5FgdtK',
1240 silly reify   '/Users/timofey/Downloads/download (1)/node_modules/call-bind': '/Users/timofey/Downloads/download (1)/node_modules/.call-bind-DxwzSOww',
1240 silly reify   '/Users/timofey/Downloads/download (1)/node_modules/call-bind-apply-helpers': '/Users/timofey/Downloads/download (1)/node_modules/.call-bind-apply-helpers-wZFyXtGD',
1240 silly reify   '/Users/timofey/Downloads/download (1)/node_modules/call-bound': '/Users/timofey/Downloads/download (1)/node_modules/.call-bound-H7mFmZFU',
1240 silly reify   '/Users/timofey/Downloads/download (1)/node_modules/callsites': '/Users/timofey/Downloads/download (1)/node_modules/.callsites-oBXGy5nl',
1240 silly reify   '/Users/timofey/Downloads/download (1)/node_modules/camelcase-css': '/Users/timofey/Downloads/download (1)/node_modules/.camelcase-css-Fuzs1zYd',
1240 silly reify   '/Users/timofey/Downloads/download (1)/node_modules/caniuse-lite': '/Users/timofey/Downloads/download (1)/node_modules/.caniuse-lite-ZSqWPKrV',
1240 silly reify   '/Users/timofey/Downloads/download (1)/node_modules/caseless': '/Users/timofey/Downloads/download (1)/node_modules/.caseless-B5eQCGwq',
1240 silly reify   '/Users/timofey/Downloads/download (1)/node_modules/ccount': '/Users/timofey/Downloads/download (1)/node_modules/.ccount-P7vEN6SC',
1240 silly reify   '/Users/timofey/Downloads/download (1)/node_modules/cfb': '/Users/timofey/Downloads/download (1)/node_modules/.cfb-3skKFeWG',
1240 silly reify   '/Users/timofey/Downloads/download (1)/node_modules/chalk': '/Users/timofey/Downloads/download (1)/node_modules/.chalk-b6JzgQ6p',
1240 silly reify   '/Users/timofey/Downloads/download (1)/node_modules/character-entities': '/Users/timofey/Downloads/download (1)/node_modules/.character-entities-tosXHO5y',
1240 silly reify   '/Users/timofey/Downloads/download (1)/node_modules/character-entities-html4': '/Users/timofey/Downloads/download (1)/node_modules/.character-entities-html4-DPYDpCKT',
1240 silly reify   '/Users/timofey/Downloads/download (1)/node_modules/character-entities-legacy': '/Users/timofey/Downloads/download (1)/node_modules/.character-entities-legacy-cvGAiOpV',
1240 silly reify   '/Users/timofey/Downloads/download (1)/node_modules/character-reference-invalid': '/Users/timofey/Downloads/download (1)/node_modules/.character-reference-invalid-WNOer9z5',
1240 silly reify   '/Users/timofey/Downloads/download (1)/node_modules/chokidar': '/Users/timofey/Downloads/download (1)/node_modules/.chokidar-R4X9lFtm',
1240 silly reify   '/Users/timofey/Downloads/download (1)/node_modules/chrome-trace-event': '/Users/timofey/Downloads/download (1)/node_modules/.chrome-trace-event-KEogzzSu',
1240 silly reify   '/Users/timofey/Downloads/download (1)/node_modules/ci-info': '/Users/timofey/Downloads/download (1)/node_modules/.ci-info-hM0sBKQU',
1240 silly reify   '/Users/timofey/Downloads/download (1)/node_modules/class-variance-authority': '/Users/timofey/Downloads/download (1)/node_modules/.class-variance-authority-f1dYGVev',
1240 silly reify   '/Users/timofey/Downloads/download (1)/node_modules/client-only': '/Users/timofey/Downloads/download (1)/node_modules/.client-only-AwqgMSnB',
1240 silly reify   '/Users/timofey/Downloads/download (1)/node_modules/cliui': '/Users/timofey/Downloads/download (1)/node_modules/.cliui-72z13Cvd',
1240 silly reify   '/Users/timofey/Downloads/download (1)/node_modules/clone': '/Users/timofey/Downloads/download (1)/node_modules/.clone-t3ZDcy5A',
1240 silly reify   '/Users/timofey/Downloads/download (1)/node_modules/clsx': '/Users/timofey/Downloads/download (1)/node_modules/.clsx-uJDT8tkG',
1240 silly reify   '/Users/timofey/Downloads/download (1)/node_modules/codepage': '/Users/timofey/Downloads/download (1)/node_modules/.codepage-icWmzq3J',
1240 silly reify   '/Users/timofey/Downloads/download (1)/node_modules/color-convert': '/Users/timofey/Downloads/download (1)/node_modules/.color-convert-jXIrivbU',
1240 silly reify   '/Users/timofey/Downloads/download (1)/node_modules/color-name': '/Users/timofey/Downloads/download (1)/node_modules/.color-name-0nd1K2m7',
1240 silly reify   '/Users/timofey/Downloads/download (1)/node_modules/color-string': '/Users/timofey/Downloads/download (1)/node_modules/.color-string-8jmtCHYs',
1240 silly reify   '/Users/timofey/Downloads/download (1)/node_modules/combined-stream': '/Users/timofey/Downloads/download (1)/node_modules/.combined-stream-Lsr6rR1b',
1240 silly reify   '/Users/timofey/Downloads/download (1)/node_modules/comma-separated-tokens': '/Users/timofey/Downloads/download (1)/node_modules/.comma-separated-tokens-NG4NUzlP',
1240 silly reify   '/Users/timofey/Downloads/download (1)/node_modules/commander': '/Users/timofey/Downloads/download (1)/node_modules/.commander-fGgfF1lm',
1240 silly reify   '/Users/timofey/Downloads/download (1)/node_modules/concat-map': '/Users/timofey/Downloads/download (1)/node_modules/.concat-map-Uq8Ngdfh',
1240 silly reify   '/Users/timofey/Downloads/download (1)/node_modules/core-util-is': '/Users/timofey/Downloads/download (1)/node_modules/.core-util-is-DheKAdY5',
1240 silly reify   '/Users/timofey/Downloads/download (1)/node_modules/crc-32': '/Users/timofey/Downloads/download (1)/node_modules/.crc-32-MkhUokFs',
1240 silly reify   '/Users/timofey/Downloads/download (1)/node_modules/cross-fetch': '/Users/timofey/Downloads/download (1)/node_modules/.cross-fetch-ipVSaaT2',
1240 silly reify   '/Users/timofey/Downloads/download (1)/node_modules/cross-spawn': '/Users/timofey/Downloads/download (1)/node_modules/.cross-spawn-yqvz8fLb',
1240 silly reify   '/Users/timofey/Downloads/download (1)/node_modules/crypto-js': '/Users/timofey/Downloads/download (1)/node_modules/.crypto-js-Qoe6whPw',
1240 silly reify   '/Users/timofey/Downloads/download (1)/node_modules/cssesc': '/Users/timofey/Downloads/download (1)/node_modules/.cssesc-hApb1gO2',
1240 silly reify   '/Users/timofey/Downloads/download (1)/node_modules/csstype': '/Users/timofey/Downloads/download (1)/node_modules/.csstype-QMFOL1hK',
1240 silly reify   '/Users/timofey/Downloads/download (1)/node_modules/d3-array': '/Users/timofey/Downloads/download (1)/node_modules/.d3-array-YkwbgoNT',
1240 silly reify   '/Users/timofey/Downloads/download (1)/node_modules/d3-ease': '/Users/timofey/Downloads/download (1)/node_modules/.d3-ease-D5hr4PtP',
1240 silly reify   '/Users/timofey/Downloads/download (1)/node_modules/d3-color': '/Users/timofey/Downloads/download (1)/node_modules/.d3-color-UUEQb7oI',
1240 silly reify   '/Users/timofey/Downloads/download (1)/node_modules/d3-format': '/Users/timofey/Downloads/download (1)/node_modules/.d3-format-DrgqmnT7',
1240 silly reify   '/Users/timofey/Downloads/download (1)/node_modules/d3-interpolate': '/Users/timofey/Downloads/download (1)/node_modules/.d3-interpolate-PeEpsrpK',
1240 silly reify   '/Users/timofey/Downloads/download (1)/node_modules/d3-path': '/Users/timofey/Downloads/download (1)/node_modules/.d3-path-HWBhiI75',
1240 silly reify   '/Users/timofey/Downloads/download (1)/node_modules/d3-scale': '/Users/timofey/Downloads/download (1)/node_modules/.d3-scale-kTzaaaRp',
1240 silly reify   '/Users/timofey/Downloads/download (1)/node_modules/d3-shape': '/Users/timofey/Downloads/download (1)/node_modules/.d3-shape-57VL4EH7',
1240 silly reify   '/Users/timofey/Downloads/download (1)/node_modules/d3-time': '/Users/timofey/Downloads/download (1)/node_modules/.d3-time-jWtLsKg2',
1240 silly reify   '/Users/timofey/Downloads/download (1)/node_modules/d3-time-format': '/Users/timofey/Downloads/download (1)/node_modules/.d3-time-format-FIWU1x7G',
1240 silly reify   '/Users/timofey/Downloads/download (1)/node_modules/d3-timer': '/Users/timofey/Downloads/download (1)/node_modules/.d3-timer-bBwXqShh',
1240 silly reify   '/Users/timofey/Downloads/download (1)/node_modules/damerau-levenshtein': '/Users/timofey/Downloads/download (1)/node_modules/.damerau-levenshtein-LQr1AoyK',
1240 silly reify   '/Users/timofey/Downloads/download (1)/node_modules/data-view-buffer': '/Users/timofey/Downloads/download (1)/node_modules/.data-view-buffer-fZ9Dyq8l',
1240 silly reify   '/Users/timofey/Downloads/download (1)/node_modules/data-view-byte-length': '/Users/timofey/Downloads/download (1)/node_modules/.data-view-byte-length-GczKVG82',
1240 silly reify   '/Users/timofey/Downloads/download (1)/node_modules/dashdash': '/Users/timofey/Downloads/download (1)/node_modules/.dashdash-C0o90aHY',
1240 silly reify   '/Users/timofey/Downloads/download (1)/node_modules/data-view-byte-offset': '/Users/timofey/Downloads/download (1)/node_modules/.data-view-byte-offset-hSt8sMuV',
1240 silly reify   '/Users/timofey/Downloads/download (1)/node_modules/date-fns': '/Users/timofey/Downloads/download (1)/node_modules/.date-fns-5sv9kCkf',
1240 silly reify   '/Users/timofey/Downloads/download (1)/node_modules/debug': '/Users/timofey/Downloads/download (1)/node_modules/.debug-IpKnndsQ',
1240 silly reify   '/Users/timofey/Downloads/download (1)/node_modules/decimal.js-light': '/Users/timofey/Downloads/download (1)/node_modules/.decimal.js-light-fbROWxAh',
1240 silly reify   '/Users/timofey/Downloads/download (1)/node_modules/decode-named-character-reference': '/Users/timofey/Downloads/download (1)/node_modules/.decode-named-character-reference-ipuoCAzy',
1240 silly reify   '/Users/timofey/Downloads/download (1)/node_modules/deep-is': '/Users/timofey/Downloads/download (1)/node_modules/.deep-is-g2I04kGz',
1240 silly reify   '/Users/timofey/Downloads/download (1)/node_modules/define-data-property': '/Users/timofey/Downloads/download (1)/node_modules/.define-data-property-AuGT86OU',
1240 silly reify   '/Users/timofey/Downloads/download (1)/node_modules/define-properties': '/Users/timofey/Downloads/download (1)/node_modules/.define-properties-nv2yYwHU',
1240 silly reify   '/Users/timofey/Downloads/download (1)/node_modules/delayed-stream': '/Users/timofey/Downloads/download (1)/node_modules/.delayed-stream-vEMIFcZR',
1240 silly reify   '/Users/timofey/Downloads/download (1)/node_modules/dequal': '/Users/timofey/Downloads/download (1)/node_modules/.dequal-mRUI2ntV',
1240 silly reify   '/Users/timofey/Downloads/download (1)/node_modules/devlop': '/Users/timofey/Downloads/download (1)/node_modules/.devlop-XVqkoNYB',
1240 silly reify   '/Users/timofey/Downloads/download (1)/node_modules/detect-node-es': '/Users/timofey/Downloads/download (1)/node_modules/.detect-node-es-bOeVCwN2',
1240 silly reify   '/Users/timofey/Downloads/download (1)/node_modules/dfa': '/Users/timofey/Downloads/download (1)/node_modules/.dfa-AG6oeXF0',
1240 silly reify   '/Users/timofey/Downloads/download (1)/node_modules/didyoumean': '/Users/timofey/Downloads/download (1)/node_modules/.didyoumean-13iloNWX',
1240 silly reify   '/Users/timofey/Downloads/download (1)/node_modules/dir-glob': '/Users/timofey/Downloads/download (1)/node_modules/.dir-glob-9yo72IJd',
1240 silly reify   '/Users/timofey/Downloads/download (1)/node_modules/dlv': '/Users/timofey/Downloads/download (1)/node_modules/.dlv-f3KBaqIO',
1240 silly reify   '/Users/timofey/Downloads/download (1)/node_modules/doctrine': '/Users/timofey/Downloads/download (1)/node_modules/.doctrine-sOl9zGyH',
1240 silly reify   '/Users/timofey/Downloads/download (1)/node_modules/docx': '/Users/timofey/Downloads/download (1)/node_modules/.docx-D4towUXy',
1240 silly reify   '/Users/timofey/Downloads/download (1)/node_modules/dom-helpers': '/Users/timofey/Downloads/download (1)/node_modules/.dom-helpers-WdDcY131',
1240 silly reify   '/Users/timofey/Downloads/download (1)/node_modules/dotenv': '/Users/timofey/Downloads/download (1)/node_modules/.dotenv-lT64zF7K',
1240 silly reify   '/Users/timofey/Downloads/download (1)/node_modules/dunder-proto': '/Users/timofey/Downloads/download (1)/node_modules/.dunder-proto-i45z8KhU',
1240 silly reify   '/Users/timofey/Downloads/download (1)/node_modules/eastasianwidth': '/Users/timofey/Downloads/download (1)/node_modules/.eastasianwidth-r8YrJo33',
1240 silly reify   '/Users/timofey/Downloads/download (1)/node_modules/ecc-jsbn': '/Users/timofey/Downloads/download (1)/node_modules/.ecc-jsbn-fP9ZEdPZ',
1240 silly reify   '/Users/timofey/Downloads/download (1)/node_modules/electron-to-chromium': '/Users/timofey/Downloads/download (1)/node_modules/.electron-to-chromium-21quxm91',
1240 silly reify   '/Users/timofey/Downloads/download (1)/node_modules/emoji-regex': '/Users/timofey/Downloads/download (1)/node_modules/.emoji-regex-DmG3F2UF',
1240 silly reify   '/Users/timofey/Downloads/download (1)/node_modules/emojis-list': '/Users/timofey/Downloads/download (1)/node_modules/.emojis-list-pfhYnbZT',
1240 silly reify   '/Users/timofey/Downloads/download (1)/node_modules/end-of-stream': '/Users/timofey/Downloads/download (1)/node_modules/.end-of-stream-kDKQKZS0',
1240 silly reify   '/Users/timofey/Downloads/download (1)/node_modules/enhanced-resolve': '/Users/timofey/Downloads/download (1)/node_modules/.enhanced-resolve-SFPbuqR8',
1240 silly reify   '/Users/timofey/Downloads/download (1)/node_modules/error-kid': '/Users/timofey/Downloads/download (1)/node_modules/.error-kid-SdKz1Fhc',
1240 silly reify   '/Users/timofey/Downloads/download (1)/node_modules/es-abstract': '/Users/timofey/Downloads/download (1)/node_modules/.es-abstract-g3nGv4ii',
1240 silly reify   '/Users/timofey/Downloads/download (1)/node_modules/es-define-property': '/Users/timofey/Downloads/download (1)/node_modules/.es-define-property-LH45DkrK',
1240 silly reify   '/Users/timofey/Downloads/download (1)/node_modules/es-iterator-helpers': '/Users/timofey/Downloads/download (1)/node_modules/.es-iterator-helpers-k5hRrGLO',
1240 silly reify   '/Users/timofey/Downloads/download (1)/node_modules/es-errors': '/Users/timofey/Downloads/download (1)/node_modules/.es-errors-15hfsvTB',
1240 silly reify   '/Users/timofey/Downloads/download (1)/node_modules/es-module-lexer': '/Users/timofey/Downloads/download (1)/node_modules/.es-module-lexer-ct6OpeMa',
1240 silly reify   '/Users/timofey/Downloads/download (1)/node_modules/es-object-atoms': '/Users/timofey/Downloads/download (1)/node_modules/.es-object-atoms-RteFIP0t',
1240 silly reify   '/Users/timofey/Downloads/download (1)/node_modules/es-shim-unscopables': '/Users/timofey/Downloads/download (1)/node_modules/.es-shim-unscopables-h9sK3Bfk',
1240 silly reify   '/Users/timofey/Downloads/download (1)/node_modules/es-set-tostringtag': '/Users/timofey/Downloads/download (1)/node_modules/.es-set-tostringtag-DGACi6uB',
1240 silly reify   '/Users/timofey/Downloads/download (1)/node_modules/escalade': '/Users/timofey/Downloads/download (1)/node_modules/.escalade-doZyirTl',
1240 silly reify   '/Users/timofey/Downloads/download (1)/node_modules/es-to-primitive': '/Users/timofey/Downloads/download (1)/node_modules/.es-to-primitive-67bTnoEi',
1240 silly reify   '/Users/timofey/Downloads/download (1)/node_modules/escape-string-regexp': '/Users/timofey/Downloads/download (1)/node_modules/.escape-string-regexp-hBkwgfpA',
1240 silly reify   '/Users/timofey/Downloads/download (1)/node_modules/eslint': '/Users/timofey/Downloads/download (1)/node_modules/.eslint-F5qosZWi',
1240 silly reify   '/Users/timofey/Downloads/download (1)/node_modules/eslint-config-next': '/Users/timofey/Downloads/download (1)/node_modules/.eslint-config-next-Xbu1C17a',
1240 silly reify   '/Users/timofey/Downloads/download (1)/node_modules/eslint-import-resolver-node': '/Users/timofey/Downloads/download (1)/node_modules/.eslint-import-resolver-node-eb7wzhGk',
1240 silly reify   '/Users/timofey/Downloads/download (1)/node_modules/eslint-import-resolver-typescript': '/Users/timofey/Downloads/download (1)/node_modules/.eslint-import-resolver-typescript-mQjNpK6d',
1240 silly reify   '/Users/timofey/Downloads/download (1)/node_modules/eslint-plugin-import': '/Users/timofey/Downloads/download (1)/node_modules/.eslint-plugin-import-XnSmKT0z',
1240 silly reify   '/Users/timofey/Downloads/download (1)/node_modules/eslint-plugin-jsx-a11y': '/Users/timofey/Downloads/download (1)/node_modules/.eslint-plugin-jsx-a11y-I5DxpZbw',
1240 silly reify   '/Users/timofey/Downloads/download (1)/node_modules/eslint-module-utils': '/Users/timofey/Downloads/download (1)/node_modules/.eslint-module-utils-Q7XnTvQE',
1240 silly reify   '/Users/timofey/Downloads/download (1)/node_modules/eslint-plugin-react-hooks': '/Users/timofey/Downloads/download (1)/node_modules/.eslint-plugin-react-hooks-ARhfa7UI',
1240 silly reify   '/Users/timofey/Downloads/download (1)/node_modules/eslint-scope': '/Users/timofey/Downloads/download (1)/node_modules/.eslint-scope-EA33FJOZ',
1240 silly reify   '/Users/timofey/Downloads/download (1)/node_modules/eslint-plugin-react': '/Users/timofey/Downloads/download (1)/node_modules/.eslint-plugin-react-a3O3ACFZ',
1240 silly reify   '/Users/timofey/Downloads/download (1)/node_modules/eslint-visitor-keys': '/Users/timofey/Downloads/download (1)/node_modules/.eslint-visitor-keys-jP5iO8P7',
1240 silly reify   '/Users/timofey/Downloads/download (1)/node_modules/espree': '/Users/timofey/Downloads/download (1)/node_modules/.espree-V22484mG',
1240 silly reify   '/Users/timofey/Downloads/download (1)/node_modules/esquery': '/Users/timofey/Downloads/download (1)/node_modules/.esquery-b5FDGXk0',
1240 silly reify   '/Users/timofey/Downloads/download (1)/node_modules/esrecurse': '/Users/timofey/Downloads/download (1)/node_modules/.esrecurse-0oKI700C',
1240 silly reify   '/Users/timofey/Downloads/download (1)/node_modules/estraverse': '/Users/timofey/Downloads/download (1)/node_modules/.estraverse-93iCqDf1',
1240 silly reify   '/Users/timofey/Downloads/download (1)/node_modules/estree-util-is-identifier-name': '/Users/timofey/Downloads/download (1)/node_modules/.estree-util-is-identifier-name-fni3b1f0',
1240 silly reify   '/Users/timofey/Downloads/download (1)/node_modules/esutils': '/Users/timofey/Downloads/download (1)/node_modules/.esutils-zwvVf3DJ',
1240 silly reify   '/Users/timofey/Downloads/download (1)/node_modules/eventemitter3': '/Users/timofey/Downloads/download (1)/node_modules/.eventemitter3-rGuJA1OW',
1240 silly reify   '/Users/timofey/Downloads/download (1)/node_modules/events': '/Users/timofey/Downloads/download (1)/node_modules/.events-EpLLcuFs',
1240 silly reify   '/Users/timofey/Downloads/download (1)/node_modules/extend': '/Users/timofey/Downloads/download (1)/node_modules/.extend-JwOdMbqN',
1240 silly reify   '/Users/timofey/Downloads/download (1)/node_modules/extsprintf': '/Users/timofey/Downloads/download (1)/node_modules/.extsprintf-gyrdsdDu',
1240 silly reify   '/Users/timofey/Downloads/download (1)/node_modules/fast-equals': '/Users/timofey/Downloads/download (1)/node_modules/.fast-equals-pjBfsxtG',
1240 silly reify   '/Users/timofey/Downloads/download (1)/node_modules/fast-deep-equal': '/Users/timofey/Downloads/download (1)/node_modules/.fast-deep-equal-Le48jbJN',
1240 silly reify   '/Users/timofey/Downloads/download (1)/node_modules/fast-glob': '/Users/timofey/Downloads/download (1)/node_modules/.fast-glob-sjdXyBSM',
1240 silly reify   '/Users/timofey/Downloads/download (1)/node_modules/fast-json-stable-stringify': '/Users/timofey/Downloads/download (1)/node_modules/.fast-json-stable-stringify-iXUfXZ28',
1240 silly reify   '/Users/timofey/Downloads/download (1)/node_modules/fast-levenshtein': '/Users/timofey/Downloads/download (1)/node_modules/.fast-levenshtein-L7oTKd8G',
1240 silly reify   '/Users/timofey/Downloads/download (1)/node_modules/fast-uri': '/Users/timofey/Downloads/download (1)/node_modules/.fast-uri-bXYGQE0i',
1240 silly reify   '/Users/timofey/Downloads/download (1)/node_modules/fast-xml-parser': '/Users/timofey/Downloads/download (1)/node_modules/.fast-xml-parser-UdkARzTD',
1240 silly reify   '/Users/timofey/Downloads/download (1)/node_modules/fastq': '/Users/timofey/Downloads/download (1)/node_modules/.fastq-rtl8AZu2',
1240 silly reify   '/Users/timofey/Downloads/download (1)/node_modules/faye-websocket': '/Users/timofey/Downloads/download (1)/node_modules/.faye-websocket-mZPk6yA9',
1240 silly reify   '/Users/timofey/Downloads/download (1)/node_modules/file-entry-cache': '/Users/timofey/Downloads/download (1)/node_modules/.file-entry-cache-3otfsjJG',
1240 silly reify   '/Users/timofey/Downloads/download (1)/node_modules/file-saver': '/Users/timofey/Downloads/download (1)/node_modules/.file-saver-csnGZ4F6',
1240 silly reify   '/Users/timofey/Downloads/download (1)/node_modules/file-selector': '/Users/timofey/Downloads/download (1)/node_modules/.file-selector-XGUIRm0t',
1240 silly reify   '/Users/timofey/Downloads/download (1)/node_modules/file-type': '/Users/timofey/Downloads/download (1)/node_modules/.file-type-nzNMBQ4e',
1240 silly reify   '/Users/timofey/Downloads/download (1)/node_modules/fill-range': '/Users/timofey/Downloads/download (1)/node_modules/.fill-range-V4FvOkFV',
1240 silly reify   '/Users/timofey/Downloads/download (1)/node_modules/find-up': '/Users/timofey/Downloads/download (1)/node_modules/.find-up-VMw6teyK',
1240 silly reify   '/Users/timofey/Downloads/download (1)/node_modules/find-yarn-workspace-root': '/Users/timofey/Downloads/download (1)/node_modules/.find-yarn-workspace-root-ndhTh01f',
1240 silly reify   '/Users/timofey/Downloads/download (1)/node_modules/flatted': '/Users/timofey/Downloads/download (1)/node_modules/.flatted-cRisg09K',
1240 silly reify   '/Users/timofey/Downloads/download (1)/node_modules/flat-cache': '/Users/timofey/Downloads/download (1)/node_modules/.flat-cache-ctoixXXL',
1240 silly reify   '/Users/timofey/Downloads/download (1)/node_modules/follow-redirects': '/Users/timofey/Downloads/download (1)/node_modules/.follow-redirects-yaX0ZBhK',
1240 silly reify   '/Users/timofey/Downloads/download (1)/node_modules/fontkit': '/Users/timofey/Downloads/download (1)/node_modules/.fontkit-xgCFejCm',
1240 silly reify   '/Users/timofey/Downloads/download (1)/node_modules/foreground-child': '/Users/timofey/Downloads/download (1)/node_modules/.foreground-child-MQuJtnva',
1240 silly reify   '/Users/timofey/Downloads/download (1)/node_modules/framer-motion': '/Users/timofey/Downloads/download (1)/node_modules/.framer-motion-NetfBRkM',
1240 silly reify   '/Users/timofey/Downloads/download (1)/node_modules/hyphen': '/Users/timofey/Downloads/download (1)/node_modules/.hyphen-FL9xkcyy',
1240 silly reify   '/Users/timofey/Downloads/download (1)/node_modules/next': '/Users/timofey/Downloads/download (1)/node_modules/.next-0NxGES3z',
1240 silly reify   '/Users/timofey/Downloads/download (1)/node_modules/typescript': '/Users/timofey/Downloads/download (1)/node_modules/.typescript-B6nFOVdr',
1240 silly reify   '/Users/timofey/Downloads/download (1)/node_modules/@aws/lambda-invoke-store': '/Users/timofey/Downloads/download (1)/node_modules/@aws/.lambda-invoke-store-dh5bAZv3',
1240 silly reify   '/Users/timofey/Downloads/download (1)/node_modules/@alloc/quick-lru': '/Users/timofey/Downloads/download (1)/node_modules/@alloc/.quick-lru-pSsyegKA',
1240 silly reify   '/Users/timofey/Downloads/download (1)/node_modules/@aws-crypto/crc32': '/Users/timofey/Downloads/download (1)/node_modules/@aws-crypto/.crc32-IyeauXK6',
1240 silly reify   '/Users/timofey/Downloads/download (1)/node_modules/@aws-crypto/crc32c': '/Users/timofey/Downloads/download (1)/node_modules/@aws-crypto/.crc32c-zPhYPdpp',
1240 silly reify   '/Users/timofey/Downloads/download (1)/node_modules/@aws-crypto/sha1-browser': '/Users/timofey/Downloads/download (1)/node_modules/@aws-crypto/.sha1-browser-56Gva7pi',
1240 silly reify   '/Users/timofey/Downloads/download (1)/node_modules/@aws-crypto/sha256-browser': '/Users/timofey/Downloads/download (1)/node_modules/@aws-crypto/.sha256-browser-r3FlD9xD',
1240 silly reify   '/Users/timofey/Downloads/download (1)/node_modules/@aws-crypto/sha256-js': '/Users/timofey/Downloads/download (1)/node_modules/@aws-crypto/.sha256-js-CD080YaY',
1240 silly reify   '/Users/timofey/Downloads/download (1)/node_modules/@aws-crypto/supports-web-crypto': '/Users/timofey/Downloads/download (1)/node_modules/@aws-crypto/.supports-web-crypto-p6bVNwdh',
1240 silly reify   '/Users/timofey/Downloads/download (1)/node_modules/@aws-crypto/util': '/Users/timofey/Downloads/download (1)/node_modules/@aws-crypto/.util-kD9uQzMg',
1240 silly reify   '/Users/timofey/Downloads/download (1)/node_modules/@aws-sdk/client-s3': '/Users/timofey/Downloads/download (1)/node_modules/@aws-sdk/.client-s3-hqwhHWt3',
1240 silly reify   '/Users/timofey/Downloads/download (1)/node_modules/@aws-sdk/client-sso': '/Users/timofey/Downloads/download (1)/node_modules/@aws-sdk/.client-sso-ZQgRiDed',
1240 silly reify   '/Users/timofey/Downloads/download (1)/node_modules/@aws-sdk/credential-provider-env': '/Users/timofey/Downloads/download (1)/node_modules/@aws-sdk/.credential-provider-env-eomyl3bs',
1240 silly reify   '/Users/timofey/Downloads/download (1)/node_modules/@aws-sdk/core': '/Users/timofey/Downloads/download (1)/node_modules/@aws-sdk/.core-SZr6sP76',
1240 silly reify   '/Users/timofey/Downloads/download (1)/node_modules/@aws-sdk/credential-provider-http': '/Users/timofey/Downloads/download (1)/node_modules/@aws-sdk/.credential-provider-http-PbHMU04x',
1240 silly reify   '/Users/timofey/Downloads/download (1)/node_modules/@aws-sdk/credential-provider-ini': '/Users/timofey/Downloads/download (1)/node_modules/@aws-sdk/.credential-provider-ini-QzNABYIs',
1240 silly reify   '/Users/timofey/Downloads/download (1)/node_modules/@aws-sdk/credential-provider-node': '/Users/timofey/Downloads/download (1)/node_modules/@aws-sdk/.credential-provider-node-OxFVXhla',
1240 silly reify   '/Users/timofey/Downloads/download (1)/node_modules/@aws-sdk/credential-provider-process': '/Users/timofey/Downloads/download (1)/node_modules/@aws-sdk/.credential-provider-process-yfAcH7ih',
1240 silly reify   '/Users/timofey/Downloads/download (1)/node_modules/@aws-sdk/credential-provider-web-identity': '/Users/timofey/Downloads/download (1)/node_modules/@aws-sdk/.credential-provider-web-identity-mLhCpAbV',
1240 silly reify   '/Users/timofey/Downloads/download (1)/node_modules/@aws-sdk/middleware-expect-continue': '/Users/timofey/Downloads/download (1)/node_modules/@aws-sdk/.middleware-expect-continue-YSsn49P6',
1240 silly reify   '/Users/timofey/Downloads/download (1)/node_modules/@aws-sdk/middleware-flexible-checksums': '/Users/timofey/Downloads/download (1)/node_modules/@aws-sdk/.middleware-flexible-checksums-LYX9gm7b',
1240 silly reify   '/Users/timofey/Downloads/download (1)/node_modules/@aws-sdk/middleware-bucket-endpoint': '/Users/timofey/Downloads/download (1)/node_modules/@aws-sdk/.middleware-bucket-endpoint-DUdEsJWb',
1240 silly reify   '/Users/timofey/Downloads/download (1)/node_modules/@aws-sdk/middleware-host-header': '/Users/timofey/Downloads/download (1)/node_modules/@aws-sdk/.middleware-host-header-v0maVpIo',
1240 silly reify   '/Users/timofey/Downloads/download (1)/node_modules/@aws-sdk/credential-provider-sso': '/Users/timofey/Downloads/download (1)/node_modules/@aws-sdk/.credential-provider-sso-LM1sHxiy',
1240 silly reify   '/Users/timofey/Downloads/download (1)/node_modules/@aws-sdk/middleware-logger': '/Users/timofey/Downloads/download (1)/node_modules/@aws-sdk/.middleware-logger-MHVwMBsO',
1240 silly reify   '/Users/timofey/Downloads/download (1)/node_modules/@aws-sdk/middleware-recursion-detection': '/Users/timofey/Downloads/download (1)/node_modules/@aws-sdk/.middleware-recursion-detection-h0dG2LcZ',
1240 silly reify   '/Users/timofey/Downloads/download (1)/node_modules/@aws-sdk/middleware-location-constraint': '/Users/timofey/Downloads/download (1)/node_modules/@aws-sdk/.middleware-location-constraint-kGowTgdd',
1240 silly reify   '/Users/timofey/Downloads/download (1)/node_modules/@aws-sdk/middleware-sdk-s3': '/Users/timofey/Downloads/download (1)/node_modules/@aws-sdk/.middleware-sdk-s3-sh9f9iNi',
1240 silly reify   '/Users/timofey/Downloads/download (1)/node_modules/@aws-sdk/middleware-ssec': '/Users/timofey/Downloads/download (1)/node_modules/@aws-sdk/.middleware-ssec-XaDxO5lo',
1240 silly reify   '/Users/timofey/Downloads/download (1)/node_modules/@aws-sdk/middleware-user-agent': '/Users/timofey/Downloads/download (1)/node_modules/@aws-sdk/.middleware-user-agent-mPdVUjws',
1240 silly reify   '/Users/timofey/Downloads/download (1)/node_modules/@aws-sdk/nested-clients': '/Users/timofey/Downloads/download (1)/node_modules/@aws-sdk/.nested-clients-W6Vvl7w8',
1240 silly reify   '/Users/timofey/Downloads/download (1)/node_modules/@aws-sdk/s3-request-presigner': '/Users/timofey/Downloads/download (1)/node_modules/@aws-sdk/.s3-request-presigner-P4S0p3dd',
1240 silly reify   '/Users/timofey/Downloads/download (1)/node_modules/@aws-sdk/region-config-resolver': '/Users/timofey/Downloads/download (1)/node_modules/@aws-sdk/.region-config-resolver-Yy0YpRme',
1240 silly reify   '/Users/timofey/Downloads/download (1)/node_modules/@aws-sdk/signature-v4-multi-region': '/Users/timofey/Downloads/download (1)/node_modules/@aws-sdk/.signature-v4-multi-region-9oFCL1Ez',
1240 silly reify   '/Users/timofey/Downloads/download (1)/node_modules/@aws-sdk/token-providers': '/Users/timofey/Downloads/download (1)/node_modules/@aws-sdk/.token-providers-M2S1Wfm4',
1240 silly reify   '/Users/timofey/Downloads/download (1)/node_modules/@aws-sdk/util-arn-parser': '/Users/timofey/Downloads/download (1)/node_modules/@aws-sdk/.util-arn-parser-NaZCA5D1',
1240 silly reify   '/Users/timofey/Downloads/download (1)/node_modules/@aws-sdk/types': '/Users/timofey/Downloads/download (1)/node_modules/@aws-sdk/.types-g4THlrqs',
1240 silly reify   '/Users/timofey/Downloads/download (1)/node_modules/@aws-sdk/util-endpoints': '/Users/timofey/Downloads/download (1)/node_modules/@aws-sdk/.util-endpoints-pfcHeGuN',
1240 silly reify   '/Users/timofey/Downloads/download (1)/node_modules/@aws-sdk/util-format-url': '/Users/timofey/Downloads/download (1)/node_modules/@aws-sdk/.util-format-url-qHb6X44m',
1240 silly reify   '/Users/timofey/Downloads/download (1)/node_modules/@aws-sdk/util-locate-window': '/Users/timofey/Downloads/download (1)/node_modules/@aws-sdk/.util-locate-window-TyTrj3tj',
1240 silly reify   '/Users/timofey/Downloads/download (1)/node_modules/@aws-sdk/util-user-agent-node': '/Users/timofey/Downloads/download (1)/node_modules/@aws-sdk/.util-user-agent-node-gPRkXI1b',
1240 silly reify   '/Users/timofey/Downloads/download (1)/node_modules/@aws-sdk/util-user-agent-browser': '/Users/timofey/Downloads/download (1)/node_modules/@aws-sdk/.util-user-agent-browser-fOAZRQFI',
1240 silly reify   '/Users/timofey/Downloads/download (1)/node_modules/@aws-sdk/xml-builder': '/Users/timofey/Downloads/download (1)/node_modules/@aws-sdk/.xml-builder-P8jb3NvO',
1240 silly reify   '/Users/timofey/Downloads/download (1)/node_modules/@babel/runtime': '/Users/timofey/Downloads/download (1)/node_modules/@babel/.runtime-4BiPZsdT',
1240 silly reify   '/Users/timofey/Downloads/download (1)/node_modules/@cypress/request': '/Users/timofey/Downloads/download (1)/node_modules/@cypress/.request-1jx9rs9a',
1240 silly reify   '/Users/timofey/Downloads/download (1)/node_modules/@cypress/request-promise': '/Users/timofey/Downloads/download (1)/node_modules/@cypress/.request-promise-Kcetei8b',
1240 silly reify   '/Users/timofey/Downloads/download (1)/node_modules/@eslint/eslintrc': '/Users/timofey/Downloads/download (1)/node_modules/@eslint/.eslintrc-aFl4L6yp',
1240 silly reify   '/Users/timofey/Downloads/download (1)/node_modules/@eslint/js': '/Users/timofey/Downloads/download (1)/node_modules/@eslint/.js-Is3O514D',
1240 silly reify   '/Users/timofey/Downloads/download (1)/node_modules/@eslint-community/eslint-utils': '/Users/timofey/Downloads/download (1)/node_modules/@eslint-community/.eslint-utils-AsraQut3',
1240 silly reify   '/Users/timofey/Downloads/download (1)/node_modules/@eslint-community/regexpp': '/Users/timofey/Downloads/download (1)/node_modules/@eslint-community/.regexpp-XWpZ2PGp',
1240 silly reify   '/Users/timofey/Downloads/download (1)/node_modules/@firebase/app-types': '/Users/timofey/Downloads/download (1)/node_modules/@firebase/.app-types-OQSGjQSy',
1240 silly reify   '/Users/timofey/Downloads/download (1)/node_modules/@firebase/auth-interop-types': '/Users/timofey/Downloads/download (1)/node_modules/@firebase/.auth-interop-types-KWoRBK1a',
1240 silly reify   '/Users/timofey/Downloads/download (1)/node_modules/@firebase/app-check-interop-types': '/Users/timofey/Downloads/download (1)/node_modules/@firebase/.app-check-interop-types-xndAJ9ta',
1240 silly reify   '/Users/timofey/Downloads/download (1)/node_modules/@firebase/component': '/Users/timofey/Downloads/download (1)/node_modules/@firebase/.component-iPdHTSq4',
1240 silly reify   '/Users/timofey/Downloads/download (1)/node_modules/@firebase/database': '/Users/timofey/Downloads/download (1)/node_modules/@firebase/.database-QDO8XqNN',
1240 silly reify   '/Users/timofey/Downloads/download (1)/node_modules/@firebase/database-compat': '/Users/timofey/Downloads/download (1)/node_modules/@firebase/.database-compat-1RRDcBq3',
1240 silly reify   '/Users/timofey/Downloads/download (1)/node_modules/@firebase/database-types': '/Users/timofey/Downloads/download (1)/node_modules/@firebase/.database-types-JhasVCdE',
1240 silly reify   '/Users/timofey/Downloads/download (1)/node_modules/@firebase/logger': '/Users/timofey/Downloads/download (1)/node_modules/@firebase/.logger-JkW6Rutn',
1240 silly reify   '/Users/timofey/Downloads/download (1)/node_modules/@firebase/util': '/Users/timofey/Downloads/download (1)/node_modules/@firebase/.util-rAk7fQIs',
1240 silly reify   '/Users/timofey/Downloads/download (1)/node_modules/@floating-ui/core': '/Users/timofey/Downloads/download (1)/node_modules/@floating-ui/.core-nXjIRaWI',
1240 silly reify   '/Users/timofey/Downloads/download (1)/node_modules/@floating-ui/dom': '/Users/timofey/Downloads/download (1)/node_modules/@floating-ui/.dom-JJGakNJK',
1240 silly reify   '/Users/timofey/Downloads/download (1)/node_modules/@floating-ui/react-dom': '/Users/timofey/Downloads/download (1)/node_modules/@floating-ui/.react-dom-vE4ih0yA',
1240 silly reify   '/Users/timofey/Downloads/download (1)/node_modules/@floating-ui/utils': '/Users/timofey/Downloads/download (1)/node_modules/@floating-ui/.utils-hh7rmyfN',
1240 silly reify   '/Users/timofey/Downloads/download (1)/node_modules/@google/generative-ai': '/Users/timofey/Downloads/download (1)/node_modules/@google/.generative-ai-LaKjc3aR',
1240 silly reify   '/Users/timofey/Downloads/download (1)/node_modules/@grpc/proto-loader': '/Users/timofey/Downloads/download (1)/node_modules/@grpc/.proto-loader-4GNeLmCh',
1240 silly reify   '/Users/timofey/Downloads/download (1)/node_modules/@hookform/resolvers': '/Users/timofey/Downloads/download (1)/node_modules/@hookform/.resolvers-WkbytVxS',
1240 silly reify   '/Users/timofey/Downloads/download (1)/node_modules/@humanwhocodes/module-importer': '/Users/timofey/Downloads/download (1)/node_modules/@humanwhocodes/.module-importer-94kpG9sJ',
1240 silly reify   '/Users/timofey/Downloads/download (1)/node_modules/@humanwhocodes/config-array': '/Users/timofey/Downloads/download (1)/node_modules/@humanwhocodes/.config-array-kPIDBlMB',
1240 silly reify   '/Users/timofey/Downloads/download (1)/node_modules/@humanwhocodes/object-schema': '/Users/timofey/Downloads/download (1)/node_modules/@humanwhocodes/.object-schema-HmJyhxAj',
1240 silly reify   '/Users/timofey/Downloads/download (1)/node_modules/@jridgewell/gen-mapping': '/Users/timofey/Downloads/download (1)/node_modules/@jridgewell/.gen-mapping-K3ojq5Fl',
1240 silly reify   '/Users/timofey/Downloads/download (1)/node_modules/@jridgewell/resolve-uri': '/Users/timofey/Downloads/download (1)/node_modules/@jridgewell/.resolve-uri-JhWtleuh',
1240 silly reify   '/Users/timofey/Downloads/download (1)/node_modules/@jridgewell/source-map': '/Users/timofey/Downloads/download (1)/node_modules/@jridgewell/.source-map-VsYD63Yz',
1240 silly reify   '/Users/timofey/Downloads/download (1)/node_modules/@jridgewell/sourcemap-codec': '/Users/timofey/Downloads/download (1)/node_modules/@jridgewell/.sourcemap-codec-wwyHRh0L',
1240 silly reify   '/Users/timofey/Downloads/download (1)/node_modules/@jridgewell/trace-mapping': '/Users/timofey/Downloads/download (1)/node_modules/@jridgewell/.trace-mapping-GlNhBjUm',
1240 silly reify   '/Users/timofey/Downloads/download (1)/node_modules/@isaacs/cliui': '/Users/timofey/Downloads/download (1)/node_modules/@isaacs/.cliui-qDJyip4c',
1240 silly reify   '/Users/timofey/Downloads/download (1)/node_modules/@napi-rs/canvas': '/Users/timofey/Downloads/download (1)/node_modules/@napi-rs/.canvas-BVpPNsnv',
1240 silly reify   '/Users/timofey/Downloads/download (1)/node_modules/@napi-rs/canvas-darwin-x64': '/Users/timofey/Downloads/download (1)/node_modules/@napi-rs/.canvas-darwin-x64-fcMjNKQt',
1240 silly reify   '/Users/timofey/Downloads/download (1)/node_modules/@next/eslint-plugin-next': '/Users/timofey/Downloads/download (1)/node_modules/@next/.eslint-plugin-next-YMEZ7c7u',
1240 silly reify   '/Users/timofey/Downloads/download (1)/node_modules/@next/env': '/Users/timofey/Downloads/download (1)/node_modules/@next/.env-MGLuVrZ2',
1240 silly reify   '/Users/timofey/Downloads/download (1)/node_modules/@next/swc-darwin-x64': '/Users/timofey/Downloads/download (1)/node_modules/@next/.swc-darwin-x64-JMnBrkHf',
1240 silly reify   '/Users/timofey/Downloads/download (1)/node_modules/@nodelib/fs.scandir': '/Users/timofey/Downloads/download (1)/node_modules/@nodelib/.fs.scandir-PqtR6Bzo',
1240 silly reify   '/Users/timofey/Downloads/download (1)/node_modules/@nodelib/fs.stat': '/Users/timofey/Downloads/download (1)/node_modules/@nodelib/.fs.stat-Fd6B0S5v',
1240 silly reify   '/Users/timofey/Downloads/download (1)/node_modules/@nodelib/fs.walk': '/Users/timofey/Downloads/download (1)/node_modules/@nodelib/.fs.walk-Cko6GE9Y',
1240 silly reify   '/Users/timofey/Downloads/download (1)/node_modules/@nolyfill/is-core-module': '/Users/timofey/Downloads/download (1)/node_modules/@nolyfill/.is-core-module-NHLW0Gtq',
1240 silly reify   '/Users/timofey/Downloads/download (1)/node_modules/@pdf-lib/standard-fonts': '/Users/timofey/Downloads/download (1)/node_modules/@pdf-lib/.standard-fonts-KzVBwuWU',
1240 silly reify   '/Users/timofey/Downloads/download (1)/node_modules/@pdf-lib/upng': '/Users/timofey/Downloads/download (1)/node_modules/@pdf-lib/.upng-xkUMP75j',
1240 silly reify   '/Users/timofey/Downloads/download (1)/node_modules/@pkgjs/parseargs': '/Users/timofey/Downloads/download (1)/node_modules/@pkgjs/.parseargs-FfPoTJpE',
1240 silly reify   '/Users/timofey/Downloads/download (1)/node_modules/@protobufjs/aspromise': '/Users/timofey/Downloads/download (1)/node_modules/@protobufjs/.aspromise-CdFoBgIc',
1240 silly reify   '/Users/timofey/Downloads/download (1)/node_modules/@protobufjs/base64': '/Users/timofey/Downloads/download (1)/node_modules/@protobufjs/.base64-G8Cuf8pD',
1240 silly reify   '/Users/timofey/Downloads/download (1)/node_modules/@protobufjs/codegen': '/Users/timofey/Downloads/download (1)/node_modules/@protobufjs/.codegen-G2uwz1u3',
1240 silly reify   '/Users/timofey/Downloads/download (1)/node_modules/@protobufjs/eventemitter': '/Users/timofey/Downloads/download (1)/node_modules/@protobufjs/.eventemitter-vQs1d7d0',
1240 silly reify   '/Users/timofey/Downloads/download (1)/node_modules/@protobufjs/fetch': '/Users/timofey/Downloads/download (1)/node_modules/@protobufjs/.fetch-OC7n4EGS',
1240 silly reify   '/Users/timofey/Downloads/download (1)/node_modules/@protobufjs/float': '/Users/timofey/Downloads/download (1)/node_modules/@protobufjs/.float-8qTJJTah',
1240 silly reify   '/Users/timofey/Downloads/download (1)/node_modules/@protobufjs/inquire': '/Users/timofey/Downloads/download (1)/node_modules/@protobufjs/.inquire-ek8d7ITx',
1240 silly reify   '/Users/timofey/Downloads/download (1)/node_modules/@protobufjs/path': '/Users/timofey/Downloads/download (1)/node_modules/@protobufjs/.path-BUZifgMJ',
1240 silly reify   '/Users/timofey/Downloads/download (1)/node_modules/@protobufjs/pool': '/Users/timofey/Downloads/download (1)/node_modules/@protobufjs/.pool-cC0q1exh',
1240 silly reify   '/Users/timofey/Downloads/download (1)/node_modules/@protobufjs/utf8': '/Users/timofey/Downloads/download (1)/node_modules/@protobufjs/.utf8-sFEkrSt5',
1240 silly reify   '/Users/timofey/Downloads/download (1)/node_modules/@radix-ui/number': '/Users/timofey/Downloads/download (1)/node_modules/@radix-ui/.number-Qs5yLRdZ',
1240 silly reify   '/Users/timofey/Downloads/download (1)/node_modules/@radix-ui/primitive': '/Users/timofey/Downloads/download (1)/node_modules/@radix-ui/.primitive-NNLVJZUV',
1240 silly reify   '/Users/timofey/Downloads/download (1)/node_modules/@radix-ui/react-alert-dialog': '/Users/timofey/Downloads/download (1)/node_modules/@radix-ui/.react-alert-dialog-21H0HeS3',
1240 silly reify   '/Users/timofey/Downloads/download (1)/node_modules/@radix-ui/react-accordion': '/Users/timofey/Downloads/download (1)/node_modules/@radix-ui/.react-accordion-7sh3hrlr',
1240 silly reify   '/Users/timofey/Downloads/download (1)/node_modules/@radix-ui/react-arrow': '/Users/timofey/Downloads/download (1)/node_modules/@radix-ui/.react-arrow-2wKaz2GA',
1240 silly reify   '/Users/timofey/Downloads/download (1)/node_modules/@radix-ui/react-avatar': '/Users/timofey/Downloads/download (1)/node_modules/@radix-ui/.react-avatar-ySvzd7kb',
1240 silly reify   '/Users/timofey/Downloads/download (1)/node_modules/@radix-ui/react-checkbox': '/Users/timofey/Downloads/download (1)/node_modules/@radix-ui/.react-checkbox-0hD0x1tE',
1240 silly reify   '/Users/timofey/Downloads/download (1)/node_modules/@radix-ui/react-collapsible': '/Users/timofey/Downloads/download (1)/node_modules/@radix-ui/.react-collapsible-UWyAjEPh',
1240 silly reify   '/Users/timofey/Downloads/download (1)/node_modules/@radix-ui/react-compose-refs': '/Users/timofey/Downloads/download (1)/node_modules/@radix-ui/.react-compose-refs-xHtWD8yJ',
1240 silly reify   '/Users/timofey/Downloads/download (1)/node_modules/@radix-ui/react-context': '/Users/timofey/Downloads/download (1)/node_modules/@radix-ui/.react-context-Is0lXNqq',
1240 silly reify   '/Users/timofey/Downloads/download (1)/node_modules/@radix-ui/react-dialog': '/Users/timofey/Downloads/download (1)/node_modules/@radix-ui/.react-dialog-unwPEqtv',
1240 silly reify   '/Users/timofey/Downloads/download (1)/node_modules/@radix-ui/react-collection': '/Users/timofey/Downloads/download (1)/node_modules/@radix-ui/.react-collection-grV5fmJH',
1240 silly reify   '/Users/timofey/Downloads/download (1)/node_modules/@radix-ui/react-direction': '/Users/timofey/Downloads/download (1)/node_modules/@radix-ui/.react-direction-Chpvh2jX',
1240 silly reify   '/Users/timofey/Downloads/download (1)/node_modules/@radix-ui/react-dropdown-menu': '/Users/timofey/Downloads/download (1)/node_modules/@radix-ui/.react-dropdown-menu-itIilt7u',
1240 silly reify   '/Users/timofey/Downloads/download (1)/node_modules/@radix-ui/react-dismissable-layer': '/Users/timofey/Downloads/download (1)/node_modules/@radix-ui/.react-dismissable-layer-66sxb5Nb',
1240 silly reify   '/Users/timofey/Downloads/download (1)/node_modules/@radix-ui/react-focus-guards': '/Users/timofey/Downloads/download (1)/node_modules/@radix-ui/.react-focus-guards-iqbfhMT0',
1240 silly reify   '/Users/timofey/Downloads/download (1)/node_modules/@radix-ui/react-focus-scope': '/Users/timofey/Downloads/download (1)/node_modules/@radix-ui/.react-focus-scope-d9GZi9nc',
1240 silly reify   '/Users/timofey/Downloads/download (1)/node_modules/@radix-ui/react-id': '/Users/timofey/Downloads/download (1)/node_modules/@radix-ui/.react-id-kjHTP5Xo',
1240 silly reify   '/Users/timofey/Downloads/download (1)/node_modules/@radix-ui/react-label': '/Users/timofey/Downloads/download (1)/node_modules/@radix-ui/.react-label-cSjFRNUV',
1240 silly reify   '/Users/timofey/Downloads/download (1)/node_modules/@radix-ui/react-menu': '/Users/timofey/Downloads/download (1)/node_modules/@radix-ui/.react-menu-KatFskP4',
1240 silly reify   '/Users/timofey/Downloads/download (1)/node_modules/@radix-ui/react-menubar': '/Users/timofey/Downloads/download (1)/node_modules/@radix-ui/.react-menubar-S5IIdh55',
1240 silly reify   '/Users/timofey/Downloads/download (1)/node_modules/@radix-ui/react-popover': '/Users/timofey/Downloads/download (1)/node_modules/@radix-ui/.react-popover-abXZPWB9',
1240 silly reify   '/Users/timofey/Downloads/download (1)/node_modules/@radix-ui/react-popper': '/Users/timofey/Downloads/download (1)/node_modules/@radix-ui/.react-popper-KbzFKxRB',
1240 silly reify   '/Users/timofey/Downloads/download (1)/node_modules/@radix-ui/react-portal': '/Users/timofey/Downloads/download (1)/node_modules/@radix-ui/.react-portal-CvO5Xbzl',
1240 silly reify   '/Users/timofey/Downloads/download (1)/node_modules/@radix-ui/react-presence': '/Users/timofey/Downloads/download (1)/node_modules/@radix-ui/.react-presence-dWYCbFkI',
1240 silly reify   '/Users/timofey/Downloads/download (1)/node_modules/@radix-ui/react-primitive': '/Users/timofey/Downloads/download (1)/node_modules/@radix-ui/.react-primitive-pfkzHkwe',
1240 silly reify   '/Users/timofey/Downloads/download (1)/node_modules/@radix-ui/react-progress': '/Users/timofey/Downloads/download (1)/node_modules/@radix-ui/.react-progress-NTCz4jdr',
1240 silly reify   '/Users/timofey/Downloads/download (1)/node_modules/@radix-ui/react-radio-group': '/Users/timofey/Downloads/download (1)/node_modules/@radix-ui/.react-radio-group-XZ9Libn3',
1240 silly reify   '/Users/timofey/Downloads/download (1)/node_modules/@radix-ui/react-roving-focus': '/Users/timofey/Downloads/download (1)/node_modules/@radix-ui/.react-roving-focus-RbJzThXK',
1240 silly reify   '/Users/timofey/Downloads/download (1)/node_modules/@radix-ui/react-scroll-area': '/Users/timofey/Downloads/download (1)/node_modules/@radix-ui/.react-scroll-area-tBpZbz1w',
1240 silly reify   '/Users/timofey/Downloads/download (1)/node_modules/@radix-ui/react-separator': '/Users/timofey/Downloads/download (1)/node_modules/@radix-ui/.react-separator-3RKPGIKf',
1240 silly reify   '/Users/timofey/Downloads/download (1)/node_modules/@radix-ui/react-slider': '/Users/timofey/Downloads/download (1)/node_modules/@radix-ui/.react-slider-8Oj3cEhG',
1240 silly reify   '/Users/timofey/Downloads/download (1)/node_modules/@radix-ui/react-select': '/Users/timofey/Downloads/download (1)/node_modules/@radix-ui/.react-select-PWAOEFDQ',
1240 silly reify   '/Users/timofey/Downloads/download (1)/node_modules/@radix-ui/react-slot': '/Users/timofey/Downloads/download (1)/node_modules/@radix-ui/.react-slot-ruz4wTcB',
1240 silly reify   '/Users/timofey/Downloads/download (1)/node_modules/@radix-ui/react-switch': '/Users/timofey/Downloads/download (1)/node_modules/@radix-ui/.react-switch-oVnen1DK',
1240 silly reify   '/Users/timofey/Downloads/download (1)/node_modules/@radix-ui/react-tabs': '/Users/timofey/Downloads/download (1)/node_modules/@radix-ui/.react-tabs-wIHmSh5S',
1240 silly reify   '/Users/timofey/Downloads/download (1)/node_modules/@radix-ui/react-toast': '/Users/timofey/Downloads/download (1)/node_modules/@radix-ui/.react-toast-wXbX3mPc',
1240 silly reify   '/Users/timofey/Downloads/download (1)/node_modules/@radix-ui/react-tooltip': '/Users/timofey/Downloads/download (1)/node_modules/@radix-ui/.react-tooltip-nPaimyK5',
1240 silly reify   '/Users/timofey/Downloads/download (1)/node_modules/@radix-ui/react-use-callback-ref': '/Users/timofey/Downloads/download (1)/node_modules/@radix-ui/.react-use-callback-ref-IyRlvyiR',
1240 silly reify   '/Users/timofey/Downloads/download (1)/node_modules/@radix-ui/react-use-controllable-state': '/Users/timofey/Downloads/download (1)/node_modules/@radix-ui/.react-use-controllable-state-bMdOVH5Y',
1240 silly reify   '/Users/timofey/Downloads/download (1)/node_modules/@radix-ui/react-use-effect-event': '/Users/timofey/Downloads/download (1)/node_modules/@radix-ui/.react-use-effect-event-sHC9qUaB',
1240 silly reify   '/Users/timofey/Downloads/download (1)/node_modules/@radix-ui/react-use-escape-keydown': '/Users/timofey/Downloads/download (1)/node_modules/@radix-ui/.react-use-escape-keydown-sVJBhMw9',
1240 silly reify   '/Users/timofey/Downloads/download (1)/node_modules/@radix-ui/react-use-is-hydrated': '/Users/timofey/Downloads/download (1)/node_modules/@radix-ui/.react-use-is-hydrated-QdGEQ9DQ',
1240 silly reify   '/Users/timofey/Downloads/download (1)/node_modules/@radix-ui/react-use-layout-effect': '/Users/timofey/Downloads/download (1)/node_modules/@radix-ui/.react-use-layout-effect-3Fpg3ocy',
1240 silly reify   '/Users/timofey/Downloads/download (1)/node_modules/@radix-ui/react-use-previous': '/Users/timofey/Downloads/download (1)/node_modules/@radix-ui/.react-use-previous-wCHquipR',
1240 silly reify   '/Users/timofey/Downloads/download (1)/node_modules/@radix-ui/react-use-rect': '/Users/timofey/Downloads/download (1)/node_modules/@radix-ui/.react-use-rect-64gPdear',
1240 silly reify   '/Users/timofey/Downloads/download (1)/node_modules/@radix-ui/react-use-size': '/Users/timofey/Downloads/download (1)/node_modules/@radix-ui/.react-use-size-RVJnNHvH',
1240 silly reify   '/Users/timofey/Downloads/download (1)/node_modules/@radix-ui/react-visually-hidden': '/Users/timofey/Downloads/download (1)/node_modules/@radix-ui/.react-visually-hidden-u3V13pFB',
1240 silly reify   '/Users/timofey/Downloads/download (1)/node_modules/@react-pdf/font': '/Users/timofey/Downloads/download (1)/node_modules/@react-pdf/.font-0uooHpZG',
1240 silly reify   '/Users/timofey/Downloads/download (1)/node_modules/@react-pdf/fns': '/Users/timofey/Downloads/download (1)/node_modules/@react-pdf/.fns-JRERt0p0',
1240 silly reify   '/Users/timofey/Downloads/download (1)/node_modules/@react-pdf/image': '/Users/timofey/Downloads/download (1)/node_modules/@react-pdf/.image-gMeFiACu',
1240 silly reify   '/Users/timofey/Downloads/download (1)/node_modules/@radix-ui/rect': '/Users/timofey/Downloads/download (1)/node_modules/@radix-ui/.rect-YheJySqh',
1240 silly reify   '/Users/timofey/Downloads/download (1)/node_modules/@react-pdf/layout': '/Users/timofey/Downloads/download (1)/node_modules/@react-pdf/.layout-5LokuroN',
1240 silly reify   '/Users/timofey/Downloads/download (1)/node_modules/@react-pdf/png-js': '/Users/timofey/Downloads/download (1)/node_modules/@react-pdf/.png-js-lLm7ljH8',
1240 silly reify   '/Users/timofey/Downloads/download (1)/node_modules/@react-pdf/pdfkit': '/Users/timofey/Downloads/download (1)/node_modules/@react-pdf/.pdfkit-e4Tne97V',
1240 silly reify   '/Users/timofey/Downloads/download (1)/node_modules/@react-pdf/primitives': '/Users/timofey/Downloads/download (1)/node_modules/@react-pdf/.primitives-UmxcOZJl',
1240 silly reify   '/Users/timofey/Downloads/download (1)/node_modules/@react-pdf/render': '/Users/timofey/Downloads/download (1)/node_modules/@react-pdf/.render-ZsBuYwGC',
1240 silly reify   '/Users/timofey/Downloads/download (1)/node_modules/@react-pdf/renderer': '/Users/timofey/Downloads/download (1)/node_modules/@react-pdf/.renderer-Rza5qxUw',
1240 silly reify   '/Users/timofey/Downloads/download (1)/node_modules/@react-pdf/stylesheet': '/Users/timofey/Downloads/download (1)/node_modules/@react-pdf/.stylesheet-4brdlupQ',
1240 silly reify   '/Users/timofey/Downloads/download (1)/node_modules/@react-pdf/textkit': '/Users/timofey/Downloads/download (1)/node_modules/@react-pdf/.textkit-VGrt9Wb3',
1240 silly reify   '/Users/timofey/Downloads/download (1)/node_modules/@react-pdf/types': '/Users/timofey/Downloads/download (1)/node_modules/@react-pdf/.types-8d6BvHwO',
1240 silly reify   '/Users/timofey/Downloads/download (1)/node_modules/@rtsao/scc': '/Users/timofey/Downloads/download (1)/node_modules/@rtsao/.scc-2uylSF9U',
1240 silly reify   '/Users/timofey/Downloads/download (1)/node_modules/@rushstack/eslint-patch': '/Users/timofey/Downloads/download (1)/node_modules/@rushstack/.eslint-patch-fEr8bbfe',
1240 silly reify   '/Users/timofey/Downloads/download (1)/node_modules/@smithy/abort-controller': '/Users/timofey/Downloads/download (1)/node_modules/@smithy/.abort-controller-sIfUFzjl',
1240 silly reify   '/Users/timofey/Downloads/download (1)/node_modules/@smithy/chunked-blob-reader': '/Users/timofey/Downloads/download (1)/node_modules/@smithy/.chunked-blob-reader-JhMxIH2H',
1240 silly reify   '/Users/timofey/Downloads/download (1)/node_modules/@smithy/config-resolver': '/Users/timofey/Downloads/download (1)/node_modules/@smithy/.config-resolver-bD4u0bLu',
1240 silly reify   '/Users/timofey/Downloads/download (1)/node_modules/@smithy/chunked-blob-reader-native': '/Users/timofey/Downloads/download (1)/node_modules/@smithy/.chunked-blob-reader-native-7FI9qMvV',
1240 silly reify   '/Users/timofey/Downloads/download (1)/node_modules/@smithy/core': '/Users/timofey/Downloads/download (1)/node_modules/@smithy/.core-E9YRlbbX',
1240 silly reify   '/Users/timofey/Downloads/download (1)/node_modules/@smithy/credential-provider-imds': '/Users/timofey/Downloads/download (1)/node_modules/@smithy/.credential-provider-imds-dH8XIgm1',
1240 silly reify   '/Users/timofey/Downloads/download (1)/node_modules/@smithy/eventstream-codec': '/Users/timofey/Downloads/download (1)/node_modules/@smithy/.eventstream-codec-8V2i6rfa',
1240 silly reify   '/Users/timofey/Downloads/download (1)/node_modules/@smithy/eventstream-serde-browser': '/Users/timofey/Downloads/download (1)/node_modules/@smithy/.eventstream-serde-browser-dENlBEiX',
1240 silly reify   '/Users/timofey/Downloads/download (1)/node_modules/@smithy/eventstream-serde-config-resolver': '/Users/timofey/Downloads/download (1)/node_modules/@smithy/.eventstream-serde-config-resolver-Mj6pzlwL',
1240 silly reify   '/Users/timofey/Downloads/download (1)/node_modules/@smithy/eventstream-serde-node': '/Users/timofey/Downloads/download (1)/node_modules/@smithy/.eventstream-serde-node-z4F7sX5t',
1240 silly reify   '/Users/timofey/Downloads/download (1)/node_modules/@smithy/eventstream-serde-universal': '/Users/timofey/Downloads/download (1)/node_modules/@smithy/.eventstream-serde-universal-uF2umpce',
1240 silly reify   '/Users/timofey/Downloads/download (1)/node_modules/@smithy/fetch-http-handler': '/Users/timofey/Downloads/download (1)/node_modules/@smithy/.fetch-http-handler-MK1TiRP9',
1240 silly reify   '/Users/timofey/Downloads/download (1)/node_modules/@smithy/hash-blob-browser': '/Users/timofey/Downloads/download (1)/node_modules/@smithy/.hash-blob-browser-z6N5aF11',
1240 silly reify   '/Users/timofey/Downloads/download (1)/node_modules/@smithy/hash-node': '/Users/timofey/Downloads/download (1)/node_modules/@smithy/.hash-node-wChS7Jm0',
1240 silly reify   '/Users/timofey/Downloads/download (1)/node_modules/@smithy/hash-stream-node': '/Users/timofey/Downloads/download (1)/node_modules/@smithy/.hash-stream-node-0iYmGcmq',
1240 silly reify   '/Users/timofey/Downloads/download (1)/node_modules/@smithy/invalid-dependency': '/Users/timofey/Downloads/download (1)/node_modules/@smithy/.invalid-dependency-iI0FJ6Xi',
1240 silly reify   '/Users/timofey/Downloads/download (1)/node_modules/@smithy/is-array-buffer': '/Users/timofey/Downloads/download (1)/node_modules/@smithy/.is-array-buffer-ZyktWkNM',
1240 silly reify   '/Users/timofey/Downloads/download (1)/node_modules/@smithy/md5-js': '/Users/timofey/Downloads/download (1)/node_modules/@smithy/.md5-js-4OWgWto6',
1240 silly reify   '/Users/timofey/Downloads/download (1)/node_modules/@smithy/middleware-content-length': '/Users/timofey/Downloads/download (1)/node_modules/@smithy/.middleware-content-length-bByltPlk',
1240 silly reify   '/Users/timofey/Downloads/download (1)/node_modules/@smithy/middleware-endpoint': '/Users/timofey/Downloads/download (1)/node_modules/@smithy/.middleware-endpoint-lURa3A2Z',
1240 silly reify   '/Users/timofey/Downloads/download (1)/node_modules/@smithy/middleware-retry': '/Users/timofey/Downloads/download (1)/node_modules/@smithy/.middleware-retry-10tsHZH9',
1240 silly reify   '/Users/timofey/Downloads/download (1)/node_modules/@smithy/middleware-serde': '/Users/timofey/Downloads/download (1)/node_modules/@smithy/.middleware-serde-c4ociz9K',
1240 silly reify   '/Users/timofey/Downloads/download (1)/node_modules/@smithy/middleware-stack': '/Users/timofey/Downloads/download (1)/node_modules/@smithy/.middleware-stack-OBBkaZAR',
1240 silly reify   '/Users/timofey/Downloads/download (1)/node_modules/@smithy/node-config-provider': '/Users/timofey/Downloads/download (1)/node_modules/@smithy/.node-config-provider-iGN12I2q',
1240 silly reify   '/Users/timofey/Downloads/download (1)/node_modules/@smithy/property-provider': '/Users/timofey/Downloads/download (1)/node_modules/@smithy/.property-provider-DPTezG8m',
1240 silly reify   '/Users/timofey/Downloads/download (1)/node_modules/@smithy/protocol-http': '/Users/timofey/Downloads/download (1)/node_modules/@smithy/.protocol-http-vd28Hdt6',
1240 silly reify   '/Users/timofey/Downloads/download (1)/node_modules/@smithy/node-http-handler': '/Users/timofey/Downloads/download (1)/node_modules/@smithy/.node-http-handler-BpZOJZTd',
1240 silly reify   '/Users/timofey/Downloads/download (1)/node_modules/@smithy/querystring-builder': '/Users/timofey/Downloads/download (1)/node_modules/@smithy/.querystring-builder-5ndxMtEJ',
1240 silly reify   '/Users/timofey/Downloads/download (1)/node_modules/@smithy/service-error-classification': '/Users/timofey/Downloads/download (1)/node_modules/@smithy/.service-error-classification-rSP7egtR',
1240 silly reify   '/Users/timofey/Downloads/download (1)/node_modules/@smithy/shared-ini-file-loader': '/Users/timofey/Downloads/download (1)/node_modules/@smithy/.shared-ini-file-loader-pJ9y4AqS',
1240 silly reify   '/Users/timofey/Downloads/download (1)/node_modules/@smithy/signature-v4': '/Users/timofey/Downloads/download (1)/node_modules/@smithy/.signature-v4-kedxjsIp',
1240 silly reify   '/Users/timofey/Downloads/download (1)/node_modules/@smithy/querystring-parser': '/Users/timofey/Downloads/download (1)/node_modules/@smithy/.querystring-parser-hW6fafYp',
1240 silly reify   '/Users/timofey/Downloads/download (1)/node_modules/@smithy/smithy-client': '/Users/timofey/Downloads/download (1)/node_modules/@smithy/.smithy-client-4OdCTzMH',
1240 silly reify   '/Users/timofey/Downloads/download (1)/node_modules/@smithy/types': '/Users/timofey/Downloads/download (1)/node_modules/@smithy/.types-L0eJUkir',
1240 silly reify   '/Users/timofey/Downloads/download (1)/node_modules/@smithy/url-parser': '/Users/timofey/Downloads/download (1)/node_modules/@smithy/.url-parser-iyzxbqz5',
1240 silly reify   '/Users/timofey/Downloads/download (1)/node_modules/@smithy/util-base64': '/Users/timofey/Downloads/download (1)/node_modules/@smithy/.util-base64-Wi6d7ONC',
1240 silly reify   '/Users/timofey/Downloads/download (1)/node_modules/@smithy/util-body-length-browser': '/Users/timofey/Downloads/download (1)/node_modules/@smithy/.util-body-length-browser-nFLDa9ES',
1240 silly reify   '/Users/timofey/Downloads/download (1)/node_modules/@smithy/util-body-length-node': '/Users/timofey/Downloads/download (1)/node_modules/@smithy/.util-body-length-node-td8lXeF1',
1240 silly reify   '/Users/timofey/Downloads/download (1)/node_modules/@smithy/util-config-provider': '/Users/timofey/Downloads/download (1)/node_modules/@smithy/.util-config-provider-y7psZj3d',
1240 silly reify   '/Users/timofey/Downloads/download (1)/node_modules/@smithy/util-buffer-from': '/Users/timofey/Downloads/download (1)/node_modules/@smithy/.util-buffer-from-LsqRv8fh',
1240 silly reify   '/Users/timofey/Downloads/download (1)/node_modules/@smithy/util-endpoints': '/Users/timofey/Downloads/download (1)/node_modules/@smithy/.util-endpoints-T7Ay3HU1',
1240 silly reify   '/Users/timofey/Downloads/download (1)/node_modules/@smithy/util-defaults-mode-node': '/Users/timofey/Downloads/download (1)/node_modules/@smithy/.util-defaults-mode-node-3k5UVF6Q',
1240 silly reify   '/Users/timofey/Downloads/download (1)/node_modules/@smithy/util-hex-encoding': '/Users/timofey/Downloads/download (1)/node_modules/@smithy/.util-hex-encoding-s1K5Csqb',
1240 silly reify   '/Users/timofey/Downloads/download (1)/node_modules/@smithy/util-middleware': '/Users/timofey/Downloads/download (1)/node_modules/@smithy/.util-middleware-9lwkqvuK',
1240 silly reify   '/Users/timofey/Downloads/download (1)/node_modules/@smithy/util-defaults-mode-browser': '/Users/timofey/Downloads/download (1)/node_modules/@smithy/.util-defaults-mode-browser-R19qKMzN',
1240 silly reify   '/Users/timofey/Downloads/download (1)/node_modules/@smithy/util-retry': '/Users/timofey/Downloads/download (1)/node_modules/@smithy/.util-retry-RjpZbyKL',
1240 silly reify   '/Users/timofey/Downloads/download (1)/node_modules/@smithy/util-stream': '/Users/timofey/Downloads/download (1)/node_modules/@smithy/.util-stream-skJScJxj',
1240 silly reify   '/Users/timofey/Downloads/download (1)/node_modules/@smithy/util-utf8': '/Users/timofey/Downloads/download (1)/node_modules/@smithy/.util-utf8-cNeJiO7N',
1240 silly reify   '/Users/timofey/Downloads/download (1)/node_modules/@smithy/util-waiter': '/Users/timofey/Downloads/download (1)/node_modules/@smithy/.util-waiter-q3F6H4k0',
1240 silly reify   '/Users/timofey/Downloads/download (1)/node_modules/@smithy/uuid': '/Users/timofey/Downloads/download (1)/node_modules/@smithy/.uuid-4d12bgbK',
1240 silly reify   '/Users/timofey/Downloads/download (1)/node_modules/@smithy/util-uri-escape': '/Users/timofey/Downloads/download (1)/node_modules/@smithy/.util-uri-escape-SkPEeIlz',
1240 silly reify   '/Users/timofey/Downloads/download (1)/node_modules/@swc/counter': '/Users/timofey/Downloads/download (1)/node_modules/@swc/.counter-wK4IgHAc',
1240 silly reify   '/Users/timofey/Downloads/download (1)/node_modules/@swc/helpers': '/Users/timofey/Downloads/download (1)/node_modules/@swc/.helpers-mFvpF3h3',
1240 silly reify   '/Users/timofey/Downloads/download (1)/node_modules/@tabler/icons': '/Users/timofey/Downloads/download (1)/node_modules/@tabler/.icons-gNQTRX1K',
1240 silly reify   '/Users/timofey/Downloads/download (1)/node_modules/@tabler/icons-react': '/Users/timofey/Downloads/download (1)/node_modules/@tabler/.icons-react-MurGeNNy',
1240 silly reify   '/Users/timofey/Downloads/download (1)/node_modules/@tailwindcss/typography': '/Users/timofey/Downloads/download (1)/node_modules/@tailwindcss/.typography-qjg2IbCK',
1240 silly reify   '/Users/timofey/Downloads/download (1)/node_modules/@tanstack/query-core': '/Users/timofey/Downloads/download (1)/node_modules/@tanstack/.query-core-Wpt8SJwr',
1240 silly reify   '/Users/timofey/Downloads/download (1)/node_modules/@tanstack/react-query': '/Users/timofey/Downloads/download (1)/node_modules/@tanstack/.react-query-za3kdgby',
1240 silly reify   '/Users/timofey/Downloads/download (1)/node_modules/@telegram-apps/init-data-node': '/Users/timofey/Downloads/download (1)/node_modules/@telegram-apps/.init-data-node-Tu33MYIm',
1240 silly reify   '/Users/timofey/Downloads/download (1)/node_modules/@telegram-apps/toolkit': '/Users/timofey/Downloads/download (1)/node_modules/@telegram-apps/.toolkit-Swv86K00',
1240 silly reify   '/Users/timofey/Downloads/download (1)/node_modules/@telegram-apps/transformers': '/Users/timofey/Downloads/download (1)/node_modules/@telegram-apps/.transformers-URJuYIK7',
1240 silly reify   '/Users/timofey/Downloads/download (1)/node_modules/@telegram-apps/types': '/Users/timofey/Downloads/download (1)/node_modules/@telegram-apps/.types-5OccKXUq',
1240 silly reify   '/Users/timofey/Downloads/download (1)/node_modules/@types/caseless': '/Users/timofey/Downloads/download (1)/node_modules/@types/.caseless-yWDYmUke',
1240 silly reify   '/Users/timofey/Downloads/download (1)/node_modules/@types/d3-array': '/Users/timofey/Downloads/download (1)/node_modules/@types/.d3-array-bqzzHQfn',
1240 silly reify   '/Users/timofey/Downloads/download (1)/node_modules/@types/d3-color': '/Users/timofey/Downloads/download (1)/node_modules/@types/.d3-color-plQPc6Ka',
1240 silly reify   '/Users/timofey/Downloads/download (1)/node_modules/@types/d3-interpolate': '/Users/timofey/Downloads/download (1)/node_modules/@types/.d3-interpolate-HXrOKgqN',
1240 silly reify   '/Users/timofey/Downloads/download (1)/node_modules/@types/d3-ease': '/Users/timofey/Downloads/download (1)/node_modules/@types/.d3-ease-85RrkL4A',
1240 silly reify   '/Users/timofey/Downloads/download (1)/node_modules/@types/d3-path': '/Users/timofey/Downloads/download (1)/node_modules/@types/.d3-path-Cj2LteKa',
1240 silly reify   '/Users/timofey/Downloads/download (1)/node_modules/@types/d3-shape': '/Users/timofey/Downloads/download (1)/node_modules/@types/.d3-shape-nZnLDa9n',
1240 silly reify   '/Users/timofey/Downloads/download (1)/node_modules/@types/d3-time': '/Users/timofey/Downloads/download (1)/node_modules/@types/.d3-time-HwYVhcYW',
1240 silly reify   '/Users/timofey/Downloads/download (1)/node_modules/@types/d3-scale': '/Users/timofey/Downloads/download (1)/node_modules/@types/.d3-scale-5jqY2jPv',
1240 silly reify   '/Users/timofey/Downloads/download (1)/node_modules/@types/d3-timer': '/Users/timofey/Downloads/download (1)/node_modules/@types/.d3-timer-jJtVgiFM',
1240 silly reify   '/Users/timofey/Downloads/download (1)/node_modules/@types/debug': '/Users/timofey/Downloads/download (1)/node_modules/@types/.debug-Ejevem2f',
1240 silly reify   '/Users/timofey/Downloads/download (1)/node_modules/@types/eslint': '/Users/timofey/Downloads/download (1)/node_modules/@types/.eslint-67QQcDCJ',
1240 silly reify   '/Users/timofey/Downloads/download (1)/node_modules/@types/eslint-scope': '/Users/timofey/Downloads/download (1)/node_modules/@types/.eslint-scope-o2BtwGSE',
1240 silly reify   '/Users/timofey/Downloads/download (1)/node_modules/@types/estree': '/Users/timofey/Downloads/download (1)/node_modules/@types/.estree-alBBNZUI',
1240 silly reify   '/Users/timofey/Downloads/download (1)/node_modules/@types/estree-jsx': '/Users/timofey/Downloads/download (1)/node_modules/@types/.estree-jsx-ZMx4amVH',
1240 silly reify   '/Users/timofey/Downloads/download (1)/node_modules/@types/file-saver': '/Users/timofey/Downloads/download (1)/node_modules/@types/.file-saver-wzSiyzTq',
1240 silly reify   '/Users/timofey/Downloads/download (1)/node_modules/@types/hast': '/Users/timofey/Downloads/download (1)/node_modules/@types/.hast-BrdDwtAu',
1240 silly reify   '/Users/timofey/Downloads/download (1)/node_modules/@types/json-schema': '/Users/timofey/Downloads/download (1)/node_modules/@types/.json-schema-mnCzCYKR',
1240 silly reify   '/Users/timofey/Downloads/download (1)/node_modules/@types/json5': '/Users/timofey/Downloads/download (1)/node_modules/@types/.json5-k0PzZlPF',
1240 silly reify   '/Users/timofey/Downloads/download (1)/node_modules/@types/lodash': '/Users/timofey/Downloads/download (1)/node_modules/@types/.lodash-o8kLngwM',
1240 silly reify   '/Users/timofey/Downloads/download (1)/node_modules/@types/mdast': '/Users/timofey/Downloads/download (1)/node_modules/@types/.mdast-N2VQD48R',
1240 silly reify   '/Users/timofey/Downloads/download (1)/node_modules/@types/ms': '/Users/timofey/Downloads/download (1)/node_modules/@types/.ms-CASZXs3S',
1240 silly reify   '/Users/timofey/Downloads/download (1)/node_modules/@types/node': '/Users/timofey/Downloads/download (1)/node_modules/@types/.node-Fjx6s3A2',
1240 silly reify   '/Users/timofey/Downloads/download (1)/node_modules/@types/node-telegram-bot-api': '/Users/timofey/Downloads/download (1)/node_modules/@types/.node-telegram-bot-api-RiNqefrg',
1240 silly reify   '/Users/timofey/Downloads/download (1)/node_modules/@types/prop-types': '/Users/timofey/Downloads/download (1)/node_modules/@types/.prop-types-Lk1zrTOR',
1240 silly reify   '/Users/timofey/Downloads/download (1)/node_modules/@types/react': '/Users/timofey/Downloads/download (1)/node_modules/@types/.react-lpnQkQJw',
1240 silly reify   '/Users/timofey/Downloads/download (1)/node_modules/@types/react-dom': '/Users/timofey/Downloads/download (1)/node_modules/@types/.react-dom-1o2Ik2rO',
1240 silly reify   '/Users/timofey/Downloads/download (1)/node_modules/@types/react-pdf': '/Users/timofey/Downloads/download (1)/node_modules/@types/.react-pdf-fOJMAzUU',
1240 silly reify   '/Users/timofey/Downloads/download (1)/node_modules/@types/request': '/Users/timofey/Downloads/download (1)/node_modules/@types/.request-Hufu4nA0',
1240 silly reify   '/Users/timofey/Downloads/download (1)/node_modules/@types/tough-cookie': '/Users/timofey/Downloads/download (1)/node_modules/@types/.tough-cookie-KSWssuvg',
1240 silly reify   '/Users/timofey/Downloads/download (1)/node_modules/@types/unist': '/Users/timofey/Downloads/download (1)/node_modules/@types/.unist-hUtHsbAq',
1240 silly reify   '/Users/timofey/Downloads/download (1)/node_modules/@types/uuid': '/Users/timofey/Downloads/download (1)/node_modules/@types/.uuid-g0WHb9A2',
1240 silly reify   '/Users/timofey/Downloads/download (1)/node_modules/@typescript-eslint/parser': '/Users/timofey/Downloads/download (1)/node_modules/@typescript-eslint/.parser-RFpY3fL7',
1240 silly reify   '/Users/timofey/Downloads/download (1)/node_modules/@typescript-eslint/scope-manager': '/Users/timofey/Downloads/download (1)/node_modules/@typescript-eslint/.scope-manager-2mLkKz5r',
1240 silly reify   '/Users/timofey/Downloads/download (1)/node_modules/@typescript-eslint/types': '/Users/timofey/Downloads/download (1)/node_modules/@typescript-eslint/.types-Mc80SFzM',
1240 silly reify   '/Users/timofey/Downloads/download (1)/node_modules/@typescript-eslint/typescript-estree': '/Users/timofey/Downloads/download (1)/node_modules/@typescript-eslint/.typescript-estree-ikssBZGM',
1240 silly reify   '/Users/timofey/Downloads/download (1)/node_modules/@typescript-eslint/visitor-keys': '/Users/timofey/Downloads/download (1)/node_modules/@typescript-eslint/.visitor-keys-Djwn2ZAf',
1240 silly reify   '/Users/timofey/Downloads/download (1)/node_modules/@ungap/structured-clone': '/Users/timofey/Downloads/download (1)/node_modules/@ungap/.structured-clone-l5S55MML',
1240 silly reify   '/Users/timofey/Downloads/download (1)/node_modules/@webassemblyjs/ast': '/Users/timofey/Downloads/download (1)/node_modules/@webassemblyjs/.ast-y6iTB28f',
1240 silly reify   '/Users/timofey/Downloads/download (1)/node_modules/@webassemblyjs/floating-point-hex-parser': '/Users/timofey/Downloads/download (1)/node_modules/@webassemblyjs/.floating-point-hex-parser-A1PVRjrz',
1240 silly reify   '/Users/timofey/Downloads/download (1)/node_modules/@webassemblyjs/helper-api-error': '/Users/timofey/Downloads/download (1)/node_modules/@webassemblyjs/.helper-api-error-sEtFsT1b',
1240 silly reify   '/Users/timofey/Downloads/download (1)/node_modules/@webassemblyjs/helper-buffer': '/Users/timofey/Downloads/download (1)/node_modules/@webassemblyjs/.helper-buffer-qxjYmD5d',
1240 silly reify   '/Users/timofey/Downloads/download (1)/node_modules/@webassemblyjs/helper-numbers': '/Users/timofey/Downloads/download (1)/node_modules/@webassemblyjs/.helper-numbers-MUqNwluh',
1240 silly reify   '/Users/timofey/Downloads/download (1)/node_modules/@webassemblyjs/helper-wasm-bytecode': '/Users/timofey/Downloads/download (1)/node_modules/@webassemblyjs/.helper-wasm-bytecode-ulJAQEC4',
1240 silly reify   '/Users/timofey/Downloads/download (1)/node_modules/@webassemblyjs/helper-wasm-section': '/Users/timofey/Downloads/download (1)/node_modules/@webassemblyjs/.helper-wasm-section-9AIOjRw3',
1240 silly reify   '/Users/timofey/Downloads/download (1)/node_modules/@webassemblyjs/ieee754': '/Users/timofey/Downloads/download (1)/node_modules/@webassemblyjs/.ieee754-uU0u9kSX',
1240 silly reify   '/Users/timofey/Downloads/download (1)/node_modules/@webassemblyjs/leb128': '/Users/timofey/Downloads/download (1)/node_modules/@webassemblyjs/.leb128-Zc5FLUQ5',
1240 silly reify   '/Users/timofey/Downloads/download (1)/node_modules/@webassemblyjs/utf8': '/Users/timofey/Downloads/download (1)/node_modules/@webassemblyjs/.utf8-ZnTUXsGU',
1240 silly reify   '/Users/timofey/Downloads/download (1)/node_modules/@webassemblyjs/wasm-edit': '/Users/timofey/Downloads/download (1)/node_modules/@webassemblyjs/.wasm-edit-4IH55OLe',
1240 silly reify   '/Users/timofey/Downloads/download (1)/node_modules/@webassemblyjs/wasm-gen': '/Users/timofey/Downloads/download (1)/node_modules/@webassemblyjs/.wasm-gen-CxwDqLl1',
1240 silly reify   '/Users/timofey/Downloads/download (1)/node_modules/@webassemblyjs/wasm-parser': '/Users/timofey/Downloads/download (1)/node_modules/@webassemblyjs/.wasm-parser-O0I5quz9',
1240 silly reify   '/Users/timofey/Downloads/download (1)/node_modules/@webassemblyjs/wast-printer': '/Users/timofey/Downloads/download (1)/node_modules/@webassemblyjs/.wast-printer-r6ZzBtyI',
1240 silly reify   '/Users/timofey/Downloads/download (1)/node_modules/@unrs/resolver-binding-darwin-x64': '/Users/timofey/Downloads/download (1)/node_modules/@unrs/.resolver-binding-darwin-x64-0LuVNn4E',
1240 silly reify   '/Users/timofey/Downloads/download (1)/node_modules/@webassemblyjs/wasm-opt': '/Users/timofey/Downloads/download (1)/node_modules/@webassemblyjs/.wasm-opt-x3l0vIhg',
1240 silly reify   '/Users/timofey/Downloads/download (1)/node_modules/@xtuc/ieee754': '/Users/timofey/Downloads/download (1)/node_modules/@xtuc/.ieee754-HYAEsiBh',
1240 silly reify   '/Users/timofey/Downloads/download (1)/node_modules/@xtuc/long': '/Users/timofey/Downloads/download (1)/node_modules/@xtuc/.long-AiYsJ5Qw',
1240 silly reify   '/Users/timofey/Downloads/download (1)/node_modules/@yarnpkg/lockfile': '/Users/timofey/Downloads/download (1)/node_modules/@yarnpkg/.lockfile-E0wZ0b0M',
1240 silly reify   '/Users/timofey/Downloads/download (1)/node_modules/agent-base': '/Users/timofey/Downloads/download (1)/node_modules/.agent-base-W5VoM1fi',
1240 silly reify   '/Users/timofey/Downloads/download (1)/node_modules/arrify': '/Users/timofey/Downloads/download (1)/node_modules/.arrify-h6dhQA9q',
1240 silly reify   '/Users/timofey/Downloads/download (1)/node_modules/abort-controller': '/Users/timofey/Downloads/download (1)/node_modules/.abort-controller-MxwScTQW',
1240 silly reify   '/Users/timofey/Downloads/download (1)/node_modules/bcryptjs': '/Users/timofey/Downloads/download (1)/node_modules/.bcryptjs-MrOImaEk',
1240 silly reify   '/Users/timofey/Downloads/download (1)/node_modules/bson': '/Users/timofey/Downloads/download (1)/node_modules/.bson-HNoGwCef',
1240 silly reify   '/Users/timofey/Downloads/download (1)/node_modules/buffer-equal-constant-time': '/Users/timofey/Downloads/download (1)/node_modules/.buffer-equal-constant-time-k7k5fHIY',
1240 silly reify   '/Users/timofey/Downloads/download (1)/node_modules/cookie': '/Users/timofey/Downloads/download (1)/node_modules/.cookie-SKl1ViWT',
1240 silly reify   '/Users/timofey/Downloads/download (1)/node_modules/async-retry': '/Users/timofey/Downloads/download (1)/node_modules/.async-retry-pH7csTAM',
1240 silly reify   '/Users/timofey/Downloads/download (1)/node_modules/event-target-shim': '/Users/timofey/Downloads/download (1)/node_modules/.event-target-shim-bdfUSWyO',
1240 silly reify   '/Users/timofey/Downloads/download (1)/node_modules/bignumber.js': '/Users/timofey/Downloads/download (1)/node_modules/.bignumber.js-s1afgA3W',
1240 silly reify   '/Users/timofey/Downloads/download (1)/node_modules/ecdsa-sig-formatter': '/Users/timofey/Downloads/download (1)/node_modules/.ecdsa-sig-formatter-oR5fZYOW',
1240 silly reify   '/Users/timofey/Downloads/download (1)/node_modules/farmhash-modern': '/Users/timofey/Downloads/download (1)/node_modules/.farmhash-modern-5TqE84WT',
1240 silly reify   '/Users/timofey/Downloads/download (1)/node_modules/duplexify': '/Users/timofey/Downloads/download (1)/node_modules/.duplexify-JDKRr3C4',
1240 silly reify   '/Users/timofey/Downloads/download (1)/node_modules/glob': '/Users/timofey/Downloads/download (1)/node_modules/.glob-bs697oE2',
1240 silly reify   '/Users/timofey/Downloads/download (1)/node_modules/.bin/glob': '/Users/timofey/Downloads/download (1)/node_modules/.bin/.glob-4qAoLWB6',
1240 silly reify   '/Users/timofey/Downloads/download (1)/node_modules/functional-red-black-tree': '/Users/timofey/Downloads/download (1)/node_modules/.functional-red-black-tree-Gp7NHTlj',
1240 silly reify   '/Users/timofey/Downloads/download (1)/node_modules/firebase-admin': '/Users/timofey/Downloads/download (1)/node_modules/.firebase-admin-6ePW6b0y',
1240 silly reify   '/Users/timofey/Downloads/download (1)/node_modules/gaxios': '/Users/timofey/Downloads/download (1)/node_modules/.gaxios-oO0D36zQ',
1240 silly reify   '/Users/timofey/Downloads/download (1)/node_modules/google-auth-library': '/Users/timofey/Downloads/download (1)/node_modules/.google-auth-library-DKeajggI',
1240 silly reify   '/Users/timofey/Downloads/download (1)/node_modules/google-logging-utils': '/Users/timofey/Downloads/download (1)/node_modules/.google-logging-utils-brLYud2r',
1240 silly reify   '/Users/timofey/Downloads/download (1)/node_modules/gtoken': '/Users/timofey/Downloads/download (1)/node_modules/.gtoken-wjls1QyN',
1240 silly reify   '/Users/timofey/Downloads/download (1)/node_modules/google-gax': '/Users/timofey/Downloads/download (1)/node_modules/.google-gax-USSc2c7p',
1240 silly reify   '/Users/timofey/Downloads/download (1)/node_modules/html-entities': '/Users/timofey/Downloads/download (1)/node_modules/.html-entities-xzZyg9ir',
1240 silly reify   '/Users/timofey/Downloads/download (1)/node_modules/http-proxy-agent': '/Users/timofey/Downloads/download (1)/node_modules/.http-proxy-agent-AjDkmPcW',
1240 silly reify   '/Users/timofey/Downloads/download (1)/node_modules/https-proxy-agent': '/Users/timofey/Downloads/download (1)/node_modules/.https-proxy-agent-kVebbAjy',
1240 silly reify   '/Users/timofey/Downloads/download (1)/node_modules/is-docker': '/Users/timofey/Downloads/download (1)/node_modules/.is-docker-rMnaywcN',
1240 silly reify   '/Users/timofey/Downloads/download (1)/node_modules/.bin/is-docker': '/Users/timofey/Downloads/download (1)/node_modules/.bin/.is-docker-rZzkBgdg',
1240 silly reify   '/Users/timofey/Downloads/download (1)/node_modules/is-stream': '/Users/timofey/Downloads/download (1)/node_modules/.is-stream-dGtAUk8E',
1240 silly reify   '/Users/timofey/Downloads/download (1)/node_modules/jiti': '/Users/timofey/Downloads/download (1)/node_modules/.jiti-809icyLa',
1240 silly reify   '/Users/timofey/Downloads/download (1)/node_modules/.bin/jiti': '/Users/timofey/Downloads/download (1)/node_modules/.bin/.jiti-aaPuYVq2',
1240 silly reify   '/Users/timofey/Downloads/download (1)/node_modules/jest-worker/node_modules/supports-color': '/Users/timofey/Downloads/download (1)/node_modules/jest-worker/node_modules/.supports-color-7qqFoRhs',
1240 silly reify   '/Users/timofey/Downloads/download (1)/node_modules/js-yaml': '/Users/timofey/Downloads/download (1)/node_modules/.js-yaml-ei5XAl6E',
1240 silly reify   '/Users/timofey/Downloads/download (1)/node_modules/.bin/js-yaml': '/Users/timofey/Downloads/download (1)/node_modules/.bin/.js-yaml-UOjYVQ8T',
1240 silly reify   '/Users/timofey/Downloads/download (1)/node_modules/json-bigint': '/Users/timofey/Downloads/download (1)/node_modules/.json-bigint-IYWaHqoX',
1240 silly reify   '/Users/timofey/Downloads/download (1)/node_modules/json5': '/Users/timofey/Downloads/download (1)/node_modules/.json5-vTlpFkXb',
1240 silly reify   '/Users/timofey/Downloads/download (1)/node_modules/.bin/json5': '/Users/timofey/Downloads/download (1)/node_modules/.bin/.json5-czg9lk6t',
1240 silly reify   '/Users/timofey/Downloads/download (1)/node_modules/jsonwebtoken': '/Users/timofey/Downloads/download (1)/node_modules/.jsonwebtoken-Ra7wQZZW',
1240 silly reify   '/Users/timofey/Downloads/download (1)/node_modules/jwa': '/Users/timofey/Downloads/download (1)/node_modules/.jwa-VSQQupfl',
1240 silly reify   '/Users/timofey/Downloads/download (1)/node_modules/jws': '/Users/timofey/Downloads/download (1)/node_modules/.jws-5J1H8wyX',
1240 silly reify   '/Users/timofey/Downloads/download (1)/node_modules/jwks-rsa': '/Users/timofey/Downloads/download (1)/node_modules/.jwks-rsa-lASLwFs4',
1240 silly reify   '/Users/timofey/Downloads/download (1)/node_modules/limiter': '/Users/timofey/Downloads/download (1)/node_modules/.limiter-G2TiPfs0',
1240 silly reify   '/Users/timofey/Downloads/download (1)/node_modules/linebreak/node_modules/base64-js': '/Users/timofey/Downloads/download (1)/node_modules/linebreak/node_modules/.base64-js-0aZ1lMqU',
1240 silly reify   '/Users/timofey/Downloads/download (1)/node_modules/lodash.clonedeep': '/Users/timofey/Downloads/download (1)/node_modules/.lodash.clonedeep-yt0CjAm6',
1240 silly reify   '/Users/timofey/Downloads/download (1)/node_modules/lodash.includes': '/Users/timofey/Downloads/download (1)/node_modules/.lodash.includes-F9chNyDS',
1240 silly reify   '/Users/timofey/Downloads/download (1)/node_modules/lodash.isboolean': '/Users/timofey/Downloads/download (1)/node_modules/.lodash.isboolean-CL5rwCMh',
1240 silly reify   '/Users/timofey/Downloads/download (1)/node_modules/lodash.isnumber': '/Users/timofey/Downloads/download (1)/node_modules/.lodash.isnumber-uGrPIelg',
1240 silly reify   '/Users/timofey/Downloads/download (1)/node_modules/lodash.isinteger': '/Users/timofey/Downloads/download (1)/node_modules/.lodash.isinteger-cAm73sRw',
1240 silly reify   '/Users/timofey/Downloads/download (1)/node_modules/lodash.isstring': '/Users/timofey/Downloads/download (1)/node_modules/.lodash.isstring-PdprrqY0',
1240 silly reify   '/Users/timofey/Downloads/download (1)/node_modules/lodash.isplainobject': '/Users/timofey/Downloads/download (1)/node_modules/.lodash.isplainobject-gkwgktXc',
1240 silly reify   '/Users/timofey/Downloads/download (1)/node_modules/lodash.once': '/Users/timofey/Downloads/download (1)/node_modules/.lodash.once-9b4O7y6O',
1240 silly reify   '/Users/timofey/Downloads/download (1)/node_modules/loose-envify': '/Users/timofey/Downloads/download (1)/node_modules/.loose-envify-5wDnFn9n',
1240 silly reify   '/Users/timofey/Downloads/download (1)/node_modules/.bin/loose-envify': '/Users/timofey/Downloads/download (1)/node_modules/.bin/.loose-envify-dBholWcM',
1240 silly reify   '/Users/timofey/Downloads/download (1)/node_modules/lru-memoizer': '/Users/timofey/Downloads/download (1)/node_modules/.lru-memoizer-NCc6cvX3',
1240 silly reify   '/Users/timofey/Downloads/download (1)/node_modules/mdast-util-find-and-replace/node_modules/escape-string-regexp': '/Users/timofey/Downloads/download (1)/node_modules/mdast-util-find-and-replace/node_modules/.escape-string-regexp-WedUGQG1',
1240 silly reify   '/Users/timofey/Downloads/download (1)/node_modules/memory-pager': '/Users/timofey/Downloads/download (1)/node_modules/.memory-pager-m3BHibyr',
1240 silly reify   '/Users/timofey/Downloads/download (1)/node_modules/mime': '/Users/timofey/Downloads/download (1)/node_modules/.mime-79NAmY11',
1240 silly reify   '/Users/timofey/Downloads/download (1)/node_modules/.bin/mime': '/Users/timofey/Downloads/download (1)/node_modules/.bin/.mime-QSthClHF',
1240 silly reify   '/Users/timofey/Downloads/download (1)/node_modules/mongodb': '/Users/timofey/Downloads/download (1)/node_modules/.mongodb-FvNl0wzn',
1240 silly reify   '/Users/timofey/Downloads/download (1)/node_modules/mongodb-connection-string-url': '/Users/timofey/Downloads/download (1)/node_modules/.mongodb-connection-string-url-NmPeFmRU',
1240 silly reify   '/Users/timofey/Downloads/download (1)/node_modules/nanoid': '/Users/timofey/Downloads/download (1)/node_modules/.nanoid-Yyi7IYSM',
1240 silly reify   '/Users/timofey/Downloads/download (1)/node_modules/.bin/nanoid': '/Users/timofey/Downloads/download (1)/node_modules/.bin/.nanoid-1QdBWEqR',
1240 silly reify   '/Users/timofey/Downloads/download (1)/node_modules/napi-postinstall': '/Users/timofey/Downloads/download (1)/node_modules/.napi-postinstall-r4NVKClN',
1240 silly reify   '/Users/timofey/Downloads/download (1)/node_modules/.bin/napi-postinstall': '/Users/timofey/Downloads/download (1)/node_modules/.bin/.napi-postinstall-xWpKzryF',
1240 silly reify   '/Users/timofey/Downloads/download (1)/node_modules/node-forge': '/Users/timofey/Downloads/download (1)/node_modules/.node-forge-7CC1PvAh',
1240 silly reify   '/Users/timofey/Downloads/download (1)/node_modules/next-auth': '/Users/timofey/Downloads/download (1)/node_modules/.next-auth-DJ4FxO2H',
1240 silly reify   '/Users/timofey/Downloads/download (1)/node_modules/node-telegram-bot-api/node_modules/debug': '/Users/timofey/Downloads/download (1)/node_modules/node-telegram-bot-api/node_modules/.debug-6XhJffCY',
1240 silly reify   '/Users/timofey/Downloads/download (1)/node_modules/nodemailer': '/Users/timofey/Downloads/download (1)/node_modules/.nodemailer-espr901C',
1240 silly reify   '/Users/timofey/Downloads/download (1)/node_modules/oauth': '/Users/timofey/Downloads/download (1)/node_modules/.oauth-2qSmdCeQ',
1240 silly reify   '/Users/timofey/Downloads/download (1)/node_modules/oidc-token-hash': '/Users/timofey/Downloads/download (1)/node_modules/.oidc-token-hash-JQDpN4PF',
1240 silly reify   '/Users/timofey/Downloads/download (1)/node_modules/openid-client': '/Users/timofey/Downloads/download (1)/node_modules/.openid-client-K2My7W22',
1240 silly reify   '/Users/timofey/Downloads/download (1)/node_modules/parse-entities/node_modules/@types/unist': '/Users/timofey/Downloads/download (1)/node_modules/parse-entities/node_modules/@types/.unist-zK4h9EEz',
1240 silly reify   '/Users/timofey/Downloads/download (1)/node_modules/patch-package': '/Users/timofey/Downloads/download (1)/node_modules/.patch-package-PeQXLrDi',
1240 silly reify   '/Users/timofey/Downloads/download (1)/node_modules/.bin/patch-package': '/Users/timofey/Downloads/download (1)/node_modules/.bin/.patch-package-WMIlNAet',
1240 silly reify   '/Users/timofey/Downloads/download (1)/node_modules/pdf-lib/node_modules/tslib': '/Users/timofey/Downloads/download (1)/node_modules/pdf-lib/node_modules/.tslib-oca5wk9Y',
1240 silly reify   '/Users/timofey/Downloads/download (1)/node_modules/postcss/node_modules/nanoid': '/Users/timofey/Downloads/download (1)/node_modules/postcss/node_modules/.nanoid-u1GUGQmD',
1240 silly reify   '/Users/timofey/Downloads/download (1)/node_modules/postcss-nested/node_modules/postcss-selector-parser': '/Users/timofey/Downloads/download (1)/node_modules/postcss-nested/node_modules/.postcss-selector-parser-fdVCFXfC',
1240 silly reify   '/Users/timofey/Downloads/download (1)/node_modules/preact': '/Users/timofey/Downloads/download (1)/node_modules/.preact-BGGqbLwH',
1240 silly reify   '/Users/timofey/Downloads/download (1)/node_modules/preact-render-to-string': '/Users/timofey/Downloads/download (1)/node_modules/.preact-render-to-string-otQgTnay',
1240 silly reify   '/Users/timofey/Downloads/download (1)/node_modules/pretty-format': '/Users/timofey/Downloads/download (1)/node_modules/.pretty-format-4NUkCtsN',
1240 silly reify   '/Users/timofey/Downloads/download (1)/node_modules/proto3-json-serializer': '/Users/timofey/Downloads/download (1)/node_modules/.proto3-json-serializer-8LoHr2ja',
1240 silly reify   '/Users/timofey/Downloads/download (1)/node_modules/readable-stream/node_modules/safe-buffer': '/Users/timofey/Downloads/download (1)/node_modules/readable-stream/node_modules/.safe-buffer-JM1ASkE9',
1240 silly reify   '/Users/timofey/Downloads/download (1)/node_modules/readable-stream/node_modules/isarray': '/Users/timofey/Downloads/download (1)/node_modules/readable-stream/node_modules/.isarray-jPzz15yo',
1240 silly reify   '/Users/timofey/Downloads/download (1)/node_modules/request/node_modules/form-data': '/Users/timofey/Downloads/download (1)/node_modules/request/node_modules/.form-data-59OGh8wW',
1240 silly reify   '/Users/timofey/Downloads/download (1)/node_modules/request/node_modules/http-signature': '/Users/timofey/Downloads/download (1)/node_modules/request/node_modules/.http-signature-iqIy08ZA',
1240 silly reify   '/Users/timofey/Downloads/download (1)/node_modules/request/node_modules/jsprim': '/Users/timofey/Downloads/download (1)/node_modules/request/node_modules/.jsprim-hw19S0kW',
1240 silly reify   '/Users/timofey/Downloads/download (1)/node_modules/request/node_modules/qs': '/Users/timofey/Downloads/download (1)/node_modules/request/node_modules/.qs-G5NR9fm2',
1240 silly reify   '/Users/timofey/Downloads/download (1)/node_modules/request/node_modules/tough-cookie': '/Users/timofey/Downloads/download (1)/node_modules/request/node_modules/.tough-cookie-LP3vguO7',
1240 silly reify   '/Users/timofey/Downloads/download (1)/node_modules/request/node_modules/uuid': '/Users/timofey/Downloads/download (1)/node_modules/request/node_modules/.uuid-6DqNN3dU',
1240 silly reify   '/Users/timofey/Downloads/download (1)/node_modules/resolve': '/Users/timofey/Downloads/download (1)/node_modules/.resolve-Z4ntnFU7',
1240 silly reify   '/Users/timofey/Downloads/download (1)/node_modules/.bin/resolve': '/Users/timofey/Downloads/download (1)/node_modules/.bin/.resolve-k62BJbY4',
1240 silly reify   '/Users/timofey/Downloads/download (1)/node_modules/react-dom/node_modules/scheduler': '/Users/timofey/Downloads/download (1)/node_modules/react-dom/node_modules/.scheduler-W14hEoLf',
1240 silly reify   '/Users/timofey/Downloads/download (1)/node_modules/rimraf': '/Users/timofey/Downloads/download (1)/node_modules/.rimraf-EI2qiOyX',
1240 silly reify   '/Users/timofey/Downloads/download (1)/node_modules/.bin/rimraf': '/Users/timofey/Downloads/download (1)/node_modules/.bin/.rimraf-F4VX3AS3',
1240 silly reify   '/Users/timofey/Downloads/download (1)/node_modules/recharts/node_modules/eventemitter3': '/Users/timofey/Downloads/download (1)/node_modules/recharts/node_modules/.eventemitter3-Mc9mzz8E',
1240 silly reify   '/Users/timofey/Downloads/download (1)/node_modules/recharts/node_modules/react-is': '/Users/timofey/Downloads/download (1)/node_modules/recharts/node_modules/.react-is-Wok78FU5',
1240 silly reify   '/Users/timofey/Downloads/download (1)/node_modules/semver': '/Users/timofey/Downloads/download (1)/node_modules/.semver-kig6E0te',
1240 silly reify   '/Users/timofey/Downloads/download (1)/node_modules/.bin/semver': '/Users/timofey/Downloads/download (1)/node_modules/.bin/.semver-0xESs7xW',
1240 silly reify   '/Users/timofey/Downloads/download (1)/node_modules/retry-request': '/Users/timofey/Downloads/download (1)/node_modules/.retry-request-NXqBeGm7',
1240 silly reify   '/Users/timofey/Downloads/download (1)/node_modules/retry': '/Users/timofey/Downloads/download (1)/node_modules/.retry-6b7pCCU2',
1240 silly reify   '/Users/timofey/Downloads/download (1)/node_modules/string-width-cjs/node_modules/emoji-regex': '/Users/timofey/Downloads/download (1)/node_modules/string-width-cjs/node_modules/.emoji-regex-eJcKATIP',
1240 silly reify   '/Users/timofey/Downloads/download (1)/node_modules/string-width/node_modules/ansi-regex': '/Users/timofey/Downloads/download (1)/node_modules/string-width/node_modules/.ansi-regex-s5yXqNtq',
1240 silly reify   '/Users/timofey/Downloads/download (1)/node_modules/string-width/node_modules/emoji-regex': '/Users/timofey/Downloads/download (1)/node_modules/string-width/node_modules/.emoji-regex-lObqul2I',
1240 silly reify   '/Users/timofey/Downloads/download (1)/node_modules/string-width/node_modules/strip-ansi': '/Users/timofey/Downloads/download (1)/node_modules/string-width/node_modules/.strip-ansi-TFqzljk3',
1240 silly reify   '/Users/timofey/Downloads/download (1)/node_modules/sparse-bitfield': '/Users/timofey/Downloads/download (1)/node_modules/.sparse-bitfield-OUZgCm7i',
1240 silly reify   '/Users/timofey/Downloads/download (1)/node_modules/string_decoder/node_modules/safe-buffer': '/Users/timofey/Downloads/download (1)/node_modules/string_decoder/node_modules/.safe-buffer-7NOVn4Jc',
1240 silly reify   '/Users/timofey/Downloads/download (1)/node_modules/stream-events': '/Users/timofey/Downloads/download (1)/node_modules/.stream-events-NuwYUt4h',
1240 silly reify   '/Users/timofey/Downloads/download (1)/node_modules/stream-shift': '/Users/timofey/Downloads/download (1)/node_modules/.stream-shift-xQMRLljM',
1240 silly reify   '/Users/timofey/Downloads/download (1)/node_modules/stubs': '/Users/timofey/Downloads/download (1)/node_modules/.stubs-r52MnEoH',
1240 silly reify   '/Users/timofey/Downloads/download (1)/node_modules/sucrase': '/Users/timofey/Downloads/download (1)/node_modules/.sucrase-poCde5cK',
1240 silly reify   '/Users/timofey/Downloads/download (1)/node_modules/.bin/sucrase': '/Users/timofey/Downloads/download (1)/node_modules/.bin/.sucrase-6Il2SaCx',
1240 silly reify   '/Users/timofey/Downloads/download (1)/node_modules/.bin/sucrase-node': '/Users/timofey/Downloads/download (1)/node_modules/.bin/.sucrase-node-2wuRgK7H',
1240 silly reify   '/Users/timofey/Downloads/download (1)/node_modules/tailwindcss': '/Users/timofey/Downloads/download (1)/node_modules/.tailwindcss-xLY12DWy',
1240 silly reify   '/Users/timofey/Downloads/download (1)/node_modules/.bin/tailwind': '/Users/timofey/Downloads/download (1)/node_modules/.bin/.tailwind-9vPF3Zm3',
1240 silly reify   '/Users/timofey/Downloads/download (1)/node_modules/.bin/tailwindcss': '/Users/timofey/Downloads/download (1)/node_modules/.bin/.tailwindcss-EXdL6QLI',
1240 silly reify   '/Users/timofey/Downloads/download (1)/node_modules/teeny-request': '/Users/timofey/Downloads/download (1)/node_modules/.teeny-request-hgUC47o7',
1240 silly reify   '/Users/timofey/Downloads/download (1)/node_modules/terser': '/Users/timofey/Downloads/download (1)/node_modules/.terser-7m4ByJO2',
1240 silly reify   '/Users/timofey/Downloads/download (1)/node_modules/.bin/terser': '/Users/timofey/Downloads/download (1)/node_modules/.bin/.terser-JrlqOxb5',
1240 silly reify   '/Users/timofey/Downloads/download (1)/node_modules/terser-webpack-plugin/node_modules/ajv': '/Users/timofey/Downloads/download (1)/node_modules/terser-webpack-plugin/node_modules/.ajv-lEI4F5Xx',
1240 silly reify   '/Users/timofey/Downloads/download (1)/node_modules/terser-webpack-plugin/node_modules/ajv-keywords': '/Users/timofey/Downloads/download (1)/node_modules/terser-webpack-plugin/node_modules/.ajv-keywords-4n4qvBSU',
1240 silly reify   '/Users/timofey/Downloads/download (1)/node_modules/terser-webpack-plugin/node_modules/json-schema-traverse': '/Users/timofey/Downloads/download (1)/node_modules/terser-webpack-plugin/node_modules/.json-schema-traverse-6v7fYYJm',
1240 silly reify   '/Users/timofey/Downloads/download (1)/node_modules/terser-webpack-plugin/node_modules/schema-utils': '/Users/timofey/Downloads/download (1)/node_modules/terser-webpack-plugin/node_modules/.schema-utils-GHQUpcM2',
1240 silly reify   '/Users/timofey/Downloads/download (1)/node_modules/tldts': '/Users/timofey/Downloads/download (1)/node_modules/.tldts-eSgIjkSR',
1240 silly reify   '/Users/timofey/Downloads/download (1)/node_modules/.bin/tldts': '/Users/timofey/Downloads/download (1)/node_modules/.bin/.tldts-dVQh9Y7E',
1240 silly reify   '/Users/timofey/Downloads/download (1)/node_modules/tinyglobby/node_modules/fdir': '/Users/timofey/Downloads/download (1)/node_modules/tinyglobby/node_modules/.fdir-Bi9mO37u',
1240 silly reify   '/Users/timofey/Downloads/download (1)/node_modules/tinyglobby/node_modules/picomatch': '/Users/timofey/Downloads/download (1)/node_modules/tinyglobby/node_modules/.picomatch-xbgfzkiI',
1240 silly reify   '/Users/timofey/Downloads/download (1)/node_modules/tsconfig-paths/node_modules/json5': '/Users/timofey/Downloads/download (1)/node_modules/tsconfig-paths/node_modules/.json5-QvQC7Eba',
1240 silly reify   '/Users/timofey/Downloads/download (1)/node_modules/unicode-trie/node_modules/pako': '/Users/timofey/Downloads/download (1)/node_modules/unicode-trie/node_modules/.pako-69pdU4F7',
1240 silly reify   '/Users/timofey/Downloads/download (1)/node_modules/update-browserslist-db': '/Users/timofey/Downloads/download (1)/node_modules/.update-browserslist-db-JmPeclJK',
1240 silly reify   '/Users/timofey/Downloads/download (1)/node_modules/.bin/update-browserslist-db': '/Users/timofey/Downloads/download (1)/node_modules/.bin/.update-browserslist-db-GoCo847v',
1240 silly reify   '/Users/timofey/Downloads/download (1)/node_modules/uuid': '/Users/timofey/Downloads/download (1)/node_modules/.uuid-Z7hNeLac',
1240 silly reify   '/Users/timofey/Downloads/download (1)/node_modules/.bin/uuid': '/Users/timofey/Downloads/download (1)/node_modules/.bin/.uuid-4bf8B7zz',
1240 silly reify   '/Users/timofey/Downloads/download (1)/node_modules/verror/node_modules/core-util-is': '/Users/timofey/Downloads/download (1)/node_modules/verror/node_modules/.core-util-is-pit1Sf2i',
1240 silly reify   '/Users/timofey/Downloads/download (1)/node_modules/webpack': '/Users/timofey/Downloads/download (1)/node_modules/.webpack-EzAmJKdb',
1240 silly reify   '/Users/timofey/Downloads/download (1)/node_modules/.bin/webpack': '/Users/timofey/Downloads/download (1)/node_modules/.bin/.webpack-I1Cs31az',
1240 silly reify   '/Users/timofey/Downloads/download (1)/node_modules/which': '/Users/timofey/Downloads/download (1)/node_modules/.which-YXCmqlsX',
1240 silly reify   '/Users/timofey/Downloads/download (1)/node_modules/.bin/node-which': '/Users/timofey/Downloads/download (1)/node_modules/.bin/.node-which-o8EsN2xO',
1240 silly reify   '/Users/timofey/Downloads/download (1)/node_modules/xlsx': '/Users/timofey/Downloads/download (1)/node_modules/.xlsx-d1xJbfK6',
1240 silly reify   '/Users/timofey/Downloads/download (1)/node_modules/.bin/xlsx': '/Users/timofey/Downloads/download (1)/node_modules/.bin/.xlsx-yGRNsZZC',
1240 silly reify   '/Users/timofey/Downloads/download (1)/node_modules/wrap-ansi/node_modules/ansi-regex': '/Users/timofey/Downloads/download (1)/node_modules/wrap-ansi/node_modules/.ansi-regex-SpnzdrsB',
1240 silly reify   '/Users/timofey/Downloads/download (1)/node_modules/wrap-ansi/node_modules/ansi-styles': '/Users/timofey/Downloads/download (1)/node_modules/wrap-ansi/node_modules/.ansi-styles-vhiEbblE',
1240 silly reify   '/Users/timofey/Downloads/download (1)/node_modules/wrap-ansi/node_modules/strip-ansi': '/Users/timofey/Downloads/download (1)/node_modules/wrap-ansi/node_modules/.strip-ansi-8OHcwo0q',
1240 silly reify   '/Users/timofey/Downloads/download (1)/node_modules/wrap-ansi-cjs/node_modules/emoji-regex': '/Users/timofey/Downloads/download (1)/node_modules/wrap-ansi-cjs/node_modules/.emoji-regex-9dUEIaHF',
1240 silly reify   '/Users/timofey/Downloads/download (1)/node_modules/wrap-ansi-cjs/node_modules/string-width': '/Users/timofey/Downloads/download (1)/node_modules/wrap-ansi-cjs/node_modules/.string-width-u4ASvsMS',
1240 silly reify   '/Users/timofey/Downloads/download (1)/node_modules/xml-js': '/Users/timofey/Downloads/download (1)/node_modules/.xml-js-6tv76blE',
1240 silly reify   '/Users/timofey/Downloads/download (1)/node_modules/.bin/xml-js': '/Users/timofey/Downloads/download (1)/node_modules/.bin/.xml-js-4GBBhweq',
1240 silly reify   '/Users/timofey/Downloads/download (1)/node_modules/yallist': '/Users/timofey/Downloads/download (1)/node_modules/.yallist-s6Kd2DJ8',
1240 silly reify   '/Users/timofey/Downloads/download (1)/node_modules/yargs/node_modules/emoji-regex': '/Users/timofey/Downloads/download (1)/node_modules/yargs/node_modules/.emoji-regex-s2ymbso5',
1240 silly reify   '/Users/timofey/Downloads/download (1)/node_modules/yargs/node_modules/string-width': '/Users/timofey/Downloads/download (1)/node_modules/yargs/node_modules/.string-width-JN7nqE9T',
1240 silly reify   '/Users/timofey/Downloads/download (1)/node_modules/yaml': '/Users/timofey/Downloads/download (1)/node_modules/.yaml-G0c6mnR0',
1240 silly reify   '/Users/timofey/Downloads/download (1)/node_modules/.bin/yaml': '/Users/timofey/Downloads/download (1)/node_modules/.bin/.yaml-rov9VMeU',
1240 silly reify   '/Users/timofey/Downloads/download (1)/node_modules/@fastify/busboy': '/Users/timofey/Downloads/download (1)/node_modules/@fastify/.busboy-mpKL7P8S',
1240 silly reify   '/Users/timofey/Downloads/download (1)/node_modules/@google-cloud/paginator': '/Users/timofey/Downloads/download (1)/node_modules/@google-cloud/.paginator-ioY1WwR2',
1240 silly reify   '/Users/timofey/Downloads/download (1)/node_modules/@google-cloud/firestore': '/Users/timofey/Downloads/download (1)/node_modules/@google-cloud/.firestore-UL1ZsYLH',
1240 silly reify   '/Users/timofey/Downloads/download (1)/node_modules/@google-cloud/promisify': '/Users/timofey/Downloads/download (1)/node_modules/@google-cloud/.promisify-TZryZma8',
1240 silly reify   '/Users/timofey/Downloads/download (1)/node_modules/@google-cloud/projectify': '/Users/timofey/Downloads/download (1)/node_modules/@google-cloud/.projectify-nIFLnwBu',
1240 silly reify   '/Users/timofey/Downloads/download (1)/node_modules/@mongodb-js/saslprep': '/Users/timofey/Downloads/download (1)/node_modules/@mongodb-js/.saslprep-wFSpwS8g',
1240 silly reify   '/Users/timofey/Downloads/download (1)/node_modules/@google-cloud/storage': '/Users/timofey/Downloads/download (1)/node_modules/@google-cloud/.storage-LVc0QuE2',
1240 silly reify   '/Users/timofey/Downloads/download (1)/node_modules/@opentelemetry/api': '/Users/timofey/Downloads/download (1)/node_modules/@opentelemetry/.api-tevmeDKH',
1240 silly reify   '/Users/timofey/Downloads/download (1)/node_modules/@js-sdsl/ordered-map': '/Users/timofey/Downloads/download (1)/node_modules/@js-sdsl/.ordered-map-27X2b0JY',
1240 silly reify   '/Users/timofey/Downloads/download (1)/node_modules/@types/connect': '/Users/timofey/Downloads/download (1)/node_modules/@types/.connect-HzijmgKh',
1240 silly reify   '/Users/timofey/Downloads/download (1)/node_modules/@types/body-parser': '/Users/timofey/Downloads/download (1)/node_modules/@types/.body-parser-S90tyQpd',
1240 silly reify   '/Users/timofey/Downloads/download (1)/node_modules/@tootallnate/once': '/Users/timofey/Downloads/download (1)/node_modules/@tootallnate/.once-GRAc86oY',
1240 silly reify   '/Users/timofey/Downloads/download (1)/node_modules/@panva/hkdf': '/Users/timofey/Downloads/download (1)/node_modules/@panva/.hkdf-5PiDba7D',
1240 silly reify   '/Users/timofey/Downloads/download (1)/node_modules/@types/express-serve-static-core': '/Users/timofey/Downloads/download (1)/node_modules/@types/.express-serve-static-core-QvA22ske',
1240 silly reify   '/Users/timofey/Downloads/download (1)/node_modules/@types/http-errors': '/Users/timofey/Downloads/download (1)/node_modules/@types/.http-errors-EZSJAnk4',
1240 silly reify   '/Users/timofey/Downloads/download (1)/node_modules/@types/long': '/Users/timofey/Downloads/download (1)/node_modules/@types/.long-f1tviEVW',
1240 silly reify   '/Users/timofey/Downloads/download (1)/node_modules/@types/express': '/Users/timofey/Downloads/download (1)/node_modules/@types/.express-S3qFcb7M',
1240 silly reify   '/Users/timofey/Downloads/download (1)/node_modules/@types/mime': '/Users/timofey/Downloads/download (1)/node_modules/@types/.mime-mMCzWc1x',
1240 silly reify   '/Users/timofey/Downloads/download (1)/node_modules/@types/jsonwebtoken': '/Users/timofey/Downloads/download (1)/node_modules/@types/.jsonwebtoken-VHOWsAAR',
1240 silly reify   '/Users/timofey/Downloads/download (1)/node_modules/@types/qs': '/Users/timofey/Downloads/download (1)/node_modules/@types/.qs-spy6VfPZ',
1240 silly reify   '/Users/timofey/Downloads/download (1)/node_modules/@types/range-parser': '/Users/timofey/Downloads/download (1)/node_modules/@types/.range-parser-dD6YE7qP',
1240 silly reify   '/Users/timofey/Downloads/download (1)/node_modules/@types/serve-static': '/Users/timofey/Downloads/download (1)/node_modules/@types/.serve-static-v4Hdz52u',
1240 silly reify   '/Users/timofey/Downloads/download (1)/node_modules/@types/send': '/Users/timofey/Downloads/download (1)/node_modules/@types/.send-8kYyolGR',
1240 silly reify   '/Users/timofey/Downloads/download (1)/node_modules/@types/whatwg-url': '/Users/timofey/Downloads/download (1)/node_modules/@types/.whatwg-url-zvC6fW8Y',
1240 silly reify   '/Users/timofey/Downloads/download (1)/node_modules/@types/webidl-conversions': '/Users/timofey/Downloads/download (1)/node_modules/@types/.webidl-conversions-nmKQNDL2',
1240 silly reify   '/Users/timofey/Downloads/download (1)/node_modules/sshpk': '/Users/timofey/Downloads/download (1)/node_modules/.sshpk-4moSWzrx',
1240 silly reify   '/Users/timofey/Downloads/download (1)/node_modules/.bin/sshpk-verify': '/Users/timofey/Downloads/download (1)/node_modules/.bin/.sshpk-verify-aMq7XwZ9',
1240 silly reify   '/Users/timofey/Downloads/download (1)/node_modules/.bin/sshpk-sign': '/Users/timofey/Downloads/download (1)/node_modules/.bin/.sshpk-sign-rmwM0epS',
1240 silly reify   '/Users/timofey/Downloads/download (1)/node_modules/.bin/sshpk-conv': '/Users/timofey/Downloads/download (1)/node_modules/.bin/.sshpk-conv-byBJdQwy'
1240 silly reify }
1241 silly audit bulk request {
1241 silly audit   uuid: [ '8.3.2', '3.4.0', '10.0.0', '9.0.1' ],
1241 silly audit   '@alloc/quick-lru': [ '5.2.0' ],
1241 silly audit   '@aws-crypto/crc32': [ '5.2.0' ],
1241 silly audit   '@aws-crypto/crc32c': [ '5.2.0' ],
1241 silly audit   '@aws-crypto/sha1-browser': [ '5.2.0' ],
1241 silly audit   '@smithy/is-array-buffer': [ '2.2.0', '4.2.0' ],
1241 silly audit   '@smithy/util-buffer-from': [ '2.2.0', '4.2.0' ],
1241 silly audit   '@smithy/util-utf8': [ '2.3.0', '4.2.0' ],
1241 silly audit   '@aws-crypto/sha256-browser': [ '5.2.0' ],
1241 silly audit   '@aws-crypto/sha256-js': [ '5.2.0' ],
1241 silly audit   '@aws-crypto/supports-web-crypto': [ '5.2.0' ],
1241 silly audit   '@aws-crypto/util': [ '5.2.0' ],
1241 silly audit   '@aws-sdk/client-s3': [ '3.926.0' ],
1241 silly audit   '@aws-sdk/client-sso': [ '3.926.0' ],
1241 silly audit   '@aws-sdk/core': [ '3.926.0' ],
1241 silly audit   '@aws-sdk/credential-provider-env': [ '3.926.0' ],
1241 silly audit   '@aws-sdk/credential-provider-http': [ '3.926.0' ],
1241 silly audit   '@aws-sdk/credential-provider-ini': [ '3.926.0' ],
1241 silly audit   '@aws-sdk/credential-provider-node': [ '3.926.0' ],
1241 silly audit   '@aws-sdk/credential-provider-process': [ '3.926.0' ],
1241 silly audit   '@aws-sdk/credential-provider-sso': [ '3.926.0' ],
1241 silly audit   '@aws-sdk/credential-provider-web-identity': [ '3.926.0' ],
1241 silly audit   '@aws-sdk/middleware-bucket-endpoint': [ '3.922.0' ],
1241 silly audit   '@aws-sdk/middleware-expect-continue': [ '3.922.0' ],
1241 silly audit   '@aws-sdk/middleware-flexible-checksums': [ '3.926.0' ],
1241 silly audit   '@aws-sdk/middleware-host-header': [ '3.922.0' ],
1241 silly audit   '@aws-sdk/middleware-location-constraint': [ '3.922.0' ],
1241 silly audit   '@aws-sdk/middleware-logger': [ '3.922.0' ],
1241 silly audit   '@aws-sdk/middleware-recursion-detection': [ '3.922.0' ],
1241 silly audit   '@aws-sdk/middleware-sdk-s3': [ '3.926.0' ],
1241 silly audit   '@aws-sdk/middleware-ssec': [ '3.922.0' ],
1241 silly audit   '@aws-sdk/middleware-user-agent': [ '3.926.0' ],
1241 silly audit   '@aws-sdk/nested-clients': [ '3.926.0' ],
1241 silly audit   '@aws-sdk/region-config-resolver': [ '3.925.0' ],
1241 silly audit   '@aws-sdk/s3-request-presigner': [ '3.926.0' ],
1241 silly audit   '@aws-sdk/signature-v4-multi-region': [ '3.926.0' ],
1241 silly audit   '@aws-sdk/token-providers': [ '3.926.0' ],
1241 silly audit   '@aws-sdk/types': [ '3.922.0' ],
1241 silly audit   '@aws-sdk/util-arn-parser': [ '3.893.0' ],
1241 silly audit   '@aws-sdk/util-endpoints': [ '3.922.0' ],
1241 silly audit   '@aws-sdk/util-format-url': [ '3.922.0' ],
1241 silly audit   '@aws-sdk/util-locate-window': [ '3.893.0' ],
1241 silly audit   '@aws-sdk/util-user-agent-browser': [ '3.922.0' ],
1241 silly audit   '@aws-sdk/util-user-agent-node': [ '3.926.0' ],
1241 silly audit   '@aws-sdk/xml-builder': [ '3.921.0' ],
1241 silly audit   'fast-xml-parser': [ '5.2.5', '4.5.3' ],
1241 silly audit   strnum: [ '2.1.1', '1.1.2' ],
1241 silly audit   '@aws/lambda-invoke-store': [ '0.1.1' ],
1241 silly audit   '@babel/runtime': [ '7.28.4' ],
1241 silly audit   '@cypress/request': [ '3.0.9' ],
1241 silly audit   '@cypress/request-promise': [ '5.0.0' ],
1241 silly audit   'tough-cookie': [ '4.1.4', '2.5.0', '5.1.2' ],
1241 silly audit   universalify: [ '0.2.0', '2.0.1' ],
1241 silly audit   'form-data': [ '4.0.4', '2.5.5', '2.3.3' ],
1241 silly audit   '@emnapi/core': [ '1.6.0' ],
1241 silly audit   '@emnapi/runtime': [ '1.6.0' ],
1241 silly audit   '@emnapi/wasi-threads': [ '1.1.0' ],
1241 silly audit   '@eslint-community/eslint-utils': [ '4.9.0' ],
1241 silly audit   '@eslint-community/regexpp': [ '4.12.1' ],
1241 silly audit   '@eslint/eslintrc': [ '2.1.4' ],
1241 silly audit   '@eslint/js': [ '8.57.1' ],
1241 silly audit   '@firebase/app-check-interop-types': [ '0.3.2' ],
1241 silly audit   '@firebase/app-types': [ '0.9.2' ],
1241 silly audit   '@firebase/auth-interop-types': [ '0.2.3' ],
1241 silly audit   '@firebase/component': [ '0.6.9' ],
1241 silly audit   '@firebase/database': [ '1.0.8' ],
1241 silly audit   '@firebase/database-compat': [ '1.0.8' ],
1241 silly audit   '@firebase/database-types': [ '1.0.5' ],
1241 silly audit   '@firebase/logger': [ '0.4.2' ],
1241 silly audit   '@firebase/util': [ '1.10.0' ],
1241 silly audit   '@floating-ui/core': [ '1.7.3' ],
1241 silly audit   '@floating-ui/dom': [ '1.7.4' ],
1241 silly audit   '@floating-ui/react-dom': [ '2.1.6' ],
1241 silly audit   '@floating-ui/utils': [ '0.2.10' ],
1241 silly audit   '@google/generative-ai': [ '0.16.1' ],
1241 silly audit   '@grpc/grpc-js': [ '1.14.3' ],
1241 silly audit   '@grpc/proto-loader': [ '0.7.15', '0.8.0' ],
1241 silly audit   '@hookform/resolvers': [ '3.10.0' ],
1241 silly audit   '@humanwhocodes/config-array': [ '0.13.0' ],
1241 silly audit   '@humanwhocodes/module-importer': [ '1.0.1' ],
1241 silly audit   '@humanwhocodes/object-schema': [ '2.0.3' ],
1241 silly audit   '@isaacs/cliui': [ '8.0.2' ],
1241 silly audit   'ansi-regex': [ '6.2.2', '5.0.1' ],
1241 silly audit   'strip-ansi': [ '7.1.2', '6.0.1' ],
1241 silly audit   '@jridgewell/gen-mapping': [ '0.3.13' ],
1241 silly audit   '@jridgewell/resolve-uri': [ '3.1.2' ],
1241 silly audit   '@jridgewell/source-map': [ '0.3.11' ],
1241 silly audit   '@jridgewell/sourcemap-codec': [ '1.5.5' ],
1241 silly audit   '@jridgewell/trace-mapping': [ '0.3.31' ],
1241 silly audit   '@napi-rs/canvas': [ '0.1.80' ],
1241 silly audit   '@napi-rs/canvas-android-arm64': [ '0.1.80' ],
1241 silly audit   '@napi-rs/canvas-darwin-arm64': [ '0.1.80' ],
1241 silly audit   '@napi-rs/canvas-darwin-x64': [ '0.1.80' ],
1241 silly audit   '@napi-rs/canvas-linux-arm-gnueabihf': [ '0.1.80' ],
1241 silly audit   '@napi-rs/canvas-linux-arm64-gnu': [ '0.1.80' ],
1241 silly audit   '@napi-rs/canvas-linux-arm64-musl': [ '0.1.80' ],
1241 silly audit   '@napi-rs/canvas-linux-riscv64-gnu': [ '0.1.80' ],
1241 silly audit   '@napi-rs/canvas-linux-x64-gnu': [ '0.1.80' ],
1241 silly audit   '@napi-rs/canvas-linux-x64-musl': [ '0.1.80' ],
1241 silly audit   '@napi-rs/canvas-win32-x64-msvc': [ '0.1.80' ],
1241 silly audit   '@napi-rs/wasm-runtime': [ '0.2.12' ],
1241 silly audit   '@next/env': [ '14.2.35' ],
1241 silly audit   '@next/eslint-plugin-next': [ '14.2.5' ],
1241 silly audit   '@next/swc-darwin-arm64': [ '14.2.33' ],
1241 silly audit   '@next/swc-darwin-x64': [ '14.2.33' ],
1241 silly audit   '@next/swc-linux-arm64-gnu': [ '14.2.33' ],
1241 silly audit   '@next/swc-linux-arm64-musl': [ '14.2.33' ],
1241 silly audit   '@next/swc-linux-x64-gnu': [ '14.2.33' ],
1241 silly audit   '@next/swc-linux-x64-musl': [ '14.2.33' ],
1241 silly audit   '@next/swc-win32-arm64-msvc': [ '14.2.33' ],
1241 silly audit   '@next/swc-win32-ia32-msvc': [ '14.2.33' ],
1241 silly audit   '@next/swc-win32-x64-msvc': [ '14.2.33' ],
1241 silly audit   '@nodelib/fs.scandir': [ '2.1.5' ],
1241 silly audit   '@nodelib/fs.stat': [ '2.0.5' ],
1241 silly audit   '@nodelib/fs.walk': [ '1.2.8' ],
1241 silly audit   '@nolyfill/is-core-module': [ '1.0.39' ],
1241 silly audit   '@pdf-lib/standard-fonts': [ '1.0.0' ],
1241 silly audit   '@pdf-lib/upng': [ '1.0.1' ],
1241 silly audit   '@pkgjs/parseargs': [ '0.11.0' ],
1241 silly audit   '@protobufjs/aspromise': [ '1.1.2' ],
1241 silly audit   '@protobufjs/base64': [ '1.1.2' ],
1241 silly audit   '@protobufjs/codegen': [ '2.0.4' ],
1241 silly audit   '@protobufjs/eventemitter': [ '1.1.0' ],
1241 silly audit   '@protobufjs/fetch': [ '1.1.0' ],
1241 silly audit   '@protobufjs/float': [ '1.0.2' ],
1241 silly audit   '@protobufjs/inquire': [ '1.1.0' ],
1241 silly audit   '@protobufjs/path': [ '1.1.2' ],
1241 silly audit   '@protobufjs/pool': [ '1.1.0' ],
1241 silly audit   '@protobufjs/utf8': [ '1.1.0' ],
1241 silly audit   '@radix-ui/number': [ '1.1.1' ],
1241 silly audit   '@radix-ui/primitive': [ '1.1.3' ],
1241 silly audit   '@radix-ui/react-accordion': [ '1.2.12' ],
1241 silly audit   '@radix-ui/react-alert-dialog': [ '1.1.15' ],
1241 silly audit   '@radix-ui/react-arrow': [ '1.1.7' ],
1241 silly audit   '@radix-ui/react-avatar': [ '1.1.10' ],
1241 silly audit   '@radix-ui/react-checkbox': [ '1.3.3' ],
1241 silly audit   '@radix-ui/react-collapsible': [ '1.1.12' ],
1241 silly audit   '@radix-ui/react-collection': [ '1.1.7' ],
1241 silly audit   '@radix-ui/react-compose-refs': [ '1.1.2' ],
1241 silly audit   '@radix-ui/react-context': [ '1.1.2' ],
1241 silly audit   '@radix-ui/react-dialog': [ '1.1.15' ],
1241 silly audit   '@radix-ui/react-direction': [ '1.1.1' ],
1241 silly audit   '@radix-ui/react-dismissable-layer': [ '1.1.11' ],
1241 silly audit   '@radix-ui/react-dropdown-menu': [ '2.1.16' ],
1241 silly audit   '@radix-ui/react-focus-guards': [ '1.1.3' ],
1241 silly audit   '@radix-ui/react-focus-scope': [ '1.1.7' ],
1241 silly audit   '@radix-ui/react-id': [ '1.1.1' ],
1241 silly audit   '@radix-ui/react-label': [ '2.1.7' ],
1241 silly audit   '@radix-ui/react-menu': [ '2.1.16' ],
1241 silly audit   '@radix-ui/react-menubar': [ '1.1.16' ],
1241 silly audit   '@radix-ui/react-popover': [ '1.1.15' ],
1241 silly audit   '@radix-ui/react-popper': [ '1.2.8' ],
1241 silly audit   '@radix-ui/react-portal': [ '1.1.9' ],
1241 silly audit   '@radix-ui/react-presence': [ '1.1.5' ],
1241 silly audit   '@radix-ui/react-primitive': [ '2.1.3' ],
1241 silly audit   '@radix-ui/react-progress': [ '1.1.7' ],
1241 silly audit   '@radix-ui/react-radio-group': [ '1.3.8' ],
1241 silly audit   '@radix-ui/react-roving-focus': [ '1.1.11' ],
1241 silly audit   '@radix-ui/react-scroll-area': [ '1.2.10' ],
1241 silly audit   '@radix-ui/react-select': [ '2.2.6' ],
1241 silly audit   '@radix-ui/react-separator': [ '1.1.7' ],
1241 silly audit   '@radix-ui/react-slider': [ '1.3.6' ],
1241 silly audit   '@radix-ui/react-slot': [ '1.2.3' ],
1241 silly audit   '@radix-ui/react-switch': [ '1.2.6' ],
1241 silly audit   '@radix-ui/react-tabs': [ '1.1.13' ],
1241 silly audit   '@radix-ui/react-toast': [ '1.2.15' ],
1241 silly audit   '@radix-ui/react-tooltip': [ '1.2.8' ],
1241 silly audit   '@radix-ui/react-use-callback-ref': [ '1.1.1' ],
1241 silly audit   '@radix-ui/react-use-controllable-state': [ '1.2.2' ],
1241 silly audit   '@radix-ui/react-use-effect-event': [ '0.0.2' ],
1241 silly audit   '@radix-ui/react-use-escape-keydown': [ '1.1.1' ],
1241 silly audit   '@radix-ui/react-use-is-hydrated': [ '0.1.0' ],
1241 silly audit   '@radix-ui/react-use-layout-effect': [ '1.1.1' ],
1241 silly audit   '@radix-ui/react-use-previous': [ '1.1.1' ],
1241 silly audit   '@radix-ui/react-use-rect': [ '1.1.1' ],
1241 silly audit   '@radix-ui/react-use-size': [ '1.1.1' ],
1241 silly audit   '@radix-ui/react-visually-hidden': [ '1.2.3' ],
1241 silly audit   '@radix-ui/rect': [ '1.1.1' ],
1241 silly audit   '@react-pdf/fns': [ '2.2.1', '3.1.2' ],
1241 silly audit   '@react-pdf/font': [ '2.5.2', '4.0.3' ],
1241 silly audit   '@react-pdf/image': [ '2.3.6' ],
1241 silly audit   '@react-pdf/layout': [ '3.13.0' ],
1241 silly audit   '@react-pdf/pdfkit': [ '3.2.0', '4.0.4' ],
1241 silly audit   '@react-pdf/png-js': [ '2.3.1', '3.0.0' ],
1241 silly audit   '@react-pdf/primitives': [ '3.1.1', '4.1.1' ],
1241 silly audit   '@react-pdf/render': [ '3.5.0' ],
1241 silly audit   '@react-pdf/renderer': [ '3.4.5' ],
1241 silly audit   '@react-pdf/stylesheet': [ '4.3.0', '6.1.1' ],
1241 silly audit   '@react-pdf/textkit': [ '4.4.1' ],
1241 silly audit   '@react-pdf/types': [ '2.9.1' ],
1241 silly audit   '@rtsao/scc': [ '1.1.0' ],
1241 silly audit   '@rushstack/eslint-patch': [ '1.14.0' ],
1241 silly audit   '@smithy/abort-controller': [ '4.2.4' ],
1241 silly audit   '@smithy/chunked-blob-reader': [ '5.2.0' ],
1241 silly audit   '@smithy/chunked-blob-reader-native': [ '4.2.1' ],
1241 silly audit   '@smithy/config-resolver': [ '4.4.2' ],
1241 silly audit   '@smithy/core': [ '3.17.2' ],
1241 silly audit   '@smithy/credential-provider-imds': [ '4.2.4' ],
1241 silly audit   '@smithy/eventstream-codec': [ '4.2.4' ],
1241 silly audit   '@smithy/eventstream-serde-browser': [ '4.2.4' ],
1241 silly audit   '@smithy/eventstream-serde-config-resolver': [ '4.3.4' ],
1241 silly audit   '@smithy/eventstream-serde-node': [ '4.2.4' ],
1241 silly audit   '@smithy/eventstream-serde-universal': [ '4.2.4' ],
1241 silly audit   '@smithy/fetch-http-handler': [ '5.3.5' ],
1241 silly audit   '@smithy/hash-blob-browser': [ '4.2.5' ],
1241 silly audit   '@smithy/hash-node': [ '4.2.4' ],
1241 silly audit   '@smithy/hash-stream-node': [ '4.2.4' ],
1241 silly audit   '@smithy/invalid-dependency': [ '4.2.4' ],
1241 silly audit   '@smithy/md5-js': [ '4.2.4' ],
1241 silly audit   '@smithy/middleware-content-length': [ '4.2.4' ],
1241 silly audit   '@smithy/middleware-endpoint': [ '4.3.6' ],
1241 silly audit   '@smithy/middleware-retry': [ '4.4.6' ],
1241 silly audit   '@smithy/middleware-serde': [ '4.2.4' ],
1241 silly audit   '@smithy/middleware-stack': [ '4.2.4' ],
1241 silly audit   '@smithy/node-config-provider': [ '4.3.4' ],
1241 silly audit   '@smithy/node-http-handler': [ '4.4.4' ],
1241 silly audit   '@smithy/property-provider': [ '4.2.4' ],
1241 silly audit   '@smithy/protocol-http': [ '5.3.4' ],
1241 silly audit   '@smithy/querystring-builder': [ '4.2.4' ],
1241 silly audit   '@smithy/querystring-parser': [ '4.2.4' ],
1241 silly audit   '@smithy/service-error-classification': [ '4.2.4' ],
1241 silly audit   '@smithy/shared-ini-file-loader': [ '4.3.4' ],
1241 silly audit   '@smithy/signature-v4': [ '5.3.4' ],
1241 silly audit   '@smithy/smithy-client': [ '4.9.2' ],
1241 silly audit   '@smithy/types': [ '4.8.1' ],
1241 silly audit   '@smithy/url-parser': [ '4.2.4' ],
1241 silly audit   '@smithy/util-base64': [ '4.3.0' ],
1241 silly audit   '@smithy/util-body-length-browser': [ '4.2.0' ],
1241 silly audit   '@smithy/util-body-length-node': [ '4.2.1' ],
1241 silly audit   '@smithy/util-config-provider': [ '4.2.0' ],
1241 silly audit   '@smithy/util-defaults-mode-browser': [ '4.3.5' ],
1241 silly audit   '@smithy/util-defaults-mode-node': [ '4.2.8' ],
1241 silly audit   '@smithy/util-endpoints': [ '3.2.4' ],
1241 silly audit   '@smithy/util-hex-encoding': [ '4.2.0' ],
1241 silly audit   '@smithy/util-middleware': [ '4.2.4' ],
1241 silly audit   '@smithy/util-retry': [ '4.2.4' ],
1241 silly audit   '@smithy/util-stream': [ '4.5.5' ],
1241 silly audit   '@smithy/util-uri-escape': [ '4.2.0' ],
1241 silly audit   '@smithy/util-waiter': [ '4.2.4' ],
1241 silly audit   '@smithy/uuid': [ '1.1.0' ],
1241 silly audit   '@swc/counter': [ '0.1.3' ],
1241 silly audit   '@swc/helpers': [ '0.5.17', '0.5.5' ],
1241 silly audit   '@tabler/icons': [ '3.35.0' ],
1241 silly audit   '@tabler/icons-react': [ '3.35.0' ],
1241 silly audit   '@tailwindcss/typography': [ '0.5.19' ],
1241 silly audit   '@tanstack/query-core': [ '5.90.5' ],
1241 silly audit   '@tanstack/react-query': [ '5.90.5' ],
1241 silly audit   '@telegram-apps/init-data-node': [ '2.0.10' ],
1241 silly audit   '@telegram-apps/toolkit': [ '2.1.3' ],
1241 silly audit   '@telegram-apps/transformers': [ '2.2.6' ],
1241 silly audit   '@telegram-apps/types': [ '2.0.3' ],
1241 silly audit   '@tybys/wasm-util': [ '0.10.1' ],
1241 silly audit   '@types/caseless': [ '0.12.5' ],
1241 silly audit   '@types/d3-array': [ '3.2.2' ],
1241 silly audit   '@types/d3-color': [ '3.1.3' ],
1241 silly audit   '@types/d3-ease': [ '3.0.2' ],
1241 silly audit   '@types/d3-interpolate': [ '3.0.4' ],
1241 silly audit   '@types/d3-path': [ '3.1.1' ],
1241 silly audit   '@types/d3-scale': [ '4.0.9' ],
1241 silly audit   '@types/d3-shape': [ '3.1.7' ],
1241 silly audit   '@types/d3-time': [ '3.0.4' ],
1241 silly audit   '@types/d3-timer': [ '3.0.2' ],
1241 silly audit   '@types/debug': [ '4.1.12' ],
1241 silly audit   '@types/eslint': [ '9.6.1' ],
1241 silly audit   '@types/eslint-scope': [ '3.7.7' ],
1241 silly audit   '@types/estree': [ '1.0.8' ],
1241 silly audit   '@types/estree-jsx': [ '1.0.5' ],
1241 silly audit   '@types/file-saver': [ '2.0.7' ],
1241 silly audit   '@types/hast': [ '3.0.4' ],
1241 silly audit   '@types/json-schema': [ '7.0.15' ],
1241 silly audit   '@types/json5': [ '0.0.29' ],
1241 silly audit   '@types/lodash': [ '4.17.20' ],
1241 silly audit   '@types/mdast': [ '4.0.4' ],
1241 silly audit   '@types/ms': [ '2.1.0' ],
1241 silly audit   '@types/node': [ '20.19.23', '22.19.3' ],
1241 silly audit   '@types/node-telegram-bot-api': [ '0.64.11' ],
1241 silly audit   '@types/prop-types': [ '15.7.15' ],
1241 silly audit   '@types/react': [ '18.3.26' ],
1241 silly audit   '@types/react-dom': [ '18.3.7' ],
1241 silly audit   '@types/react-pdf': [ '7.0.0' ],
1241 silly audit   '@types/request': [ '2.48.13' ],
1241 silly audit   '@types/tough-cookie': [ '4.0.5' ],
1241 silly audit   '@types/unist': [ '3.0.3', '2.0.11' ],
1241 silly audit   '@types/uuid': [ '10.0.0' ],
1241 silly audit   '@typescript-eslint/parser': [ '7.2.0' ],
1241 silly audit   '@typescript-eslint/scope-manager': [ '7.2.0' ],
1241 silly audit   '@typescript-eslint/types': [ '7.2.0' ],
1241 silly audit   '@typescript-eslint/typescript-estree': [ '7.2.0' ],
1241 silly audit   'brace-expansion': [ '2.0.2', '1.1.12' ],
1241 silly audit   minimatch: [ '9.0.3', '9.0.5', '3.1.2' ],
1241 silly audit   '@typescript-eslint/visitor-keys': [ '7.2.0' ],
1241 silly audit   '@ungap/structured-clone': [ '1.3.0' ],
1241 silly audit   '@unrs/resolver-binding-android-arm-eabi': [ '1.11.1' ],
1241 silly audit   '@unrs/resolver-binding-android-arm64': [ '1.11.1' ],
1241 silly audit   '@unrs/resolver-binding-darwin-arm64': [ '1.11.1' ],
1241 silly audit   '@unrs/resolver-binding-darwin-x64': [ '1.11.1' ],
1241 silly audit   '@unrs/resolver-binding-freebsd-x64': [ '1.11.1' ],
1241 silly audit   '@unrs/resolver-binding-linux-arm-gnueabihf': [ '1.11.1' ],
1241 silly audit   '@unrs/resolver-binding-linux-arm-musleabihf': [ '1.11.1' ],
1241 silly audit   '@unrs/resolver-binding-linux-arm64-gnu': [ '1.11.1' ],
1241 silly audit   '@unrs/resolver-binding-linux-arm64-musl': [ '1.11.1' ],
1241 silly audit   '@unrs/resolver-binding-linux-ppc64-gnu': [ '1.11.1' ],
1241 silly audit   '@unrs/resolver-binding-linux-riscv64-gnu': [ '1.11.1' ],
1241 silly audit   '@unrs/resolver-binding-linux-riscv64-musl': [ '1.11.1' ],
1241 silly audit   '@unrs/resolver-binding-linux-s390x-gnu': [ '1.11.1' ],
1241 silly audit   '@unrs/resolver-binding-linux-x64-gnu': [ '1.11.1' ],
1241 silly audit   '@unrs/resolver-binding-linux-x64-musl': [ '1.11.1' ],
1241 silly audit   '@unrs/resolver-binding-wasm32-wasi': [ '1.11.1' ],
1241 silly audit   '@unrs/resolver-binding-win32-arm64-msvc': [ '1.11.1' ],
1241 silly audit   '@unrs/resolver-binding-win32-ia32-msvc': [ '1.11.1' ],
1241 silly audit   '@unrs/resolver-binding-win32-x64-msvc': [ '1.11.1' ],
1241 silly audit   '@webassemblyjs/ast': [ '1.14.1' ],
1241 silly audit   '@webassemblyjs/floating-point-hex-parser': [ '1.13.2' ],
1241 silly audit   '@webassemblyjs/helper-api-error': [ '1.13.2' ],
1241 silly audit   '@webassemblyjs/helper-buffer': [ '1.14.1' ],
1241 silly audit   '@webassemblyjs/helper-numbers': [ '1.13.2' ],
1241 silly audit   '@webassemblyjs/helper-wasm-bytecode': [ '1.13.2' ],
1241 silly audit   '@webassemblyjs/helper-wasm-section': [ '1.14.1' ],
1241 silly audit   '@webassemblyjs/ieee754': [ '1.13.2' ],
1241 silly audit   '@webassemblyjs/leb128': [ '1.13.2' ],
1241 silly audit   '@webassemblyjs/utf8': [ '1.13.2' ],
1241 silly audit   '@webassemblyjs/wasm-edit': [ '1.14.1' ],
1241 silly audit   '@webassemblyjs/wasm-gen': [ '1.14.1' ],
1241 silly audit   '@webassemblyjs/wasm-opt': [ '1.14.1' ],
1241 silly audit   '@webassemblyjs/wasm-parser': [ '1.14.1' ],
1241 silly audit   '@webassemblyjs/wast-printer': [ '1.14.1' ],
1241 silly audit   '@xtuc/ieee754': [ '1.2.0' ],
1241 silly audit   '@xtuc/long': [ '4.2.2' ],
1241 silly audit   '@yarnpkg/lockfile': [ '1.1.0' ],
1241 silly audit   'abs-svg-path': [ '0.1.1' ],
1241 silly audit   acorn: [ '8.15.0' ],
1241 silly audit   'acorn-import-phases': [ '1.0.4' ],
1241 silly audit   'acorn-jsx': [ '5.3.2' ],
1241 silly audit   'adler-32': [ '1.3.1' ],
1241 silly audit   ajv: [ '6.12.6', '8.17.1' ],
1241 silly audit   'ajv-formats': [ '2.1.1' ],
1241 silly audit   'json-schema-traverse': [ '1.0.0', '0.4.1' ],
1241 silly audit   'ajv-keywords': [ '3.5.2', '5.1.0' ],
1241 silly audit   'ansi-styles': [ '4.3.0', '6.2.3' ],
1241 silly audit   'any-promise': [ '1.3.0' ],
1241 silly audit   anymatch: [ '3.1.3' ],
1241 silly audit   arg: [ '5.0.2' ],
1241 silly audit   argparse: [ '2.0.1' ],
1241 silly audit   'aria-hidden': [ '1.2.6' ],
1241 silly audit   'aria-query': [ '5.3.2' ],
1241 silly audit   'array-buffer-byte-length': [ '1.0.2' ],
1241 silly audit   'array-includes': [ '3.1.9' ],
1241 silly audit   'array-union': [ '2.1.0' ],
1241 silly audit   'array.prototype.findindex': [ '2.2.4' ],
1241 silly audit   'array.prototype.findlast': [ '1.2.5' ],
1241 silly audit   'array.prototype.findlastindex': [ '1.2.6' ],
1241 silly audit   'array.prototype.flat': [ '1.3.3' ],
1241 silly audit   'array.prototype.flatmap': [ '1.3.3' ],
1241 silly audit   'array.prototype.tosorted': [ '1.1.4' ],
1241 silly audit   'arraybuffer.prototype.slice': [ '1.0.4' ],
1241 silly audit   asn1: [ '0.2.6' ],
1241 silly audit   'assert-plus': [ '1.0.0' ],
1241 silly audit   'ast-types-flow': [ '0.0.8' ],
1241 silly audit   'async-function': [ '1.0.0' ],
1241 silly audit   asynckit: [ '0.4.0' ],
1241 silly audit   'attr-accept': [ '2.2.5' ],
1241 silly audit   'available-typed-arrays': [ '1.0.7' ],
1241 silly audit   'aws-sign2': [ '0.7.0' ],
1241 silly audit   aws4: [ '1.13.2' ],
1241 silly audit   'axe-core': [ '4.11.0' ],
1241 silly audit   axios: [ '1.12.2' ],
1241 silly audit   'axobject-query': [ '4.1.0' ],
1241 silly audit   bail: [ '2.0.2' ],
1241 silly audit   'balanced-match': [ '1.0.2' ],
1241 silly audit   'base64-js': [ '1.5.1', '0.0.8' ],
1241 silly audit   'bcrypt-pbkdf': [ '1.0.2' ],
1241 silly audit   'bidi-js': [ '1.0.3' ],
1241 silly audit   'big.js': [ '5.2.2' ],
1241 silly audit   'binary-extensions': [ '2.3.0' ],
1241 silly audit   bl: [ '1.2.3' ],
1241 silly audit   bluebird: [ '3.7.2' ],
1241 silly audit   bowser: [ '2.12.1' ],
1241 silly audit   braces: [ '3.0.3' ],
1241 silly audit   brotli: [ '1.3.3' ],
1241 silly audit   'browserify-zlib': [ '0.2.0' ],
1241 silly audit   browserslist: [ '4.23.1' ],
1241 silly audit   'buffer-from': [ '1.1.2' ],
1241 silly audit   busboy: [ '1.6.0' ],
1241 silly audit   'call-bind': [ '1.0.8' ],
1241 silly audit   'call-bind-apply-helpers': [ '1.0.2' ],
1241 silly audit   'call-bound': [ '1.0.4' ],
1241 silly audit   callsites: [ '3.1.0' ],
1241 silly audit   'camelcase-css': [ '2.0.1' ],
1241 silly audit   'caniuse-lite': [ '1.0.30001751' ],
1241 silly audit   caseless: [ '0.12.0' ],
1241 silly audit   ccount: [ '2.0.1' ],
1241 silly audit   cfb: [ '1.2.2' ],
1241 silly audit   chalk: [ '4.1.2' ],
1241 silly audit   'character-entities': [ '2.0.2' ],
1241 silly audit   'character-entities-html4': [ '2.1.0' ],
1241 silly audit   'character-entities-legacy': [ '3.0.0' ],
1241 silly audit   'character-reference-invalid': [ '2.0.1' ],
1241 silly audit   chokidar: [ '3.6.0' ],
1241 silly audit   'glob-parent': [ '5.1.2', '6.0.2' ],
1241 silly audit   'chrome-trace-event': [ '1.0.4' ],
1241 silly audit   'ci-info': [ '3.9.0' ],
1241 silly audit   'class-variance-authority': [ '0.7.1' ],
1241 silly audit   'client-only': [ '0.0.1' ],
1241 silly audit   cliui: [ '8.0.1' ],
1241 silly audit   'emoji-regex': [ '8.0.0', '10.6.0', '9.2.2' ],
1241 silly audit   'string-width': [ '4.2.3', '5.1.2' ],
1241 silly audit   'wrap-ansi': [ '7.0.0', '8.1.0' ],
1241 silly audit   clone: [ '2.1.2' ],
1241 silly audit   clsx: [ '2.1.1' ],
1241 silly audit   codepage: [ '1.15.0' ],
1241 silly audit   'color-convert': [ '2.0.1' ],
1241 silly audit   'color-name': [ '1.1.4' ],
1241 silly audit   'color-string': [ '1.9.1' ],
1241 silly audit   'combined-stream': [ '1.0.8' ],
1241 silly audit   'comma-separated-tokens': [ '2.0.3' ],
1241 silly audit   commander: [ '4.1.1', '2.20.3' ],
1241 silly audit   'concat-map': [ '0.0.1' ],
1241 silly audit   'core-util-is': [ '1.0.3', '1.0.2' ],
1241 silly audit   'crc-32': [ '1.2.2' ],
1241 silly audit   'cross-fetch': [ '3.2.0' ],
1241 silly audit   'cross-spawn': [ '7.0.6' ],
1241 silly audit   'crypto-js': [ '4.2.0' ],
1241 silly audit   cssesc: [ '3.0.0' ],
1241 silly audit   csstype: [ '3.1.3' ],
1241 silly audit   'd3-array': [ '3.2.4' ],
1241 silly audit   'd3-color': [ '3.1.0' ],
1241 silly audit   'd3-ease': [ '3.0.1' ],
1241 silly audit   'd3-format': [ '3.1.0' ],
1241 silly audit   'd3-interpolate': [ '3.0.1' ],
1241 silly audit   'd3-path': [ '3.1.0' ],
1241 silly audit   'd3-scale': [ '4.0.2' ],
1241 silly audit   'd3-shape': [ '3.2.0' ],
1241 silly audit   'd3-time': [ '3.1.0' ],
1241 silly audit   'd3-time-format': [ '4.1.0' ],
1241 silly audit   'd3-timer': [ '3.0.1' ],
1241 silly audit   'damerau-levenshtein': [ '1.0.8' ],
1241 silly audit   dashdash: [ '1.14.1' ],
1241 silly audit   'data-view-buffer': [ '1.0.2' ],
1241 silly audit   'data-view-byte-length': [ '1.0.2' ],
1241 silly audit   'data-view-byte-offset': [ '1.0.1' ],
1241 silly audit   'date-fns': [ '3.6.0' ],
1241 silly audit   debug: [ '4.4.3', '3.2.7' ],
1241 silly audit   'decimal.js-light': [ '2.5.1' ],
1241 silly audit   'decode-named-character-reference': [ '1.2.0' ],
1241 silly audit   'deep-is': [ '0.1.4' ],
1241 silly audit   'define-data-property': [ '1.1.4' ],
1241 silly audit   'define-properties': [ '1.2.1' ],
1241 silly audit   'delayed-stream': [ '1.0.0' ],
1241 silly audit   dequal: [ '2.0.3' ],
1241 silly audit   'detect-node-es': [ '1.1.0' ],
1241 silly audit   devlop: [ '1.1.0' ],
1241 silly audit   dfa: [ '1.2.0' ],
1241 silly audit   didyoumean: [ '1.2.2' ],
1241 silly audit   'dir-glob': [ '3.0.1' ],
1241 silly audit   dlv: [ '1.1.3' ],
1241 silly audit   doctrine: [ '3.0.0', '2.1.0' ],
1241 silly audit   docx: [ '8.5.0' ],
1241 silly audit   'dom-helpers': [ '5.2.1' ],
1241 silly audit   dotenv: [ '16.6.1' ],
1241 silly audit   'dunder-proto': [ '1.0.1' ],
1241 silly audit   eastasianwidth: [ '0.2.0' ],
1241 silly audit   'ecc-jsbn': [ '0.1.2' ],
1241 silly audit   'electron-to-chromium': [ '1.5.237' ],
1241 silly audit   'emojis-list': [ '3.0.0' ],
1241 silly audit   'end-of-stream': [ '1.4.5' ],
1241 silly audit   'enhanced-resolve': [ '5.18.3' ],
1241 silly audit   'error-kid': [ '0.0.7' ],
1241 silly audit   'es-abstract': [ '1.24.0' ],
1241 silly audit   'es-define-property': [ '1.0.1' ],
1241 silly audit   'es-errors': [ '1.3.0' ],
1241 silly audit   'es-iterator-helpers': [ '1.2.1' ],
1241 silly audit   'es-module-lexer': [ '1.7.0' ],
1241 silly audit   'es-object-atoms': [ '1.1.1' ],
1241 silly audit   'es-set-tostringtag': [ '2.1.0' ],
1241 silly audit   'es-shim-unscopables': [ '1.1.0' ],
1241 silly audit   'es-to-primitive': [ '1.3.0' ],
1241 silly audit   escalade: [ '3.2.0' ],
1241 silly audit   'escape-string-regexp': [ '4.0.0', '5.0.0' ],
1241 silly audit   eslint: [ '8.57.1' ],
1241 silly audit   'eslint-config-next': [ '14.2.5' ],
1241 silly audit   'eslint-import-resolver-node': [ '0.3.9' ],
1241 silly audit   'eslint-import-resolver-typescript': [ '3.10.1' ],
1241 silly audit   'eslint-module-utils': [ '2.12.1' ],
1241 silly audit   'eslint-plugin-import': [ '2.32.0' ],
1241 silly audit   semver: [ '6.3.1', '7.7.3' ],
1241 silly audit   'eslint-plugin-jsx-a11y': [ '6.10.2' ],
1241 silly audit   'eslint-plugin-react': [ '7.37.5' ],
1241 silly audit   'eslint-plugin-react-hooks': [ '5.0.0-canary-7118f5dd7-20230705' ],
1241 silly audit   resolve: [ '2.0.0-next.5', '1.22.11' ],
1241 silly audit   'eslint-scope': [ '7.2.2', '5.1.1' ],
1241 silly audit   'eslint-visitor-keys': [ '3.4.3' ],
1241 silly audit   espree: [ '9.6.1' ],
1241 silly audit   esquery: [ '1.6.0' ],
1241 silly audit   esrecurse: [ '4.3.0' ],
1241 silly audit   estraverse: [ '5.3.0', '4.3.0' ],
1241 silly audit   'estree-util-is-identifier-name': [ '3.0.0' ],
1241 silly audit   esutils: [ '2.0.3' ],
1241 silly audit   eventemitter3: [ '3.1.2', '4.0.7' ],
1241 silly audit   events: [ '3.3.0' ],
1241 silly audit   extend: [ '3.0.2' ],
1241 silly audit   extsprintf: [ '1.3.0' ],
1241 silly audit   'fast-deep-equal': [ '3.1.3' ],
1241 silly audit   'fast-equals': [ '5.3.2' ],
1241 silly audit   'fast-glob': [ '3.3.3' ],
1241 silly audit   'fast-json-stable-stringify': [ '2.1.0' ],
1241 silly audit   'fast-levenshtein': [ '2.0.6' ],
1241 silly audit   'fast-uri': [ '3.1.0' ],
1241 silly audit   fastq: [ '1.19.1' ],
1241 silly audit   'faye-websocket': [ '0.11.4' ],
1241 silly audit   'file-entry-cache': [ '6.0.1' ],
1241 silly audit   'file-saver': [ '2.0.5' ],
1241 silly audit   'file-selector': [ '2.1.2' ],
1241 silly audit   'file-type': [ '3.9.0' ],
1241 silly audit   'fill-range': [ '7.1.1' ],
1241 silly audit   'find-up': [ '5.0.0' ],
1241 silly audit   'find-yarn-workspace-root': [ '2.0.0' ],
1241 silly audit   'flat-cache': [ '3.2.0' ],
1241 silly audit   flatted: [ '3.3.3' ],
1241 silly audit   'follow-redirects': [ '1.15.11' ],
1241 silly audit   fontkit: [ '2.0.4' ],
1241 silly audit   'for-each': [ '0.3.5' ],
1241 silly audit   'foreground-child': [ '3.3.1' ],
1241 silly audit   'forever-agent': [ '0.6.1' ],
1241 silly audit   frac: [ '1.1.2' ],
1241 silly audit   'framer-motion': [ '11.18.2' ],
1241 silly audit   'fs-extra': [ '10.1.0' ],
1241 silly audit   'fs.realpath': [ '1.0.0' ],
1241 silly audit   fsevents: [ '2.3.3' ],
1241 silly audit   'function-bind': [ '1.1.2' ],
1241 silly audit   'function.prototype.name': [ '1.1.8' ],
1241 silly audit   'functions-have-names': [ '1.2.3' ],
1241 silly audit   'generator-function': [ '2.0.1' ],
1241 silly audit   'get-caller-file': [ '2.0.5' ],
1241 silly audit   'get-intrinsic': [ '1.3.0' ],
1241 silly audit   'get-nonce': [ '1.0.1' ],
1241 silly audit   'get-proto': [ '1.0.1' ],
1241 silly audit   'get-symbol-description': [ '1.1.0' ],
1241 silly audit   'get-tsconfig': [ '4.12.0' ],
1241 silly audit   getpass: [ '0.1.7' ],
1241 silly audit   glob: [ '10.3.10', '7.2.3' ],
1241 silly audit   'glob-to-regexp': [ '0.4.1' ],
1241 silly audit   globals: [ '13.24.0' ],
1241 silly audit   globalthis: [ '1.0.4' ],
1241 silly audit   globby: [ '11.1.0' ],
1241 silly audit   gopd: [ '1.2.0' ],
1241 silly audit   'graceful-fs': [ '4.2.11' ],
1241 silly audit   graphemer: [ '1.4.0' ],
1241 silly audit   'har-schema': [ '2.0.0' ],
1241 silly audit   'har-validator': [ '5.1.5' ],
1241 silly audit   'has-bigints': [ '1.1.0' ],
1241 silly audit   'has-flag': [ '4.0.0' ],
1241 silly audit   'has-property-descriptors': [ '1.0.2' ],
1241 silly audit   'has-proto': [ '1.2.0' ],
1241 silly audit   'has-symbols': [ '1.1.0' ],
1241 silly audit   'has-tostringtag': [ '1.0.2' ],
1241 silly audit   hasown: [ '2.0.2' ],
1241 silly audit   'hast-util-to-jsx-runtime': [ '2.3.6' ],
1241 silly audit   'hast-util-whitespace': [ '3.0.0' ],
1241 silly audit   'hsl-to-hex': [ '1.0.0' ],
1241 silly audit   'hsl-to-rgb-for-reals': [ '1.1.1' ],
1241 silly audit   'html-url-attributes': [ '3.0.1' ],
1241 silly audit   'http-parser-js': [ '0.5.10' ],
1241 silly audit   'http-signature': [ '1.4.0', '1.2.0' ],
1241 silly audit   hyphen: [ '1.10.6' ],
1241 silly audit   ignore: [ '5.3.2' ],
1241 silly audit   immediate: [ '3.0.6' ],
1241 silly audit   'import-fresh': [ '3.3.1' ],
1241 silly audit   imurmurhash: [ '0.1.4' ],
1241 silly audit   inflight: [ '1.0.6' ],
1241 silly audit   inherits: [ '2.0.4' ],
1241 silly audit   'inline-style-parser': [ '0.2.4' ],
1241 silly audit   'internal-slot': [ '1.1.0' ],
1241 silly audit   internmap: [ '2.0.3' ],
1241 silly audit   'is-alphabetical': [ '2.0.1' ],
1241 silly audit   'is-alphanumerical': [ '2.0.1' ],
1241 silly audit   'is-array-buffer': [ '3.0.5' ],
1241 silly audit   'is-arrayish': [ '0.3.4' ],
1241 silly audit   'is-async-function': [ '2.1.1' ],
1241 silly audit   'is-bigint': [ '1.1.0' ],
1241 silly audit   'is-binary-path': [ '2.1.0' ],
1241 silly audit   'is-boolean-object': [ '1.2.2' ],
1241 silly audit   'is-bun-module': [ '2.0.0' ],
1241 silly audit   'is-callable': [ '1.2.7' ],
1241 silly audit   'is-core-module': [ '2.16.1' ],
1241 silly audit   'is-data-view': [ '1.0.2' ],
1241 silly audit   'is-date-object': [ '1.1.0' ],
1241 silly audit   'is-decimal': [ '2.0.1' ],
1241 silly audit   'is-docker': [ '2.2.1' ],
1241 silly audit   'is-extglob': [ '2.1.1' ],
1241 silly audit   'is-finalizationregistry': [ '1.1.1' ],
1241 silly audit   'is-fullwidth-code-point': [ '3.0.0' ],
1241 silly audit   'is-generator-function': [ '1.1.2' ],
1241 silly audit   'is-glob': [ '4.0.3' ],
1241 silly audit   'is-hexadecimal': [ '2.0.1' ],
1241 silly audit   'is-map': [ '2.0.3' ],
1241 silly audit   'is-negative-zero': [ '2.0.3' ],
1241 silly audit   'is-number': [ '7.0.0' ],
1241 silly audit   'is-number-object': [ '1.1.1' ],
1241 silly audit   'is-path-inside': [ '3.0.3' ],
1241 silly audit   'is-plain-obj': [ '4.1.0' ],
1241 silly audit   'is-regex': [ '1.2.1' ],
1241 silly audit   'is-set': [ '2.0.3' ],
1241 silly audit   'is-shared-array-buffer': [ '1.0.4' ],
1241 silly audit   'is-string': [ '1.1.1' ],
1241 silly audit   'is-symbol': [ '1.1.1' ],
1241 silly audit   'is-typed-array': [ '1.1.15' ],
1241 silly audit   'is-typedarray': [ '1.0.0' ],
1241 silly audit   'is-url': [ '1.2.4' ],
1241 silly audit   'is-weakmap': [ '2.0.2' ],
1241 silly audit   'is-weakref': [ '1.1.1' ],
1241 silly audit   'is-weakset': [ '2.0.4' ],
1241 silly audit   'is-wsl': [ '2.2.0' ],
1241 silly audit   isarray: [ '2.0.5', '1.0.0' ],
1241 silly audit   isexe: [ '2.0.0' ],
1241 silly audit   isstream: [ '0.1.2' ],
1241 silly audit   'iterator.prototype': [ '1.1.5' ],
1241 silly audit   jackspeak: [ '2.3.6' ],
1241 silly audit   'jay-peg': [ '1.1.1' ],
1241 silly audit   'jest-worker': [ '27.5.1' ],
1241 silly audit   'supports-color': [ '8.1.1', '7.2.0' ],
1241 silly audit   jiti: [ '1.21.7' ],
1241 silly audit   jose: [ '5.10.0', '4.15.9' ],
1241 silly audit   'js-tokens': [ '4.0.0' ],
1241 silly audit   'js-yaml': [ '4.1.0' ],
1241 silly audit   jsbn: [ '0.1.1' ],
1241 silly audit   'json-buffer': [ '3.0.1' ],
1241 silly audit   'json-parse-even-better-errors': [ '2.3.1' ],
1241 silly audit   'json-schema': [ '0.4.0' ],
1241 silly audit   'json-stable-stringify': [ '1.3.0' ],
1241 silly audit   'json-stable-stringify-without-jsonify': [ '1.0.1' ],
1241 silly audit   'json-stringify-safe': [ '5.0.1' ],
1241 silly audit   json5: [ '2.2.3', '1.0.2' ],
1241 silly audit   jsonfile: [ '6.2.0' ],
1241 silly audit   jsonify: [ '0.0.1' ],
1241 silly audit   jsprim: [ '2.0.2', '1.4.2' ],
1241 silly audit   'jsx-ast-utils': [ '3.3.5' ],
1241 silly audit   jszip: [ '3.10.1' ],
1241 silly audit   keyv: [ '4.5.4' ],
1241 silly audit   'klaw-sync': [ '6.0.0' ],
1241 silly audit   'language-subtag-registry': [ '0.3.23' ],
1241 silly audit   'language-tags': [ '1.0.9' ],
1241 silly audit   levn: [ '0.4.1' ],
1241 silly audit   lie: [ '3.3.0' ],
1241 silly audit   lilconfig: [ '3.1.3' ],
1241 silly audit   linebreak: [ '1.1.0' ],
1241 silly audit   'lines-and-columns': [ '1.2.4' ],
1241 silly audit   'loader-runner': [ '4.3.1' ],
1241 silly audit   'loader-utils': [ '2.0.4' ],
1241 silly audit   'locate-path': [ '6.0.0' ],
1241 silly audit   lodash: [ '4.17.21' ],
1241 silly audit   'lodash.camelcase': [ '4.3.0' ],
1241 silly audit   'lodash.merge': [ '4.6.2' ],
1241 silly audit   long: [ '5.3.2' ],
1241 silly audit   'longest-streak': [ '3.1.0' ],
1241 silly audit   'loose-envify': [ '1.4.0' ],
1241 silly audit   'lru-cache': [ '10.4.3', '6.0.0' ],
1241 silly audit   'lucide-react': [ '0.475.0' ],
1241 silly audit   'make-cancellable-promise': [ '2.0.0' ],
1241 silly audit   'make-event-props': [ '2.0.0' ],
1241 silly audit   'markdown-table': [ '3.0.4' ],
1241 silly audit   'math-intrinsics': [ '1.1.0' ],
1241 silly audit   'mdast-util-find-and-replace': [ '3.0.2' ],
1241 silly audit   'mdast-util-from-markdown': [ '2.0.2' ],
1241 silly audit   'mdast-util-gfm': [ '3.1.0' ],
1241 silly audit   'mdast-util-gfm-autolink-literal': [ '2.0.1' ],
1241 silly audit   'mdast-util-gfm-footnote': [ '2.1.0' ],
1241 silly audit   'mdast-util-gfm-strikethrough': [ '2.0.0' ],
1241 silly audit   'mdast-util-gfm-table': [ '2.0.0' ],
1241 silly audit   'mdast-util-gfm-task-list-item': [ '2.0.0' ],
1241 silly audit   'mdast-util-mdx-expression': [ '2.0.1' ],
1241 silly audit   'mdast-util-mdx-jsx': [ '3.2.0' ],
1241 silly audit   'mdast-util-mdxjs-esm': [ '2.0.1' ],
1241 silly audit   'mdast-util-phrasing': [ '4.1.0' ],
1241 silly audit   'mdast-util-to-hast': [ '13.2.0' ],
1241 silly audit   'mdast-util-to-markdown': [ '2.1.2' ],
1241 silly audit   'mdast-util-to-string': [ '4.0.0' ],
1241 silly audit   'media-engine': [ '1.0.3' ],
1241 silly audit   'merge-refs': [ '2.0.0' ],
1241 silly audit   'merge-stream': [ '2.0.0' ],
1241 silly audit   merge2: [ '1.4.1' ],
1241 silly audit   micromark: [ '4.0.2' ],
1241 silly audit   'micromark-core-commonmark': [ '2.0.3' ],
1241 silly audit   'micromark-extension-gfm': [ '3.0.0' ],
1241 silly audit   'micromark-extension-gfm-autolink-literal': [ '2.1.0' ],
1241 silly audit   'micromark-extension-gfm-footnote': [ '2.1.0' ],
1241 silly audit   'micromark-extension-gfm-strikethrough': [ '2.1.0' ],
1241 silly audit   'micromark-extension-gfm-table': [ '2.1.1' ],
1241 silly audit   'micromark-extension-gfm-tagfilter': [ '2.0.0' ],
1241 silly audit   'micromark-extension-gfm-task-list-item': [ '2.1.0' ],
1241 silly audit   'micromark-factory-destination': [ '2.0.1' ],
1241 silly audit   'micromark-factory-label': [ '2.0.1' ],
1241 silly audit   'micromark-factory-space': [ '2.0.1' ],
1241 silly audit   'micromark-factory-title': [ '2.0.1' ],
1241 silly audit   'micromark-factory-whitespace': [ '2.0.1' ],
1241 silly audit   'micromark-util-character': [ '2.1.1' ],
1241 silly audit   'micromark-util-chunked': [ '2.0.1' ],
1241 silly audit   'micromark-util-classify-character': [ '2.0.1' ],
1241 silly audit   'micromark-util-combine-extensions': [ '2.0.1' ],
1241 silly audit   'micromark-util-decode-numeric-character-reference': [ '2.0.2' ],
1241 silly audit   'micromark-util-decode-string': [ '2.0.1' ],
1241 silly audit   'micromark-util-encode': [ '2.0.1' ],
1241 silly audit   'micromark-util-html-tag-name': [ '2.0.1' ],
1241 silly audit   'micromark-util-normalize-identifier': [ '2.0.1' ],
1241 silly audit   'micromark-util-resolve-all': [ '2.0.1' ],
1241 silly audit   'micromark-util-sanitize-uri': [ '2.0.1' ],
1241 silly audit   'micromark-util-subtokenize': [ '2.1.0' ],
1241 silly audit   'micromark-util-symbol': [ '2.0.1' ],
1241 silly audit   'micromark-util-types': [ '2.0.2' ],
1241 silly audit   micromatch: [ '4.0.8' ],
1241 silly audit   mime: [ '1.6.0', '3.0.0' ],
1241 silly audit   'mime-db': [ '1.52.0' ],
1241 silly audit   'mime-types': [ '2.1.35' ],
1241 silly audit   minimist: [ '1.2.8' ],
1241 silly audit   minipass: [ '7.1.2' ],
1241 silly audit   'motion-dom': [ '11.18.1' ],
1241 silly audit   'motion-utils': [ '11.18.1' ],
1241 silly audit   ms: [ '2.1.3' ],
1241 silly audit   mz: [ '2.7.0' ],
1241 silly audit   nanoid: [ '5.1.6', '3.3.11' ],
1241 silly audit   'napi-postinstall': [ '0.3.4' ],
1241 silly audit   'natural-compare': [ '1.4.0' ],
1241 silly audit   'neo-async': [ '2.6.2' ],
1241 silly audit   next: [ '14.2.35' ],
1241 silly audit   'next-themes': [ '0.3.0' ],
1241 silly audit   postcss: [ '8.4.31', '8.5.6' ],
1241 silly audit   'node-fetch': [ '2.7.0' ],
1241 silly audit   'node-releases': [ '2.0.26' ],
1241 silly audit   'node-telegram-bot-api': [ '0.66.0' ],
1241 silly audit   'normalize-path': [ '3.0.0' ],
1241 silly audit   'normalize-svg-path': [ '1.1.0' ],
1241 silly audit   'null-loader': [ '4.0.1' ],
1241 silly audit   'oauth-sign': [ '0.9.0' ],
1241 silly audit   'object-assign': [ '4.1.1' ],
1241 silly audit   'object-hash': [ '3.0.0', '2.2.0' ],
1241 silly audit   'object-inspect': [ '1.13.4' ],
1241 silly audit   'object-keys': [ '1.1.1' ],
1241 silly audit   'object.assign': [ '4.1.7' ],
1241 silly audit   'object.entries': [ '1.1.9' ],
1241 silly audit   'object.fromentries': [ '2.0.8' ],
1241 silly audit   'object.groupby': [ '1.0.3' ],
1241 silly audit   'object.values': [ '1.2.1' ],
1241 silly audit   once: [ '1.4.0' ],
1241 silly audit   open: [ '7.4.2' ],
1241 silly audit   optionator: [ '0.9.4' ],
1241 silly audit   'own-keys': [ '1.0.1' ],
1241 silly audit   'p-limit': [ '3.1.0' ],
1241 silly audit   'p-locate': [ '5.0.0' ],
1241 silly audit   pako: [ '1.0.11', '0.2.9' ],
1241 silly audit   'parent-module': [ '1.0.1' ],
1241 silly audit   'parse-entities': [ '4.0.2' ],
1241 silly audit   'parse-svg-path': [ '0.1.2' ],
1241 silly audit   'patch-package': [ '8.0.1' ],
1241 silly audit   slash: [ '2.0.0', '3.0.0' ],
1241 silly audit   'path-exists': [ '4.0.0' ],
1241 silly audit   'path-is-absolute': [ '1.0.1' ],
1241 silly audit   'path-key': [ '3.1.1' ],
1241 silly audit   'path-parse': [ '1.0.7' ],
1241 silly audit   'path-scurry': [ '1.11.1' ],
1241 silly audit   'path-type': [ '4.0.0' ],
1241 silly audit   'pdf-lib': [ '1.17.1' ],
1241 silly audit   tslib: [ '1.14.1', '2.8.1' ],
1241 silly audit   'pdfjs-dist': [ '5.4.296' ],
1241 silly audit   'performance-now': [ '2.1.0' ],
1241 silly audit   picocolors: [ '1.1.1' ],
1241 silly audit   picomatch: [ '2.3.1', '4.0.3' ],
1241 silly audit   pify: [ '2.3.0' ],
1241 silly audit   pirates: [ '4.0.7' ],
1241 silly audit   'possible-typed-array-names': [ '1.1.0' ],
1241 silly audit   'postcss-import': [ '15.1.0' ],
1241 silly audit   'postcss-js': [ '4.1.0' ],
1241 silly audit   'postcss-load-config': [ '6.0.1' ],
1241 silly audit   'postcss-nested': [ '6.2.0' ],
1241 silly audit   'postcss-selector-parser': [ '6.1.2', '6.0.10' ],
1241 silly audit   'postcss-value-parser': [ '4.2.0' ],
1241 silly audit   'prelude-ls': [ '1.2.1' ],
1241 silly audit   'process-nextick-args': [ '2.0.1' ],
1241 silly audit   'prop-types': [ '15.8.1' ],
1241 silly audit   'property-information': [ '7.1.0' ],
1241 silly audit   protobufjs: [ '7.5.4' ],
1241 silly audit   'proxy-from-env': [ '1.1.0' ],
1241 silly audit   psl: [ '1.15.0' ],
1241 silly audit   pump: [ '2.0.1' ],
1241 silly audit   punycode: [ '2.3.1' ],
1241 silly audit   qs: [ '6.14.0', '6.5.3' ],
1241 silly audit   querystringify: [ '2.2.0' ],
1241 silly audit   queue: [ '6.0.2' ],
1241 silly audit   'queue-microtask': [ '1.2.3' ],
1241 silly audit   randombytes: [ '2.1.0' ],
1241 silly audit   react: [ '18.3.1' ],
1241 silly audit   'react-day-picker': [ '8.10.1' ],
1241 silly audit   'react-dom': [ '18.3.1' ],
1241 silly audit   scheduler: [ '0.23.2', '0.17.0' ],
1241 silly audit   'react-dropzone': [ '14.3.8' ],
1241 silly audit   'react-hook-form': [ '7.65.0' ],
1241 silly audit   'react-is': [ '16.13.1', '18.3.1' ],
1241 silly audit   'react-markdown': [ '9.1.0' ],
1241 silly audit   'react-pdf': [ '10.2.0' ],
1241 silly audit   'react-remove-scroll': [ '2.7.1' ],
1241 silly audit   'react-remove-scroll-bar': [ '2.3.8' ],
1241 silly audit   'react-smooth': [ '4.0.4' ],
1241 silly audit   'react-style-singleton': [ '2.2.3' ],
1241 silly audit   'react-transition-group': [ '4.4.5' ],
1241 silly audit   'read-cache': [ '1.0.0' ],
1241 silly audit   'readable-stream': [ '2.3.8', '3.6.2' ],
1241 silly audit   'safe-buffer': [ '5.1.2', '5.2.1' ],
1241 silly audit   readdirp: [ '3.6.0' ],
1241 silly audit   recharts: [ '2.15.4' ],
1241 silly audit   'recharts-scale': [ '0.4.5' ],
1241 silly audit   'reflect.getprototypeof': [ '1.0.10' ],
1241 silly audit   'regexp.prototype.flags': [ '1.5.4' ],
1241 silly audit   'remark-gfm': [ '4.0.1' ],
1241 silly audit   'remark-parse': [ '11.0.0' ],
1241 silly audit   'remark-rehype': [ '11.1.2' ],
1241 silly audit   'remark-stringify': [ '11.0.0' ],
1241 silly audit   request: [ '2.88.2' ],
1241 silly audit   'request-promise-core': [ '1.1.3' ],
1241 silly audit   'require-directory': [ '2.1.1' ],
1241 silly audit   'require-from-string': [ '2.0.2' ],
1241 silly audit   'requires-port': [ '1.0.0' ],
1241 silly audit   'resolve-from': [ '4.0.0' ],
1241 silly audit   'resolve-pkg-maps': [ '1.0.0' ],
1241 silly audit   restructure: [ '3.0.2' ],
1241 silly audit   reusify: [ '1.1.0' ],
1241 silly audit   rimraf: [ '3.0.2' ],
1241 silly audit   'run-parallel': [ '1.2.0' ],
1241 silly audit   'safe-array-concat': [ '1.1.3' ],
1241 silly audit   'safe-push-apply': [ '1.0.0' ],
1241 silly audit   'safe-regex-test': [ '1.1.0' ],
1241 silly audit   'safer-buffer': [ '2.1.2' ],
1241 silly audit   sax: [ '1.4.1' ],
1241 silly audit   'schema-utils': [ '3.3.0', '4.3.3' ],
1241 silly audit   'serialize-javascript': [ '6.0.2' ],
1241 silly audit   'set-function-length': [ '1.2.2' ],
1241 silly audit   'set-function-name': [ '2.0.2' ],
1241 silly audit   'set-proto': [ '1.0.0' ],
1241 silly audit   setimmediate: [ '1.0.5' ],
1241 silly audit   'shebang-command': [ '2.0.0' ],
1241 silly audit   'shebang-regex': [ '3.0.0' ],
1241 silly audit   'side-channel': [ '1.1.0' ],
1241 silly audit   'side-channel-list': [ '1.0.0' ],
1241 silly audit   'side-channel-map': [ '1.0.1' ],
1241 silly audit   'side-channel-weakmap': [ '1.0.2' ],
1241 silly audit   'signal-exit': [ '4.1.0' ],
1241 silly audit   'simple-swizzle': [ '0.2.4' ],
1241 silly audit   'source-map': [ '0.6.1' ],
1241 silly audit   'source-map-js': [ '1.2.1' ],
1241 silly audit   'source-map-support': [ '0.5.21' ],
1241 silly audit   'space-separated-tokens': [ '2.0.2' ],
1241 silly audit   ssf: [ '0.11.2' ],
1241 silly audit   sshpk: [ '1.18.0' ],
1241 silly audit   'stable-hash': [ '0.0.5' ],
1241 silly audit   'stealthy-require': [ '1.1.1' ],
1241 silly audit   'stop-iteration-iterator': [ '1.1.0' ],
1241 silly audit   streamsearch: [ '1.1.0' ],
1241 silly audit   string_decoder: [ '1.1.1' ],
1241 silly audit   'string.prototype.includes': [ '2.0.1' ],
1241 silly audit   'string.prototype.matchall': [ '4.0.12' ],
1241 silly audit   'string.prototype.repeat': [ '1.0.0' ],
1241 silly audit   'string.prototype.trim': [ '1.2.10' ],
1241 silly audit   'string.prototype.trimend': [ '1.0.9' ],
1241 silly audit   'string.prototype.trimstart': [ '1.0.8' ],
1241 silly audit   'stringify-entities': [ '4.0.4' ],
1241 silly audit   'strip-bom': [ '3.0.0' ],
1241 silly audit   'strip-json-comments': [ '3.1.1' ],
1241 silly audit   'style-to-js': [ '1.1.18' ],
1241 silly audit   'style-to-object': [ '1.0.11' ],
1241 silly audit   'styled-jsx': [ '5.1.1' ],
1241 silly audit   sucrase: [ '3.35.0' ],
1241 silly audit   'supports-preserve-symlinks-flag': [ '1.0.0' ],
1241 silly audit   'svg-arc-to-cubic-bezier': [ '3.2.0' ],
1241 silly audit   'tailwind-merge': [ '3.3.1' ],
1241 silly audit   tailwindcss: [ '3.4.18' ],
1241 silly audit   'tailwindcss-animate': [ '1.0.7' ],
1241 silly audit   tapable: [ '2.3.0' ],
1241 silly audit   terser: [ '5.44.0' ],
1241 silly audit   'terser-webpack-plugin': [ '5.3.14' ],
1241 silly audit   'text-table': [ '0.2.0' ],
1241 silly audit   thenify: [ '3.3.1' ],
1241 silly audit   'thenify-all': [ '1.6.0' ],
1241 silly audit   'tiny-inflate': [ '1.0.3' ],
1241 silly audit   'tiny-invariant': [ '1.3.3' ],
1241 silly audit   tinyglobby: [ '0.2.15' ],
1241 silly audit   fdir: [ '6.5.0' ],
1241 silly audit   tldts: [ '6.1.86' ],
1241 silly audit   'tldts-core': [ '6.1.86' ],
1241 silly audit   tmp: [ '0.2.5' ],
1241 silly audit   'to-regex-range': [ '5.0.1' ],
1241 silly audit   tr46: [ '0.0.3', '5.1.1' ],
1241 silly audit   'trim-lines': [ '3.0.1' ],
1241 silly audit   trough: [ '2.2.0' ],
1241 silly audit   'ts-api-utils': [ '1.4.3' ],
1241 silly audit   'ts-interface-checker': [ '0.1.13' ],
1241 silly audit   'tsconfig-paths': [ '3.15.0' ],
1241 silly audit   'tunnel-agent': [ '0.6.0' ],
1241 silly audit   tweetnacl: [ '0.14.5' ],
1241 silly audit   'type-check': [ '0.4.0' ],
1241 silly audit   'type-fest': [ '0.20.2' ],
1241 silly audit   'typed-array-buffer': [ '1.0.3' ],
1241 silly audit   'typed-array-byte-length': [ '1.0.3' ],
1241 silly audit   'typed-array-byte-offset': [ '1.0.4' ],
1241 silly audit   'typed-array-length': [ '1.0.7' ],
1241 silly audit   typescript: [ '5.9.3' ],
1241 silly audit   'unbox-primitive': [ '1.1.0' ],
1241 silly audit   'undici-types': [ '6.21.0' ],
1241 silly audit   'unicode-properties': [ '1.4.1' ],
1241 silly audit   'unicode-trie': [ '2.0.0' ],
1241 silly audit   unified: [ '11.0.5' ],
1241 silly audit   'unist-util-is': [ '6.0.1' ],
1241 silly audit   'unist-util-position': [ '5.0.0' ],
1241 silly audit   'unist-util-stringify-position': [ '4.0.0' ],
1241 silly audit   'unist-util-visit': [ '5.0.0' ],
1241 silly audit   'unist-util-visit-parents': [ '6.0.2' ],
1241 silly audit   'unrs-resolver': [ '1.11.1' ],
1241 silly audit   'update-browserslist-db': [ '1.1.3' ],
1241 silly audit   'uri-js': [ '4.4.1' ],
1241 silly audit   'url-parse': [ '1.5.10' ],
1241 silly audit   'use-callback-ref': [ '1.3.3' ],
1241 silly audit   'use-sidecar': [ '1.1.3' ],
1241 silly audit   'use-sync-external-store': [ '1.6.0' ],
1241 silly audit   'util-deprecate': [ '1.0.2' ],
1241 silly audit   valibot: [ '1.0.0-beta.14' ],
1241 silly audit   verror: [ '1.10.0' ],
1241 silly audit   vfile: [ '6.0.3' ],
1241 silly audit   'vfile-message': [ '4.0.3' ],
1241 silly audit   'victory-vendor': [ '36.9.2' ],
1241 silly audit   'vite-compatible-readable-stream': [ '3.6.1' ],
1241 silly audit   warning: [ '4.0.3' ],
1241 silly audit   watchpack: [ '2.4.4' ],
1241 silly audit   'webidl-conversions': [ '3.0.1', '7.0.0' ],
1241 silly audit   webpack: [ '5.102.1' ],
1241 silly audit   'webpack-sources': [ '3.3.3' ],
1241 silly audit   'websocket-driver': [ '0.7.4' ],
1241 silly audit   'websocket-extensions': [ '0.1.4' ],
1241 silly audit   'whatwg-url': [ '5.0.0', '14.2.0' ],
1241 silly audit   which: [ '2.0.2' ],
1241 silly audit   'which-boxed-primitive': [ '1.1.1' ],
1241 silly audit   'which-builtin-type': [ '1.2.1' ],
1241 silly audit   'which-collection': [ '1.0.2' ],
1241 silly audit   'which-typed-array': [ '1.1.19' ],
1241 silly audit   wmf: [ '1.0.2' ],
1241 silly audit   word: [ '0.3.0' ],
1241 silly audit   'word-wrap': [ '1.2.5' ],
1241 silly audit   wrappy: [ '1.0.2' ],
1241 silly audit   xlsx: [ '0.18.5' ],
1241 silly audit   xml: [ '1.0.1' ],
1241 silly audit   'xml-js': [ '1.6.11' ],
1241 silly audit   y18n: [ '5.0.8' ],
1241 silly audit   yaml: [ '2.8.1' ],
1241 silly audit   yargs: [ '17.7.2' ],
1241 silly audit   'yargs-parser': [ '21.1.1' ],
1241 silly audit   'yocto-queue': [ '0.1.0' ],
1241 silly audit   'yoga-layout': [ '2.0.1' ],
1241 silly audit   zod: [ '3.25.76' ],
1241 silly audit   zwitch: [ '2.0.4' ],
1241 silly audit   bcryptjs: [ '2.4.3' ],
1241 silly audit   'firebase-admin': [ '12.7.0' ],
1241 silly audit   mongodb: [ '6.21.0' ],
1241 silly audit   'next-auth': [ '4.24.13' ],
1241 silly audit   nodemailer: [ '7.0.12' ],
1241 silly audit   '@fastify/busboy': [ '3.2.0' ],
1241 silly audit   '@google-cloud/firestore': [ '7.11.6' ],
1241 silly audit   '@google-cloud/storage': [ '7.18.0' ],
1241 silly audit   'farmhash-modern': [ '1.1.0' ],
1241 silly audit   jsonwebtoken: [ '9.0.3' ],
1241 silly audit   'jwks-rsa': [ '3.2.0' ],
1241 silly audit   'node-forge': [ '1.3.3' ],
1241 silly audit   '@opentelemetry/api': [ '1.9.0' ],
1241 silly audit   'functional-red-black-tree': [ '1.0.1' ],
1241 silly audit   'google-gax': [ '4.6.1' ],
1241 silly audit   '@google-cloud/paginator': [ '5.0.2' ],
1241 silly audit   '@google-cloud/projectify': [ '4.0.0' ],
1241 silly audit   '@google-cloud/promisify': [ '4.0.0' ],
1241 silly audit   'abort-controller': [ '3.0.0' ],
1241 silly audit   'async-retry': [ '1.3.3' ],
1241 silly audit   duplexify: [ '4.1.3' ],
1241 silly audit   gaxios: [ '6.7.1' ],
1241 silly audit   'google-auth-library': [ '9.15.1' ],
1241 silly audit   'html-entities': [ '2.6.0' ],
1241 silly audit   'retry-request': [ '7.0.2' ],
1241 silly audit   'teeny-request': [ '9.0.0' ],
1241 silly audit   arrify: [ '2.0.1' ],
1241 silly audit   'event-target-shim': [ '5.0.1' ],
1241 silly audit   retry: [ '0.13.1' ],
1241 silly audit   'stream-shift': [ '1.0.3' ],
1241 silly audit   'https-proxy-agent': [ '7.0.6', '5.0.1' ],
1241 silly audit   'is-stream': [ '2.0.1' ],
1241 silly audit   'ecdsa-sig-formatter': [ '1.0.11' ],
1241 silly audit   gtoken: [ '7.1.0' ],
1241 silly audit   jws: [ '4.0.1' ],
1241 silly audit   'json-bigint': [ '1.0.0' ],
1241 silly audit   '@types/long': [ '4.0.2' ],
1241 silly audit   'proto3-json-serializer': [ '2.0.2' ],
1241 silly audit   'agent-base': [ '7.1.4', '6.0.2' ],
1241 silly audit   'bignumber.js': [ '9.3.1' ],
1241 silly audit   'lodash.includes': [ '4.3.0' ],
1241 silly audit   'lodash.isboolean': [ '3.0.3' ],
1241 silly audit   'lodash.isinteger': [ '4.0.4' ],
1241 silly audit   'lodash.isnumber': [ '3.0.3' ],
1241 silly audit   'lodash.isplainobject': [ '4.0.6' ],
1241 silly audit   'lodash.isstring': [ '4.0.1' ],
1241 silly audit   'lodash.once': [ '4.1.1' ],
1241 silly audit   '@types/express': [ '4.17.25' ],
1241 silly audit   '@types/jsonwebtoken': [ '9.0.10' ],
1241 silly audit   limiter: [ '1.1.5' ],
1241 silly audit   'lru-memoizer': [ '2.3.0' ],
1241 silly audit   '@types/body-parser': [ '1.19.6' ],
1241 silly audit   '@types/express-serve-static-core': [ '4.19.7' ],
1241 silly audit   '@types/qs': [ '6.14.0' ],
1241 silly audit   '@types/serve-static': [ '1.15.10' ],
1241 silly audit   '@types/connect': [ '3.4.38' ],
1241 silly audit   '@types/range-parser': [ '1.2.7' ],
1241 silly audit   '@types/send': [ '1.2.1', '0.17.6' ],
1241 silly audit   '@types/http-errors': [ '2.0.5' ],
1241 silly audit   jwa: [ '2.0.1' ],
1241 silly audit   'buffer-equal-constant-time': [ '1.0.1' ],
1241 silly audit   'lodash.clonedeep': [ '4.5.0' ],
1241 silly audit   '@mongodb-js/saslprep': [ '1.4.4' ],
1241 silly audit   bson: [ '6.10.4' ],
1241 silly audit   'gcp-metadata': [ '6.1.1' ],
1241 silly audit   'mongodb-connection-string-url': [ '3.0.2' ],
1241 silly audit   'sparse-bitfield': [ '3.0.3' ],
1241 silly audit   '@types/whatwg-url': [ '11.0.5' ],
1241 silly audit   '@types/webidl-conversions': [ '7.0.3' ],
1241 silly audit   '@panva/hkdf': [ '1.2.1' ],
1241 silly audit   cookie: [ '0.7.2' ],
1241 silly audit   oauth: [ '0.9.15' ],
1241 silly audit   'openid-client': [ '5.7.1' ],
1241 silly audit   preact: [ '10.28.2' ],
1241 silly audit   'preact-render-to-string': [ '5.2.6' ],
1241 silly audit   'oidc-token-hash': [ '5.2.0' ],
1241 silly audit   'pretty-format': [ '3.8.0' ],
1241 silly audit   'memory-pager': [ '1.5.0' ],
1241 silly audit   'http-proxy-agent': [ '5.0.0' ],
1241 silly audit   'stream-events': [ '1.0.5' ],
1241 silly audit   '@tootallnate/once': [ '2.0.0' ],
1241 silly audit   stubs: [ '3.0.0' ],
1241 silly audit   '@types/mime': [ '1.3.5' ],
1241 silly audit   'google-logging-utils': [ '0.0.2' ],
1241 silly audit   '@js-sdsl/ordered-map': [ '4.4.2' ],
1241 silly audit   yallist: [ '4.0.0' ]
1241 silly audit }
1242 http cache @types/webidl-conversions@https://registry.npmjs.org/@types/webidl-conversions/-/webidl-conversions-7.0.3.tgz 0ms (cache hit)
1243 http cache sshpk@https://registry.npmjs.org/sshpk/-/sshpk-1.18.0.tgz 0ms (cache hit)
1244 http cache @types/whatwg-url@https://registry.npmjs.org/@types/whatwg-url/-/whatwg-url-11.0.5.tgz 0ms (cache hit)
1245 http cache @types/send@https://registry.npmjs.org/@types/send/-/send-1.2.1.tgz 0ms (cache hit)
1246 http cache @types/qs@https://registry.npmjs.org/@types/qs/-/qs-6.14.0.tgz 0ms (cache hit)
1247 http cache @types/serve-static@https://registry.npmjs.org/@types/serve-static/-/serve-static-1.15.10.tgz 0ms (cache hit)
1248 http cache @types/range-parser@https://registry.npmjs.org/@types/range-parser/-/range-parser-1.2.7.tgz 0ms (cache hit)
1249 http cache @types/jsonwebtoken@https://registry.npmjs.org/@types/jsonwebtoken/-/jsonwebtoken-9.0.10.tgz 0ms (cache hit)
1250 http cache @types/mime@https://registry.npmjs.org/@types/mime/-/mime-1.3.5.tgz 0ms (cache hit)
1251 http cache @types/http-errors@https://registry.npmjs.org/@types/http-errors/-/http-errors-2.0.5.tgz 0ms (cache hit)
1252 http cache @types/express@https://registry.npmjs.org/@types/express/-/express-4.17.25.tgz 0ms (cache hit)
1253 http cache @types/express-serve-static-core@https://registry.npmjs.org/@types/express-serve-static-core/-/express-serve-static-core-4.19.7.tgz 0ms (cache hit)
1254 http cache @panva/hkdf@https://registry.npmjs.org/@panva/hkdf/-/hkdf-1.2.1.tgz 0ms (cache hit)
1255 http cache @tootallnate/once@https://registry.npmjs.org/@tootallnate/once/-/once-2.0.0.tgz 0ms (cache hit)
1256 http cache @types/body-parser@https://registry.npmjs.org/@types/body-parser/-/body-parser-1.19.6.tgz 0ms (cache hit)
1257 http cache @types/connect@https://registry.npmjs.org/@types/connect/-/connect-3.4.38.tgz 0ms (cache hit)
1258 http cache @opentelemetry/api@https://registry.npmjs.org/@opentelemetry/api/-/api-1.9.0.tgz 0ms (cache hit)
1259 http cache @js-sdsl/ordered-map@https://registry.npmjs.org/@js-sdsl/ordered-map/-/ordered-map-4.4.2.tgz 0ms (cache hit)
1260 http cache @google-cloud/storage@https://registry.npmjs.org/@google-cloud/storage/-/storage-7.18.0.tgz 0ms (cache hit)
1261 http cache @mongodb-js/saslprep@https://registry.npmjs.org/@mongodb-js/saslprep/-/saslprep-1.4.4.tgz 0ms (cache hit)
1262 http cache @google-cloud/projectify@https://registry.npmjs.org/@google-cloud/projectify/-/projectify-4.0.0.tgz 0ms (cache hit)
1263 http cache @google-cloud/promisify@https://registry.npmjs.org/@google-cloud/promisify/-/promisify-4.0.0.tgz 0ms (cache hit)
1264 http cache @google-cloud/firestore@https://registry.npmjs.org/@google-cloud/firestore/-/firestore-7.11.6.tgz 0ms (cache hit)
1265 http cache @fastify/busboy@https://registry.npmjs.org/@fastify/busboy/-/busboy-3.2.0.tgz 0ms (cache hit)
1266 http cache @google-cloud/paginator@https://registry.npmjs.org/@google-cloud/paginator/-/paginator-5.0.2.tgz 0ms (cache hit)
1267 http cache yaml@https://registry.npmjs.org/yaml/-/yaml-2.8.1.tgz 0ms (cache hit)
1268 http cache yallist@https://registry.npmjs.org/yallist/-/yallist-4.0.0.tgz 0ms (cache hit)
1269 http cache xml-js@https://registry.npmjs.org/xml-js/-/xml-js-1.6.11.tgz 0ms (cache hit)
1270 http cache xlsx@https://registry.npmjs.org/xlsx/-/xlsx-0.18.5.tgz 0ms (cache hit)
1271 http cache which@https://registry.npmjs.org/which/-/which-2.0.2.tgz 0ms (cache hit)
1272 http cache webpack@https://registry.npmjs.org/webpack/-/webpack-5.102.1.tgz 0ms (cache hit)
1273 http cache uuid@https://registry.npmjs.org/uuid/-/uuid-10.0.0.tgz 0ms (cache hit)
1274 http cache terser@https://registry.npmjs.org/terser/-/terser-5.44.0.tgz 0ms (cache hit)
1275 http cache update-browserslist-db@https://registry.npmjs.org/update-browserslist-db/-/update-browserslist-db-1.1.3.tgz 0ms (cache hit)
1276 http cache tailwindcss@https://registry.npmjs.org/tailwindcss/-/tailwindcss-3.4.18.tgz 0ms (cache hit)
1277 http cache teeny-request@https://registry.npmjs.org/teeny-request/-/teeny-request-9.0.0.tgz 0ms (cache hit)
1278 http cache sucrase@https://registry.npmjs.org/sucrase/-/sucrase-3.35.0.tgz 0ms (cache hit)
1279 http cache stubs@https://registry.npmjs.org/stubs/-/stubs-3.0.0.tgz 0ms (cache hit)
1280 http cache stream-shift@https://registry.npmjs.org/stream-shift/-/stream-shift-1.0.3.tgz 0ms (cache hit)
1281 http cache stream-events@https://registry.npmjs.org/stream-events/-/stream-events-1.0.5.tgz 0ms (cache hit)
1282 http cache sparse-bitfield@https://registry.npmjs.org/sparse-bitfield/-/sparse-bitfield-3.0.3.tgz 0ms (cache hit)
1283 http cache retry@https://registry.npmjs.org/retry/-/retry-0.13.1.tgz 0ms (cache hit)
1284 http cache retry-request@https://registry.npmjs.org/retry-request/-/retry-request-7.0.2.tgz 0ms (cache hit)
1285 http cache semver@https://registry.npmjs.org/semver/-/semver-7.7.3.tgz 0ms (cache hit)
1286 http cache rimraf@https://registry.npmjs.org/rimraf/-/rimraf-3.0.2.tgz 0ms (cache hit)
1287 http cache resolve@https://registry.npmjs.org/resolve/-/resolve-1.22.11.tgz 0ms (cache hit)
1288 http cache proto3-json-serializer@https://registry.npmjs.org/proto3-json-serializer/-/proto3-json-serializer-2.0.2.tgz 0ms (cache hit)
1289 http cache pretty-format@https://registry.npmjs.org/pretty-format/-/pretty-format-3.8.0.tgz 0ms (cache hit)
1290 http cache @types/long@https://registry.npmjs.org/@types/long/-/long-4.0.2.tgz 0ms (cache hit)
1291 http cache preact-render-to-string@https://registry.npmjs.org/preact-render-to-string/-/preact-render-to-string-5.2.6.tgz 0ms (cache hit)
1292 http cache preact@https://registry.npmjs.org/preact/-/preact-10.28.2.tgz 0ms (cache hit)
1293 http cache patch-package@https://registry.npmjs.org/patch-package/-/patch-package-8.0.1.tgz 0ms (cache hit)
1294 http cache openid-client@https://registry.npmjs.org/openid-client/-/openid-client-5.7.1.tgz 0ms (cache hit)
1295 http cache oidc-token-hash@https://registry.npmjs.org/oidc-token-hash/-/oidc-token-hash-5.2.0.tgz 0ms (cache hit)
1296 http cache oauth@https://registry.npmjs.org/oauth/-/oauth-0.9.15.tgz 0ms (cache hit)
1297 http cache nodemailer@https://registry.npmjs.org/nodemailer/-/nodemailer-7.0.12.tgz 0ms (cache hit)
1298 http cache node-forge@https://registry.npmjs.org/node-forge/-/node-forge-1.3.3.tgz 0ms (cache hit)
1299 http cache next-auth@https://registry.npmjs.org/next-auth/-/next-auth-4.24.13.tgz 0ms (cache hit)
1300 http cache napi-postinstall@https://registry.npmjs.org/napi-postinstall/-/napi-postinstall-0.3.4.tgz 0ms (cache hit)
1301 http cache mongodb-connection-string-url@https://registry.npmjs.org/mongodb-connection-string-url/-/mongodb-connection-string-url-3.0.2.tgz 0ms (cache hit)
1302 http cache nanoid@https://registry.npmjs.org/nanoid/-/nanoid-5.1.6.tgz 0ms (cache hit)
1303 http cache memory-pager@https://registry.npmjs.org/memory-pager/-/memory-pager-1.5.0.tgz 0ms (cache hit)
1304 http cache lru-memoizer@https://registry.npmjs.org/lru-memoizer/-/lru-memoizer-2.3.0.tgz 0ms (cache hit)
1305 http cache loose-envify@https://registry.npmjs.org/loose-envify/-/loose-envify-1.4.0.tgz 0ms (cache hit)
1306 http cache mime@https://registry.npmjs.org/mime/-/mime-1.6.0.tgz 1ms (cache hit)
1307 http cache mongodb@https://registry.npmjs.org/mongodb/-/mongodb-6.21.0.tgz 0ms (cache hit)
1308 http cache lodash.once@https://registry.npmjs.org/lodash.once/-/lodash.once-4.1.1.tgz 0ms (cache hit)
1309 http cache lodash.isplainobject@https://registry.npmjs.org/lodash.isplainobject/-/lodash.isplainobject-4.0.6.tgz 0ms (cache hit)
1310 http cache lodash.isstring@https://registry.npmjs.org/lodash.isstring/-/lodash.isstring-4.0.1.tgz 0ms (cache hit)
1311 http cache lodash.isnumber@https://registry.npmjs.org/lodash.isnumber/-/lodash.isnumber-3.0.3.tgz 0ms (cache hit)
1312 http cache lodash.isinteger@https://registry.npmjs.org/lodash.isinteger/-/lodash.isinteger-4.0.4.tgz 0ms (cache hit)
1313 http cache lodash.isboolean@https://registry.npmjs.org/lodash.isboolean/-/lodash.isboolean-3.0.3.tgz 0ms (cache hit)
1314 http cache lodash.includes@https://registry.npmjs.org/lodash.includes/-/lodash.includes-4.3.0.tgz 0ms (cache hit)
1315 http cache lodash.clonedeep@https://registry.npmjs.org/lodash.clonedeep/-/lodash.clonedeep-4.5.0.tgz 0ms (cache hit)
1316 http cache limiter@https://registry.npmjs.org/limiter/-/limiter-1.1.5.tgz 0ms (cache hit)
1317 http cache jws@https://registry.npmjs.org/jws/-/jws-4.0.1.tgz 0ms (cache hit)
1318 http cache jwks-rsa@https://registry.npmjs.org/jwks-rsa/-/jwks-rsa-3.2.0.tgz 0ms (cache hit)
1319 http cache tldts@https://registry.npmjs.org/tldts/-/tldts-6.1.86.tgz 0ms (cache hit)
1320 http cache json5@https://registry.npmjs.org/json5/-/json5-2.2.3.tgz 0ms (cache hit)
1321 http cache jwa@https://registry.npmjs.org/jwa/-/jwa-2.0.1.tgz 0ms (cache hit)
1322 http cache jsonwebtoken@https://registry.npmjs.org/jsonwebtoken/-/jsonwebtoken-9.0.3.tgz 0ms (cache hit)
1323 http cache jiti@https://registry.npmjs.org/jiti/-/jiti-1.21.7.tgz 0ms (cache hit)
1324 http cache is-stream@https://registry.npmjs.org/is-stream/-/is-stream-2.0.1.tgz 0ms (cache hit)
1325 http cache json-bigint@https://registry.npmjs.org/json-bigint/-/json-bigint-1.0.0.tgz 0ms (cache hit)
1326 http cache js-yaml@https://registry.npmjs.org/js-yaml/-/js-yaml-4.1.0.tgz 0ms (cache hit)
1327 http cache is-docker@https://registry.npmjs.org/is-docker/-/is-docker-2.2.1.tgz 0ms (cache hit)
1328 http cache https-proxy-agent@https://registry.npmjs.org/https-proxy-agent/-/https-proxy-agent-7.0.6.tgz 0ms (cache hit)
1329 http cache gtoken@https://registry.npmjs.org/gtoken/-/gtoken-7.1.0.tgz 0ms (cache hit)
1330 http cache google-gax@https://registry.npmjs.org/google-gax/-/google-gax-4.6.1.tgz 0ms (cache hit)
1331 http cache google-logging-utils@https://registry.npmjs.org/google-logging-utils/-/google-logging-utils-0.0.2.tgz 0ms (cache hit)
1332 http cache http-proxy-agent@https://registry.npmjs.org/http-proxy-agent/-/http-proxy-agent-5.0.0.tgz 0ms (cache hit)
1333 http cache html-entities@https://registry.npmjs.org/html-entities/-/html-entities-2.6.0.tgz 0ms (cache hit)
1334 http cache google-auth-library@https://registry.npmjs.org/google-auth-library/-/google-auth-library-9.15.1.tgz 0ms (cache hit)
1335 http cache functional-red-black-tree@https://registry.npmjs.org/functional-red-black-tree/-/functional-red-black-tree-1.0.1.tgz 0ms (cache hit)
1336 http cache glob@https://registry.npmjs.org/glob/-/glob-10.3.10.tgz 0ms (cache hit)
1337 http cache farmhash-modern@https://registry.npmjs.org/farmhash-modern/-/farmhash-modern-1.1.0.tgz 0ms (cache hit)
1338 http cache duplexify@https://registry.npmjs.org/duplexify/-/duplexify-4.1.3.tgz 0ms (cache hit)
1339 http cache ecdsa-sig-formatter@https://registry.npmjs.org/ecdsa-sig-formatter/-/ecdsa-sig-formatter-1.0.11.tgz 0ms (cache hit)
1340 http cache bignumber.js@https://registry.npmjs.org/bignumber.js/-/bignumber.js-9.3.1.tgz 0ms (cache hit)
1341 http cache firebase-admin@https://registry.npmjs.org/firebase-admin/-/firebase-admin-12.7.0.tgz 0ms (cache hit)
1342 http cache event-target-shim@https://registry.npmjs.org/event-target-shim/-/event-target-shim-5.0.1.tgz 0ms (cache hit)
1343 http cache async-retry@https://registry.npmjs.org/async-retry/-/async-retry-1.3.3.tgz 0ms (cache hit)
1344 http cache buffer-equal-constant-time@https://registry.npmjs.org/buffer-equal-constant-time/-/buffer-equal-constant-time-1.0.1.tgz 1ms (cache hit)
1345 http cache cookie@https://registry.npmjs.org/cookie/-/cookie-0.7.2.tgz 0ms (cache hit)
1346 http cache bson@https://registry.npmjs.org/bson/-/bson-6.10.4.tgz 0ms (cache hit)
1347 http cache abort-controller@https://registry.npmjs.org/abort-controller/-/abort-controller-3.0.0.tgz 0ms (cache hit)
1348 http cache bcryptjs@https://registry.npmjs.org/bcryptjs/-/bcryptjs-2.4.3.tgz 0ms (cache hit)
1349 http cache arrify@https://registry.npmjs.org/arrify/-/arrify-2.0.1.tgz 0ms (cache hit)
1350 http cache agent-base@https://registry.npmjs.org/agent-base/-/agent-base-7.1.4.tgz 0ms (cache hit)
1351 http cache @xtuc/ieee754@https://registry.npmjs.org/@xtuc/ieee754/-/ieee754-1.2.0.tgz 0ms (cache hit)
1352 http cache @yarnpkg/lockfile@https://registry.npmjs.org/@yarnpkg/lockfile/-/lockfile-1.1.0.tgz 0ms (cache hit)
1353 http cache @xtuc/long@https://registry.npmjs.org/@xtuc/long/-/long-4.2.2.tgz 0ms (cache hit)
1354 http cache @webassemblyjs/wasm-opt@https://registry.npmjs.org/@webassemblyjs/wasm-opt/-/wasm-opt-1.14.1.tgz 0ms (cache hit)
1355 http cache @unrs/resolver-binding-darwin-x64@https://registry.npmjs.org/@unrs/resolver-binding-darwin-x64/-/resolver-binding-darwin-x64-1.11.1.tgz 0ms (cache hit)
1356 http cache @webassemblyjs/wast-printer@https://registry.npmjs.org/@webassemblyjs/wast-printer/-/wast-printer-1.14.1.tgz 0ms (cache hit)
1357 http cache @webassemblyjs/wasm-parser@https://registry.npmjs.org/@webassemblyjs/wasm-parser/-/wasm-parser-1.14.1.tgz 0ms (cache hit)
1358 http cache @webassemblyjs/wasm-gen@https://registry.npmjs.org/@webassemblyjs/wasm-gen/-/wasm-gen-1.14.1.tgz 0ms (cache hit)
1359 http cache @webassemblyjs/wasm-edit@https://registry.npmjs.org/@webassemblyjs/wasm-edit/-/wasm-edit-1.14.1.tgz 0ms (cache hit)
1360 http cache @webassemblyjs/utf8@https://registry.npmjs.org/@webassemblyjs/utf8/-/utf8-1.13.2.tgz 0ms (cache hit)
1361 http cache @webassemblyjs/leb128@https://registry.npmjs.org/@webassemblyjs/leb128/-/leb128-1.13.2.tgz 0ms (cache hit)
1362 http cache @webassemblyjs/ieee754@https://registry.npmjs.org/@webassemblyjs/ieee754/-/ieee754-1.13.2.tgz 0ms (cache hit)
1363 http cache @webassemblyjs/helper-wasm-bytecode@https://registry.npmjs.org/@webassemblyjs/helper-wasm-bytecode/-/helper-wasm-bytecode-1.13.2.tgz 0ms (cache hit)
1364 http cache @webassemblyjs/helper-numbers@https://registry.npmjs.org/@webassemblyjs/helper-numbers/-/helper-numbers-1.13.2.tgz 0ms (cache hit)
1365 http cache @webassemblyjs/helper-wasm-section@https://registry.npmjs.org/@webassemblyjs/helper-wasm-section/-/helper-wasm-section-1.14.1.tgz 0ms (cache hit)
1366 http cache @webassemblyjs/helper-buffer@https://registry.npmjs.org/@webassemblyjs/helper-buffer/-/helper-buffer-1.14.1.tgz 0ms (cache hit)
1367 http cache @webassemblyjs/floating-point-hex-parser@https://registry.npmjs.org/@webassemblyjs/floating-point-hex-parser/-/floating-point-hex-parser-1.13.2.tgz 0ms (cache hit)
1368 http cache @webassemblyjs/helper-api-error@https://registry.npmjs.org/@webassemblyjs/helper-api-error/-/helper-api-error-1.13.2.tgz 0ms (cache hit)
1369 http cache @webassemblyjs/ast@https://registry.npmjs.org/@webassemblyjs/ast/-/ast-1.14.1.tgz 0ms (cache hit)
1370 http cache @ungap/structured-clone@https://registry.npmjs.org/@ungap/structured-clone/-/structured-clone-1.3.0.tgz 0ms (cache hit)
1371 http cache @typescript-eslint/visitor-keys@https://registry.npmjs.org/@typescript-eslint/visitor-keys/-/visitor-keys-7.2.0.tgz 0ms (cache hit)
1372 http cache @typescript-eslint/typescript-estree@https://registry.npmjs.org/@typescript-eslint/typescript-estree/-/typescript-estree-7.2.0.tgz 0ms (cache hit)
1373 http cache @typescript-eslint/types@https://registry.npmjs.org/@typescript-eslint/types/-/types-7.2.0.tgz 0ms (cache hit)
1374 http cache @typescript-eslint/scope-manager@https://registry.npmjs.org/@typescript-eslint/scope-manager/-/scope-manager-7.2.0.tgz 0ms (cache hit)
1375 http cache @typescript-eslint/parser@https://registry.npmjs.org/@typescript-eslint/parser/-/parser-7.2.0.tgz 0ms (cache hit)
1376 http cache @types/uuid@https://registry.npmjs.org/@types/uuid/-/uuid-10.0.0.tgz 0ms (cache hit)
1377 http cache @types/unist@https://registry.npmjs.org/@types/unist/-/unist-3.0.3.tgz 0ms (cache hit)
1378 http cache @types/tough-cookie@https://registry.npmjs.org/@types/tough-cookie/-/tough-cookie-4.0.5.tgz 0ms (cache hit)
1379 http cache @types/request@https://registry.npmjs.org/@types/request/-/request-2.48.13.tgz 0ms (cache hit)
1380 http cache @types/node-telegram-bot-api@https://registry.npmjs.org/@types/node-telegram-bot-api/-/node-telegram-bot-api-0.64.11.tgz 0ms (cache hit)
1381 http cache @types/prop-types@https://registry.npmjs.org/@types/prop-types/-/prop-types-15.7.15.tgz 0ms (cache hit)
1382 http cache @types/node@https://registry.npmjs.org/@types/node/-/node-20.19.23.tgz 0ms (cache hit)
1383 http cache @types/react-pdf@https://registry.npmjs.org/@types/react-pdf/-/react-pdf-7.0.0.tgz 0ms (cache hit)
1384 http cache @types/react@https://registry.npmjs.org/@types/react/-/react-18.3.26.tgz 0ms (cache hit)
1385 http cache @types/react-dom@https://registry.npmjs.org/@types/react-dom/-/react-dom-18.3.7.tgz 0ms (cache hit)
1386 http cache @types/ms@https://registry.npmjs.org/@types/ms/-/ms-2.1.0.tgz 0ms (cache hit)
1387 http cache @types/mdast@https://registry.npmjs.org/@types/mdast/-/mdast-4.0.4.tgz 0ms (cache hit)
1388 http cache @types/lodash@https://registry.npmjs.org/@types/lodash/-/lodash-4.17.20.tgz 0ms (cache hit)
1389 http cache @types/json5@https://registry.npmjs.org/@types/json5/-/json5-0.0.29.tgz 0ms (cache hit)
1390 http cache @types/hast@https://registry.npmjs.org/@types/hast/-/hast-3.0.4.tgz 0ms (cache hit)
1391 http cache @types/json-schema@https://registry.npmjs.org/@types/json-schema/-/json-schema-7.0.15.tgz 0ms (cache hit)
1392 http cache @types/file-saver@https://registry.npmjs.org/@types/file-saver/-/file-saver-2.0.7.tgz 0ms (cache hit)
1393 http cache @types/estree-jsx@https://registry.npmjs.org/@types/estree-jsx/-/estree-jsx-1.0.5.tgz 0ms (cache hit)
1394 http cache @types/estree@https://registry.npmjs.org/@types/estree/-/estree-1.0.8.tgz 0ms (cache hit)
1395 http cache @types/eslint@https://registry.npmjs.org/@types/eslint/-/eslint-9.6.1.tgz 0ms (cache hit)
1396 http cache @types/eslint-scope@https://registry.npmjs.org/@types/eslint-scope/-/eslint-scope-3.7.7.tgz 0ms (cache hit)
1397 http cache @types/debug@https://registry.npmjs.org/@types/debug/-/debug-4.1.12.tgz 0ms (cache hit)
1398 http cache @types/d3-timer@https://registry.npmjs.org/@types/d3-timer/-/d3-timer-3.0.2.tgz 0ms (cache hit)
1399 http cache @types/d3-scale@https://registry.npmjs.org/@types/d3-scale/-/d3-scale-4.0.9.tgz 0ms (cache hit)
1400 http cache @types/d3-time@https://registry.npmjs.org/@types/d3-time/-/d3-time-3.0.4.tgz 0ms (cache hit)
1401 http cache @types/d3-shape@https://registry.npmjs.org/@types/d3-shape/-/d3-shape-3.1.7.tgz 0ms (cache hit)
1402 http cache @types/d3-path@https://registry.npmjs.org/@types/d3-path/-/d3-path-3.1.1.tgz 0ms (cache hit)
1403 http cache @types/d3-ease@https://registry.npmjs.org/@types/d3-ease/-/d3-ease-3.0.2.tgz 0ms (cache hit)
1404 http cache @types/d3-interpolate@https://registry.npmjs.org/@types/d3-interpolate/-/d3-interpolate-3.0.4.tgz 0ms (cache hit)
1405 http cache @types/d3-color@https://registry.npmjs.org/@types/d3-color/-/d3-color-3.1.3.tgz 0ms (cache hit)
1406 http cache @types/caseless@https://registry.npmjs.org/@types/caseless/-/caseless-0.12.5.tgz 0ms (cache hit)
1407 http cache @types/d3-array@https://registry.npmjs.org/@types/d3-array/-/d3-array-3.2.2.tgz 0ms (cache hit)
1408 http cache @telegram-apps/types@https://registry.npmjs.org/@telegram-apps/types/-/types-2.0.3.tgz 0ms (cache hit)
1409 http cache @telegram-apps/transformers@https://registry.npmjs.org/@telegram-apps/transformers/-/transformers-2.2.6.tgz 0ms (cache hit)
1410 http cache @telegram-apps/toolkit@https://registry.npmjs.org/@telegram-apps/toolkit/-/toolkit-2.1.3.tgz 0ms (cache hit)
1411 http cache @telegram-apps/init-data-node@https://registry.npmjs.org/@telegram-apps/init-data-node/-/init-data-node-2.0.10.tgz 0ms (cache hit)
1412 http cache @tanstack/react-query@https://registry.npmjs.org/@tanstack/react-query/-/react-query-5.90.5.tgz 0ms (cache hit)
1413 http cache @tanstack/query-core@https://registry.npmjs.org/@tanstack/query-core/-/query-core-5.90.5.tgz 0ms (cache hit)
1414 http cache @tailwindcss/typography@https://registry.npmjs.org/@tailwindcss/typography/-/typography-0.5.19.tgz 0ms (cache hit)
1415 http cache @tabler/icons@https://registry.npmjs.org/@tabler/icons/-/icons-3.35.0.tgz 0ms (cache hit)
1416 http cache @tabler/icons-react@https://registry.npmjs.org/@tabler/icons-react/-/icons-react-3.35.0.tgz 0ms (cache hit)
1417 http cache @swc/helpers@https://registry.npmjs.org/@swc/helpers/-/helpers-0.5.17.tgz 0ms (cache hit)
1418 http cache @swc/counter@https://registry.npmjs.org/@swc/counter/-/counter-0.1.3.tgz 0ms (cache hit)
1419 http cache @smithy/util-uri-escape@https://registry.npmjs.org/@smithy/util-uri-escape/-/util-uri-escape-4.2.0.tgz 0ms (cache hit)
1420 http cache @smithy/uuid@https://registry.npmjs.org/@smithy/uuid/-/uuid-1.1.0.tgz 0ms (cache hit)
1421 http cache @smithy/util-waiter@https://registry.npmjs.org/@smithy/util-waiter/-/util-waiter-4.2.4.tgz 0ms (cache hit)
1422 http cache @smithy/util-stream@https://registry.npmjs.org/@smithy/util-stream/-/util-stream-4.5.5.tgz 0ms (cache hit)
1423 http cache gaxios@https://registry.npmjs.org/gaxios/-/gaxios-6.7.1.tgz 0ms (cache hit)
1424 http cache @smithy/util-defaults-mode-browser@https://registry.npmjs.org/@smithy/util-defaults-mode-browser/-/util-defaults-mode-browser-4.3.5.tgz 0ms (cache hit)
1425 http cache @smithy/util-middleware@https://registry.npmjs.org/@smithy/util-middleware/-/util-middleware-4.2.4.tgz 0ms (cache hit)
1426 http cache @smithy/util-hex-encoding@https://registry.npmjs.org/@smithy/util-hex-encoding/-/util-hex-encoding-4.2.0.tgz 0ms (cache hit)
1427 http cache @smithy/util-defaults-mode-node@https://registry.npmjs.org/@smithy/util-defaults-mode-node/-/util-defaults-mode-node-4.2.8.tgz 0ms (cache hit)
1428 http cache @smithy/util-endpoints@https://registry.npmjs.org/@smithy/util-endpoints/-/util-endpoints-3.2.4.tgz 0ms (cache hit)
1429 http cache @smithy/util-buffer-from@https://registry.npmjs.org/@smithy/util-buffer-from/-/util-buffer-from-4.2.0.tgz 0ms (cache hit)
1430 http cache @smithy/util-retry@https://registry.npmjs.org/@smithy/util-retry/-/util-retry-4.2.4.tgz 0ms (cache hit)
1431 http cache @smithy/util-config-provider@https://registry.npmjs.org/@smithy/util-config-provider/-/util-config-provider-4.2.0.tgz 0ms (cache hit)
1432 http cache @smithy/util-body-length-node@https://registry.npmjs.org/@smithy/util-body-length-node/-/util-body-length-node-4.2.1.tgz 0ms (cache hit)
1433 http cache @smithy/util-body-length-browser@https://registry.npmjs.org/@smithy/util-body-length-browser/-/util-body-length-browser-4.2.0.tgz 0ms (cache hit)
1434 http cache @smithy/util-base64@https://registry.npmjs.org/@smithy/util-base64/-/util-base64-4.3.0.tgz 0ms (cache hit)
1435 http cache @smithy/types@https://registry.npmjs.org/@smithy/types/-/types-4.8.1.tgz 0ms (cache hit)
1436 http cache @smithy/url-parser@https://registry.npmjs.org/@smithy/url-parser/-/url-parser-4.2.4.tgz 0ms (cache hit)
1437 http cache @smithy/smithy-client@https://registry.npmjs.org/@smithy/smithy-client/-/smithy-client-4.9.2.tgz 0ms (cache hit)
1438 http cache @smithy/querystring-parser@https://registry.npmjs.org/@smithy/querystring-parser/-/querystring-parser-4.2.4.tgz 0ms (cache hit)
1439 http cache @smithy/signature-v4@https://registry.npmjs.org/@smithy/signature-v4/-/signature-v4-5.3.4.tgz 0ms (cache hit)
1440 http cache @smithy/shared-ini-file-loader@https://registry.npmjs.org/@smithy/shared-ini-file-loader/-/shared-ini-file-loader-4.3.4.tgz 0ms (cache hit)
1441 http cache @smithy/service-error-classification@https://registry.npmjs.org/@smithy/service-error-classification/-/service-error-classification-4.2.4.tgz 0ms (cache hit)
1442 http cache @smithy/querystring-builder@https://registry.npmjs.org/@smithy/querystring-builder/-/querystring-builder-4.2.4.tgz 0ms (cache hit)
1443 http cache @smithy/node-http-handler@https://registry.npmjs.org/@smithy/node-http-handler/-/node-http-handler-4.4.4.tgz 0ms (cache hit)
1444 http cache @smithy/protocol-http@https://registry.npmjs.org/@smithy/protocol-http/-/protocol-http-5.3.4.tgz 0ms (cache hit)
1445 http cache @smithy/node-config-provider@https://registry.npmjs.org/@smithy/node-config-provider/-/node-config-provider-4.3.4.tgz 0ms (cache hit)
1446 http cache @smithy/property-provider@https://registry.npmjs.org/@smithy/property-provider/-/property-provider-4.2.4.tgz 0ms (cache hit)
1447 http cache @smithy/middleware-serde@https://registry.npmjs.org/@smithy/middleware-serde/-/middleware-serde-4.2.4.tgz 0ms (cache hit)
1448 http cache @smithy/middleware-stack@https://registry.npmjs.org/@smithy/middleware-stack/-/middleware-stack-4.2.4.tgz 0ms (cache hit)
1449 http cache @smithy/middleware-retry@https://registry.npmjs.org/@smithy/middleware-retry/-/middleware-retry-4.4.6.tgz 0ms (cache hit)
1450 http cache @smithy/middleware-endpoint@https://registry.npmjs.org/@smithy/middleware-endpoint/-/middleware-endpoint-4.3.6.tgz 0ms (cache hit)
1451 http cache @smithy/middleware-content-length@https://registry.npmjs.org/@smithy/middleware-content-length/-/middleware-content-length-4.2.4.tgz 0ms (cache hit)
1452 http cache @smithy/md5-js@https://registry.npmjs.org/@smithy/md5-js/-/md5-js-4.2.4.tgz 0ms (cache hit)
1453 http cache @smithy/is-array-buffer@https://registry.npmjs.org/@smithy/is-array-buffer/-/is-array-buffer-4.2.0.tgz 0ms (cache hit)
1454 http cache @smithy/invalid-dependency@https://registry.npmjs.org/@smithy/invalid-dependency/-/invalid-dependency-4.2.4.tgz 0ms (cache hit)
1455 http cache @smithy/hash-stream-node@https://registry.npmjs.org/@smithy/hash-stream-node/-/hash-stream-node-4.2.4.tgz 0ms (cache hit)
1456 http cache @smithy/hash-blob-browser@https://registry.npmjs.org/@smithy/hash-blob-browser/-/hash-blob-browser-4.2.5.tgz 0ms (cache hit)
1457 http cache @smithy/hash-node@https://registry.npmjs.org/@smithy/hash-node/-/hash-node-4.2.4.tgz 0ms (cache hit)
1458 http cache @smithy/fetch-http-handler@https://registry.npmjs.org/@smithy/fetch-http-handler/-/fetch-http-handler-5.3.5.tgz 0ms (cache hit)
1459 http cache @smithy/eventstream-serde-universal@https://registry.npmjs.org/@smithy/eventstream-serde-universal/-/eventstream-serde-universal-4.2.4.tgz 0ms (cache hit)
1460 http cache @smithy/eventstream-serde-node@https://registry.npmjs.org/@smithy/eventstream-serde-node/-/eventstream-serde-node-4.2.4.tgz 0ms (cache hit)
1461 http cache @smithy/eventstream-serde-config-resolver@https://registry.npmjs.org/@smithy/eventstream-serde-config-resolver/-/eventstream-serde-config-resolver-4.3.4.tgz 0ms (cache hit)
1462 http cache @smithy/eventstream-serde-browser@https://registry.npmjs.org/@smithy/eventstream-serde-browser/-/eventstream-serde-browser-4.2.4.tgz 0ms (cache hit)
1463 http cache @smithy/eventstream-codec@https://registry.npmjs.org/@smithy/eventstream-codec/-/eventstream-codec-4.2.4.tgz 0ms (cache hit)
1464 http cache @smithy/credential-provider-imds@https://registry.npmjs.org/@smithy/credential-provider-imds/-/credential-provider-imds-4.2.4.tgz 0ms (cache hit)
1465 http cache @smithy/core@https://registry.npmjs.org/@smithy/core/-/core-3.17.2.tgz 0ms (cache hit)
1466 http cache @smithy/chunked-blob-reader-native@https://registry.npmjs.org/@smithy/chunked-blob-reader-native/-/chunked-blob-reader-native-4.2.1.tgz 0ms (cache hit)
1467 http cache @smithy/chunked-blob-reader@https://registry.npmjs.org/@smithy/chunked-blob-reader/-/chunked-blob-reader-5.2.0.tgz 0ms (cache hit)
1468 http cache @smithy/config-resolver@https://registry.npmjs.org/@smithy/config-resolver/-/config-resolver-4.4.2.tgz 0ms (cache hit)
1469 http cache @smithy/abort-controller@https://registry.npmjs.org/@smithy/abort-controller/-/abort-controller-4.2.4.tgz 0ms (cache hit)
1470 http cache @rtsao/scc@https://registry.npmjs.org/@rtsao/scc/-/scc-1.1.0.tgz 0ms (cache hit)
1471 http cache @react-pdf/types@https://registry.npmjs.org/@react-pdf/types/-/types-2.9.1.tgz 0ms (cache hit)
1472 http cache @react-pdf/textkit@https://registry.npmjs.org/@react-pdf/textkit/-/textkit-4.4.1.tgz 0ms (cache hit)
1473 http cache @react-pdf/stylesheet@https://registry.npmjs.org/@react-pdf/stylesheet/-/stylesheet-4.3.0.tgz 0ms (cache hit)
1474 http cache @react-pdf/renderer@https://registry.npmjs.org/@react-pdf/renderer/-/renderer-3.4.5.tgz 0ms (cache hit)
1475 http cache @react-pdf/render@https://registry.npmjs.org/@react-pdf/render/-/render-3.5.0.tgz 0ms (cache hit)
1476 http cache @react-pdf/primitives@https://registry.npmjs.org/@react-pdf/primitives/-/primitives-3.1.1.tgz 0ms (cache hit)
1477 http cache @react-pdf/pdfkit@https://registry.npmjs.org/@react-pdf/pdfkit/-/pdfkit-3.2.0.tgz 0ms (cache hit)
1478 http cache @react-pdf/png-js@https://registry.npmjs.org/@react-pdf/png-js/-/png-js-2.3.1.tgz 0ms (cache hit)
1479 http cache @react-pdf/layout@https://registry.npmjs.org/@react-pdf/layout/-/layout-3.13.0.tgz 0ms (cache hit)
1480 http cache @radix-ui/rect@https://registry.npmjs.org/@radix-ui/rect/-/rect-1.1.1.tgz 0ms (cache hit)
1481 http cache @react-pdf/image@https://registry.npmjs.org/@react-pdf/image/-/image-2.3.6.tgz 0ms (cache hit)
1482 http cache @react-pdf/fns@https://registry.npmjs.org/@react-pdf/fns/-/fns-2.2.1.tgz 0ms (cache hit)
1483 http cache @react-pdf/font@https://registry.npmjs.org/@react-pdf/font/-/font-2.5.2.tgz 0ms (cache hit)
1484 http cache @radix-ui/react-visually-hidden@https://registry.npmjs.org/@radix-ui/react-visually-hidden/-/react-visually-hidden-1.2.3.tgz 0ms (cache hit)
1485 http cache @radix-ui/react-use-size@https://registry.npmjs.org/@radix-ui/react-use-size/-/react-use-size-1.1.1.tgz 0ms (cache hit)
1486 http cache @smithy/util-utf8@https://registry.npmjs.org/@smithy/util-utf8/-/util-utf8-4.2.0.tgz 0ms (cache hit)
1487 http cache @radix-ui/react-use-rect@https://registry.npmjs.org/@radix-ui/react-use-rect/-/react-use-rect-1.1.1.tgz 0ms (cache hit)
1488 http cache @radix-ui/react-use-previous@https://registry.npmjs.org/@radix-ui/react-use-previous/-/react-use-previous-1.1.1.tgz 0ms (cache hit)
1489 http cache @radix-ui/react-use-is-hydrated@https://registry.npmjs.org/@radix-ui/react-use-is-hydrated/-/react-use-is-hydrated-0.1.0.tgz 0ms (cache hit)
1490 http cache @radix-ui/react-use-effect-event@https://registry.npmjs.org/@radix-ui/react-use-effect-event/-/react-use-effect-event-0.0.2.tgz 0ms (cache hit)
1491 http cache @radix-ui/react-use-layout-effect@https://registry.npmjs.org/@radix-ui/react-use-layout-effect/-/react-use-layout-effect-1.1.1.tgz 0ms (cache hit)
1492 http cache @radix-ui/react-use-controllable-state@https://registry.npmjs.org/@radix-ui/react-use-controllable-state/-/react-use-controllable-state-1.2.2.tgz 0ms (cache hit)
1493 http cache @radix-ui/react-use-callback-ref@https://registry.npmjs.org/@radix-ui/react-use-callback-ref/-/react-use-callback-ref-1.1.1.tgz 0ms (cache hit)
1494 http cache @radix-ui/react-tooltip@https://registry.npmjs.org/@radix-ui/react-tooltip/-/react-tooltip-1.2.8.tgz 0ms (cache hit)
1495 http cache @radix-ui/react-toast@https://registry.npmjs.org/@radix-ui/react-toast/-/react-toast-1.2.15.tgz 0ms (cache hit)
1496 http cache @radix-ui/react-tabs@https://registry.npmjs.org/@radix-ui/react-tabs/-/react-tabs-1.1.13.tgz 0ms (cache hit)
1497 http cache @rushstack/eslint-patch@https://registry.npmjs.org/@rushstack/eslint-patch/-/eslint-patch-1.14.0.tgz 0ms (cache hit)
1498 http cache @radix-ui/react-switch@https://registry.npmjs.org/@radix-ui/react-switch/-/react-switch-1.2.6.tgz 0ms (cache hit)
1499 http cache @radix-ui/react-slot@https://registry.npmjs.org/@radix-ui/react-slot/-/react-slot-1.2.3.tgz 0ms (cache hit)
1500 http cache @radix-ui/react-select@https://registry.npmjs.org/@radix-ui/react-select/-/react-select-2.2.6.tgz 0ms (cache hit)
1501 http cache @radix-ui/react-slider@https://registry.npmjs.org/@radix-ui/react-slider/-/react-slider-1.3.6.tgz 0ms (cache hit)
1502 http cache @radix-ui/react-separator@https://registry.npmjs.org/@radix-ui/react-separator/-/react-separator-1.1.7.tgz 0ms (cache hit)
1503 http cache @radix-ui/react-scroll-area@https://registry.npmjs.org/@radix-ui/react-scroll-area/-/react-scroll-area-1.2.10.tgz 0ms (cache hit)
1504 http cache @radix-ui/react-radio-group@https://registry.npmjs.org/@radix-ui/react-radio-group/-/react-radio-group-1.3.8.tgz 0ms (cache hit)
1505 http cache @radix-ui/react-roving-focus@https://registry.npmjs.org/@radix-ui/react-roving-focus/-/react-roving-focus-1.1.11.tgz 0ms (cache hit)
1506 http cache @radix-ui/react-primitive@https://registry.npmjs.org/@radix-ui/react-primitive/-/react-primitive-2.1.3.tgz 0ms (cache hit)
1507 http cache @radix-ui/react-progress@https://registry.npmjs.org/@radix-ui/react-progress/-/react-progress-1.1.7.tgz 0ms (cache hit)
1508 http cache @radix-ui/react-presence@https://registry.npmjs.org/@radix-ui/react-presence/-/react-presence-1.1.5.tgz 0ms (cache hit)
1509 http cache @radix-ui/react-portal@https://registry.npmjs.org/@radix-ui/react-portal/-/react-portal-1.1.9.tgz 0ms (cache hit)
1510 http cache @radix-ui/react-popper@https://registry.npmjs.org/@radix-ui/react-popper/-/react-popper-1.2.8.tgz 0ms (cache hit)
1511 http cache @radix-ui/react-popover@https://registry.npmjs.org/@radix-ui/react-popover/-/react-popover-1.1.15.tgz 0ms (cache hit)
1512 http cache @radix-ui/react-menu@https://registry.npmjs.org/@radix-ui/react-menu/-/react-menu-2.1.16.tgz 0ms (cache hit)
1513 http cache @radix-ui/react-menubar@https://registry.npmjs.org/@radix-ui/react-menubar/-/react-menubar-1.1.16.tgz 0ms (cache hit)
1514 http cache @radix-ui/react-label@https://registry.npmjs.org/@radix-ui/react-label/-/react-label-2.1.7.tgz 0ms (cache hit)
1515 http cache @radix-ui/react-id@https://registry.npmjs.org/@radix-ui/react-id/-/react-id-1.1.1.tgz 0ms (cache hit)
1516 http cache @radix-ui/react-focus-guards@https://registry.npmjs.org/@radix-ui/react-focus-guards/-/react-focus-guards-1.1.3.tgz 0ms (cache hit)
1517 http cache @radix-ui/react-focus-scope@https://registry.npmjs.org/@radix-ui/react-focus-scope/-/react-focus-scope-1.1.7.tgz 0ms (cache hit)
1518 http cache @radix-ui/react-dismissable-layer@https://registry.npmjs.org/@radix-ui/react-dismissable-layer/-/react-dismissable-layer-1.1.11.tgz 0ms (cache hit)
1519 http cache @radix-ui/react-dropdown-menu@https://registry.npmjs.org/@radix-ui/react-dropdown-menu/-/react-dropdown-menu-2.1.16.tgz 0ms (cache hit)
1520 http cache @radix-ui/react-collection@https://registry.npmjs.org/@radix-ui/react-collection/-/react-collection-1.1.7.tgz 0ms (cache hit)
1521 http cache @radix-ui/react-direction@https://registry.npmjs.org/@radix-ui/react-direction/-/react-direction-1.1.1.tgz 0ms (cache hit)
1522 http cache @radix-ui/react-context@https://registry.npmjs.org/@radix-ui/react-context/-/react-context-1.1.2.tgz 0ms (cache hit)
1523 http cache @radix-ui/react-dialog@https://registry.npmjs.org/@radix-ui/react-dialog/-/react-dialog-1.1.15.tgz 0ms (cache hit)
1524 http cache @radix-ui/react-collapsible@https://registry.npmjs.org/@radix-ui/react-collapsible/-/react-collapsible-1.1.12.tgz 0ms (cache hit)
1525 http cache @radix-ui/react-checkbox@https://registry.npmjs.org/@radix-ui/react-checkbox/-/react-checkbox-1.3.3.tgz 0ms (cache hit)
1526 http cache @radix-ui/react-compose-refs@https://registry.npmjs.org/@radix-ui/react-compose-refs/-/react-compose-refs-1.1.2.tgz 0ms (cache hit)
1527 http cache @radix-ui/react-accordion@https://registry.npmjs.org/@radix-ui/react-accordion/-/react-accordion-1.2.12.tgz 0ms (cache hit)
1528 http cache @radix-ui/react-avatar@https://registry.npmjs.org/@radix-ui/react-avatar/-/react-avatar-1.1.10.tgz 0ms (cache hit)
1529 http cache @radix-ui/react-arrow@https://registry.npmjs.org/@radix-ui/react-arrow/-/react-arrow-1.1.7.tgz 0ms (cache hit)
1530 http cache @radix-ui/primitive@https://registry.npmjs.org/@radix-ui/primitive/-/primitive-1.1.3.tgz 0ms (cache hit)
1531 http cache @radix-ui/number@https://registry.npmjs.org/@radix-ui/number/-/number-1.1.1.tgz 0ms (cache hit)
1532 http cache @radix-ui/react-alert-dialog@https://registry.npmjs.org/@radix-ui/react-alert-dialog/-/react-alert-dialog-1.1.15.tgz 0ms (cache hit)
1533 http cache @protobufjs/utf8@https://registry.npmjs.org/@protobufjs/utf8/-/utf8-1.1.0.tgz 0ms (cache hit)
1534 http cache @protobufjs/path@https://registry.npmjs.org/@protobufjs/path/-/path-1.1.2.tgz 0ms (cache hit)
1535 http cache @protobufjs/float@https://registry.npmjs.org/@protobufjs/float/-/float-1.0.2.tgz 0ms (cache hit)
1536 http cache @protobufjs/pool@https://registry.npmjs.org/@protobufjs/pool/-/pool-1.1.0.tgz 0ms (cache hit)
1537 http cache @protobufjs/inquire@https://registry.npmjs.org/@protobufjs/inquire/-/inquire-1.1.0.tgz 0ms (cache hit)
1538 http cache @protobufjs/eventemitter@https://registry.npmjs.org/@protobufjs/eventemitter/-/eventemitter-1.1.0.tgz 0ms (cache hit)
1539 http cache @protobufjs/fetch@https://registry.npmjs.org/@protobufjs/fetch/-/fetch-1.1.0.tgz 0ms (cache hit)
1540 http cache @protobufjs/base64@https://registry.npmjs.org/@protobufjs/base64/-/base64-1.1.2.tgz 0ms (cache hit)
1541 http cache @protobufjs/aspromise@https://registry.npmjs.org/@protobufjs/aspromise/-/aspromise-1.1.2.tgz 0ms (cache hit)
1542 http cache @protobufjs/codegen@https://registry.npmjs.org/@protobufjs/codegen/-/codegen-2.0.4.tgz 0ms (cache hit)
1543 http cache @pkgjs/parseargs@https://registry.npmjs.org/@pkgjs/parseargs/-/parseargs-0.11.0.tgz 0ms (cache hit)
1544 http cache @pdf-lib/upng@https://registry.npmjs.org/@pdf-lib/upng/-/upng-1.0.1.tgz 1ms (cache hit)
1545 http cache @pdf-lib/standard-fonts@https://registry.npmjs.org/@pdf-lib/standard-fonts/-/standard-fonts-1.0.0.tgz 0ms (cache hit)
1546 http cache @nolyfill/is-core-module@https://registry.npmjs.org/@nolyfill/is-core-module/-/is-core-module-1.0.39.tgz 0ms (cache hit)
1547 http cache @nodelib/fs.walk@https://registry.npmjs.org/@nodelib/fs.walk/-/fs.walk-1.2.8.tgz 0ms (cache hit)
1548 http cache @nodelib/fs.stat@https://registry.npmjs.org/@nodelib/fs.stat/-/fs.stat-2.0.5.tgz 0ms (cache hit)
1549 http cache @radix-ui/react-use-escape-keydown@https://registry.npmjs.org/@radix-ui/react-use-escape-keydown/-/react-use-escape-keydown-1.1.1.tgz 0ms (cache hit)
1550 http cache @nodelib/fs.scandir@https://registry.npmjs.org/@nodelib/fs.scandir/-/fs.scandir-2.1.5.tgz 1ms (cache hit)
1551 http cache @next/env@https://registry.npmjs.org/@next/env/-/env-14.2.35.tgz 0ms (cache hit)
1552 http cache @next/swc-darwin-x64@https://registry.npmjs.org/@next/swc-darwin-x64/-/swc-darwin-x64-14.2.33.tgz 0ms (cache hit)
1553 http cache @napi-rs/canvas-darwin-x64@https://registry.npmjs.org/@napi-rs/canvas-darwin-x64/-/canvas-darwin-x64-0.1.80.tgz 0ms (cache hit)
1554 http cache @next/eslint-plugin-next@https://registry.npmjs.org/@next/eslint-plugin-next/-/eslint-plugin-next-14.2.5.tgz 0ms (cache hit)
1555 http cache @jridgewell/trace-mapping@https://registry.npmjs.org/@jridgewell/trace-mapping/-/trace-mapping-0.3.31.tgz 0ms (cache hit)
1556 http cache @jridgewell/source-map@https://registry.npmjs.org/@jridgewell/source-map/-/source-map-0.3.11.tgz 0ms (cache hit)
1557 http cache @jridgewell/sourcemap-codec@https://registry.npmjs.org/@jridgewell/sourcemap-codec/-/sourcemap-codec-1.5.5.tgz 0ms (cache hit)
1558 http cache @jridgewell/resolve-uri@https://registry.npmjs.org/@jridgewell/resolve-uri/-/resolve-uri-3.1.2.tgz 0ms (cache hit)
1559 http cache @humanwhocodes/object-schema@https://registry.npmjs.org/@humanwhocodes/object-schema/-/object-schema-2.0.3.tgz 0ms (cache hit)
1560 http cache @humanwhocodes/config-array@https://registry.npmjs.org/@humanwhocodes/config-array/-/config-array-0.13.0.tgz 0ms (cache hit)
1561 http cache @humanwhocodes/module-importer@https://registry.npmjs.org/@humanwhocodes/module-importer/-/module-importer-1.0.1.tgz 0ms (cache hit)
1562 http cache @grpc/proto-loader@https://registry.npmjs.org/@grpc/proto-loader/-/proto-loader-0.7.15.tgz 0ms (cache hit)
1563 http cache @hookform/resolvers@https://registry.npmjs.org/@hookform/resolvers/-/resolvers-3.10.0.tgz 0ms (cache hit)
1564 http cache @google/generative-ai@https://registry.npmjs.org/@google/generative-ai/-/generative-ai-0.16.1.tgz 0ms (cache hit)
1565 http cache @floating-ui/utils@https://registry.npmjs.org/@floating-ui/utils/-/utils-0.2.10.tgz 0ms (cache hit)
1566 http cache @floating-ui/react-dom@https://registry.npmjs.org/@floating-ui/react-dom/-/react-dom-2.1.6.tgz 0ms (cache hit)
1567 http cache @floating-ui/dom@https://registry.npmjs.org/@floating-ui/dom/-/dom-1.7.4.tgz 0ms (cache hit)
1568 http cache @floating-ui/core@https://registry.npmjs.org/@floating-ui/core/-/core-1.7.3.tgz 0ms (cache hit)
1569 http cache @firebase/util@https://registry.npmjs.org/@firebase/util/-/util-1.10.0.tgz 0ms (cache hit)
1570 http cache @firebase/logger@https://registry.npmjs.org/@firebase/logger/-/logger-0.4.2.tgz 0ms (cache hit)
1571 http cache @firebase/database-types@https://registry.npmjs.org/@firebase/database-types/-/database-types-1.0.5.tgz 0ms (cache hit)
1572 http cache @firebase/database-compat@https://registry.npmjs.org/@firebase/database-compat/-/database-compat-1.0.8.tgz 0ms (cache hit)
1573 http cache @firebase/database@https://registry.npmjs.org/@firebase/database/-/database-1.0.8.tgz 0ms (cache hit)
1574 http cache @firebase/component@https://registry.npmjs.org/@firebase/component/-/component-0.6.9.tgz 0ms (cache hit)
1575 http cache @firebase/app-check-interop-types@https://registry.npmjs.org/@firebase/app-check-interop-types/-/app-check-interop-types-0.3.2.tgz 1ms (cache hit)
1576 http cache @firebase/auth-interop-types@https://registry.npmjs.org/@firebase/auth-interop-types/-/auth-interop-types-0.2.3.tgz 0ms (cache hit)
1577 http cache @firebase/app-types@https://registry.npmjs.org/@firebase/app-types/-/app-types-0.9.2.tgz 0ms (cache hit)
1578 http cache @eslint-community/regexpp@https://registry.npmjs.org/@eslint-community/regexpp/-/regexpp-4.12.1.tgz 0ms (cache hit)
1579 http cache @eslint-community/eslint-utils@https://registry.npmjs.org/@eslint-community/eslint-utils/-/eslint-utils-4.9.0.tgz 0ms (cache hit)
1580 http cache @eslint/js@https://registry.npmjs.org/@eslint/js/-/js-8.57.1.tgz 0ms (cache hit)
1581 http cache @eslint/eslintrc@https://registry.npmjs.org/@eslint/eslintrc/-/eslintrc-2.1.4.tgz 0ms (cache hit)
1582 http cache @cypress/request-promise@https://registry.npmjs.org/@cypress/request-promise/-/request-promise-5.0.0.tgz 0ms (cache hit)
1583 http cache @cypress/request@https://registry.npmjs.org/@cypress/request/-/request-3.0.9.tgz 0ms (cache hit)
1584 http cache @babel/runtime@https://registry.npmjs.org/@babel/runtime/-/runtime-7.28.4.tgz 0ms (cache hit)
1585 http cache @aws-sdk/xml-builder@https://registry.npmjs.org/@aws-sdk/xml-builder/-/xml-builder-3.921.0.tgz 0ms (cache hit)
1586 http cache @aws-sdk/util-user-agent-browser@https://registry.npmjs.org/@aws-sdk/util-user-agent-browser/-/util-user-agent-browser-3.922.0.tgz 0ms (cache hit)
1587 http cache @aws-sdk/util-user-agent-node@https://registry.npmjs.org/@aws-sdk/util-user-agent-node/-/util-user-agent-node-3.926.0.tgz 0ms (cache hit)
1588 http cache @aws-sdk/util-locate-window@https://registry.npmjs.org/@aws-sdk/util-locate-window/-/util-locate-window-3.893.0.tgz 0ms (cache hit)
1589 http cache @aws-sdk/util-format-url@https://registry.npmjs.org/@aws-sdk/util-format-url/-/util-format-url-3.922.0.tgz 0ms (cache hit)
1590 http cache @aws-sdk/util-endpoints@https://registry.npmjs.org/@aws-sdk/util-endpoints/-/util-endpoints-3.922.0.tgz 0ms (cache hit)
1591 http cache @aws-sdk/types@https://registry.npmjs.org/@aws-sdk/types/-/types-3.922.0.tgz 0ms (cache hit)
1592 http cache @aws-sdk/util-arn-parser@https://registry.npmjs.org/@aws-sdk/util-arn-parser/-/util-arn-parser-3.893.0.tgz 0ms (cache hit)
1593 http cache @aws-sdk/token-providers@https://registry.npmjs.org/@aws-sdk/token-providers/-/token-providers-3.926.0.tgz 0ms (cache hit)
1594 http cache @aws-sdk/signature-v4-multi-region@https://registry.npmjs.org/@aws-sdk/signature-v4-multi-region/-/signature-v4-multi-region-3.926.0.tgz 0ms (cache hit)
1595 http cache @aws-sdk/region-config-resolver@https://registry.npmjs.org/@aws-sdk/region-config-resolver/-/region-config-resolver-3.925.0.tgz 0ms (cache hit)
1596 http cache @aws-sdk/s3-request-presigner@https://registry.npmjs.org/@aws-sdk/s3-request-presigner/-/s3-request-presigner-3.926.0.tgz 0ms (cache hit)
1597 http cache @aws-sdk/nested-clients@https://registry.npmjs.org/@aws-sdk/nested-clients/-/nested-clients-3.926.0.tgz 0ms (cache hit)
1598 http cache @aws-sdk/middleware-user-agent@https://registry.npmjs.org/@aws-sdk/middleware-user-agent/-/middleware-user-agent-3.926.0.tgz 0ms (cache hit)
1599 http cache @aws-sdk/middleware-ssec@https://registry.npmjs.org/@aws-sdk/middleware-ssec/-/middleware-ssec-3.922.0.tgz 0ms (cache hit)
1600 http cache @aws-sdk/middleware-sdk-s3@https://registry.npmjs.org/@aws-sdk/middleware-sdk-s3/-/middleware-sdk-s3-3.926.0.tgz 0ms (cache hit)
1601 http cache @jridgewell/gen-mapping@https://registry.npmjs.org/@jridgewell/gen-mapping/-/gen-mapping-0.3.13.tgz 0ms (cache hit)
1602 http cache @aws-sdk/middleware-location-constraint@https://registry.npmjs.org/@aws-sdk/middleware-location-constraint/-/middleware-location-constraint-3.922.0.tgz 0ms (cache hit)
1603 http cache @aws-sdk/middleware-recursion-detection@https://registry.npmjs.org/@aws-sdk/middleware-recursion-detection/-/middleware-recursion-detection-3.922.0.tgz 0ms (cache hit)
1604 http cache @aws-sdk/middleware-logger@https://registry.npmjs.org/@aws-sdk/middleware-logger/-/middleware-logger-3.922.0.tgz 1ms (cache hit)
1605 http cache @aws-sdk/credential-provider-sso@https://registry.npmjs.org/@aws-sdk/credential-provider-sso/-/credential-provider-sso-3.926.0.tgz 0ms (cache hit)
1606 http cache @aws-sdk/middleware-bucket-endpoint@https://registry.npmjs.org/@aws-sdk/middleware-bucket-endpoint/-/middleware-bucket-endpoint-3.922.0.tgz 0ms (cache hit)
1607 http cache @aws-sdk/middleware-host-header@https://registry.npmjs.org/@aws-sdk/middleware-host-header/-/middleware-host-header-3.922.0.tgz 0ms (cache hit)
1608 http cache @aws-sdk/middleware-flexible-checksums@https://registry.npmjs.org/@aws-sdk/middleware-flexible-checksums/-/middleware-flexible-checksums-3.926.0.tgz 0ms (cache hit)
1609 http cache @aws-sdk/credential-provider-web-identity@https://registry.npmjs.org/@aws-sdk/credential-provider-web-identity/-/credential-provider-web-identity-3.926.0.tgz 0ms (cache hit)
1610 http cache @aws-sdk/middleware-expect-continue@https://registry.npmjs.org/@aws-sdk/middleware-expect-continue/-/middleware-expect-continue-3.922.0.tgz 0ms (cache hit)
1611 http cache @aws-sdk/credential-provider-process@https://registry.npmjs.org/@aws-sdk/credential-provider-process/-/credential-provider-process-3.926.0.tgz 0ms (cache hit)
1612 http cache @aws-sdk/credential-provider-ini@https://registry.npmjs.org/@aws-sdk/credential-provider-ini/-/credential-provider-ini-3.926.0.tgz 0ms (cache hit)
1613 http cache @aws-sdk/credential-provider-node@https://registry.npmjs.org/@aws-sdk/credential-provider-node/-/credential-provider-node-3.926.0.tgz 0ms (cache hit)
1614 http cache @aws-sdk/credential-provider-http@https://registry.npmjs.org/@aws-sdk/credential-provider-http/-/credential-provider-http-3.926.0.tgz 0ms (cache hit)
1615 http cache @aws-sdk/credential-provider-env@https://registry.npmjs.org/@aws-sdk/credential-provider-env/-/credential-provider-env-3.926.0.tgz 0ms (cache hit)
1616 http cache @aws-sdk/core@https://registry.npmjs.org/@aws-sdk/core/-/core-3.926.0.tgz 0ms (cache hit)
1617 http cache @aws-sdk/client-s3@https://registry.npmjs.org/@aws-sdk/client-s3/-/client-s3-3.926.0.tgz 0ms (cache hit)
1618 http cache @aws-sdk/client-sso@https://registry.npmjs.org/@aws-sdk/client-sso/-/client-sso-3.926.0.tgz 0ms (cache hit)
1619 http cache @aws-crypto/util@https://registry.npmjs.org/@aws-crypto/util/-/util-5.2.0.tgz 0ms (cache hit)
1620 http cache @aws-crypto/supports-web-crypto@https://registry.npmjs.org/@aws-crypto/supports-web-crypto/-/supports-web-crypto-5.2.0.tgz 0ms (cache hit)
1621 http cache @aws-crypto/sha256-js@https://registry.npmjs.org/@aws-crypto/sha256-js/-/sha256-js-5.2.0.tgz 0ms (cache hit)
1622 http cache @aws-crypto/sha256-browser@https://registry.npmjs.org/@aws-crypto/sha256-browser/-/sha256-browser-5.2.0.tgz 0ms (cache hit)
1623 http cache @aws-crypto/crc32c@https://registry.npmjs.org/@aws-crypto/crc32c/-/crc32c-5.2.0.tgz 0ms (cache hit)
1624 http cache @aws-crypto/sha1-browser@https://registry.npmjs.org/@aws-crypto/sha1-browser/-/sha1-browser-5.2.0.tgz 0ms (cache hit)
1625 http cache @aws-crypto/crc32@https://registry.npmjs.org/@aws-crypto/crc32/-/crc32-5.2.0.tgz 0ms (cache hit)
1626 http cache @aws/lambda-invoke-store@https://registry.npmjs.org/@aws/lambda-invoke-store/-/lambda-invoke-store-0.1.1.tgz 0ms (cache hit)
1627 http cache @alloc/quick-lru@https://registry.npmjs.org/@alloc/quick-lru/-/quick-lru-5.2.0.tgz 0ms (cache hit)
1628 http cache typescript@https://registry.npmjs.org/typescript/-/typescript-5.9.3.tgz 0ms (cache hit)
1629 http cache hyphen@https://registry.npmjs.org/hyphen/-/hyphen-1.10.6.tgz 0ms (cache hit)
1630 http cache next@https://registry.npmjs.org/next/-/next-14.2.35.tgz 0ms (cache hit)
1631 http cache framer-motion@https://registry.npmjs.org/framer-motion/-/framer-motion-11.18.2.tgz 0ms (cache hit)
1632 http cache fontkit@https://registry.npmjs.org/fontkit/-/fontkit-2.0.4.tgz 0ms (cache hit)
1633 http cache foreground-child@https://registry.npmjs.org/foreground-child/-/foreground-child-3.3.1.tgz 0ms (cache hit)
1634 http cache follow-redirects@https://registry.npmjs.org/follow-redirects/-/follow-redirects-1.15.11.tgz 0ms (cache hit)
1635 http cache flatted@https://registry.npmjs.org/flatted/-/flatted-3.3.3.tgz 0ms (cache hit)
1636 http cache flat-cache@https://registry.npmjs.org/flat-cache/-/flat-cache-3.2.0.tgz 1ms (cache hit)
1637 http cache find-yarn-workspace-root@https://registry.npmjs.org/find-yarn-workspace-root/-/find-yarn-workspace-root-2.0.0.tgz 0ms (cache hit)
1638 http cache fill-range@https://registry.npmjs.org/fill-range/-/fill-range-7.1.1.tgz 0ms (cache hit)
1639 http cache find-up@https://registry.npmjs.org/find-up/-/find-up-5.0.0.tgz 0ms (cache hit)
1640 http cache file-selector@https://registry.npmjs.org/file-selector/-/file-selector-2.1.2.tgz 0ms (cache hit)
1641 http cache file-type@https://registry.npmjs.org/file-type/-/file-type-3.9.0.tgz 0ms (cache hit)
1642 http cache file-saver@https://registry.npmjs.org/file-saver/-/file-saver-2.0.5.tgz 0ms (cache hit)
1643 http cache file-entry-cache@https://registry.npmjs.org/file-entry-cache/-/file-entry-cache-6.0.1.tgz 0ms (cache hit)
1644 http cache faye-websocket@https://registry.npmjs.org/faye-websocket/-/faye-websocket-0.11.4.tgz 0ms (cache hit)
1645 http cache fastq@https://registry.npmjs.org/fastq/-/fastq-1.19.1.tgz 0ms (cache hit)
1646 http cache fast-levenshtein@https://registry.npmjs.org/fast-levenshtein/-/fast-levenshtein-2.0.6.tgz 0ms (cache hit)
1647 http cache fast-xml-parser@https://registry.npmjs.org/fast-xml-parser/-/fast-xml-parser-4.5.3.tgz 0ms (cache hit)
1648 http cache fast-uri@https://registry.npmjs.org/fast-uri/-/fast-uri-3.1.0.tgz 0ms (cache hit)
1649 http cache fast-glob@https://registry.npmjs.org/fast-glob/-/fast-glob-3.3.3.tgz 0ms (cache hit)
1650 http cache fast-json-stable-stringify@https://registry.npmjs.org/fast-json-stable-stringify/-/fast-json-stable-stringify-2.1.0.tgz 0ms (cache hit)
1651 http cache fast-deep-equal@https://registry.npmjs.org/fast-deep-equal/-/fast-deep-equal-3.1.3.tgz 0ms (cache hit)
1652 http cache extsprintf@https://registry.npmjs.org/extsprintf/-/extsprintf-1.3.0.tgz 0ms (cache hit)
1653 http cache fast-equals@https://registry.npmjs.org/fast-equals/-/fast-equals-5.3.2.tgz 0ms (cache hit)
1654 http cache extend@https://registry.npmjs.org/extend/-/extend-3.0.2.tgz 0ms (cache hit)
1655 http cache eventemitter3@https://registry.npmjs.org/eventemitter3/-/eventemitter3-3.1.2.tgz 0ms (cache hit)
1656 http cache events@https://registry.npmjs.org/events/-/events-3.3.0.tgz 0ms (cache hit)
1657 http cache esutils@https://registry.npmjs.org/esutils/-/esutils-2.0.3.tgz 0ms (cache hit)
1658 http cache estraverse@https://registry.npmjs.org/estraverse/-/estraverse-5.3.0.tgz 0ms (cache hit)
1659 http cache estree-util-is-identifier-name@https://registry.npmjs.org/estree-util-is-identifier-name/-/estree-util-is-identifier-name-3.0.0.tgz 0ms (cache hit)
1660 http cache esrecurse@https://registry.npmjs.org/esrecurse/-/esrecurse-4.3.0.tgz 0ms (cache hit)
1661 http cache espree@https://registry.npmjs.org/espree/-/espree-9.6.1.tgz 0ms (cache hit)
1662 http cache esquery@https://registry.npmjs.org/esquery/-/esquery-1.6.0.tgz 0ms (cache hit)
1663 http cache eslint-visitor-keys@https://registry.npmjs.org/eslint-visitor-keys/-/eslint-visitor-keys-3.4.3.tgz 0ms (cache hit)
1664 http cache eslint-scope@https://registry.npmjs.org/eslint-scope/-/eslint-scope-7.2.2.tgz 2ms (cache hit)
1665 http cache eslint-plugin-react@https://registry.npmjs.org/eslint-plugin-react/-/eslint-plugin-react-7.37.5.tgz 0ms (cache hit)
1666 http cache eslint-plugin-react-hooks@https://registry.npmjs.org/eslint-plugin-react-hooks/-/eslint-plugin-react-hooks-5.0.0-canary-7118f5dd7-20230705.tgz 0ms (cache hit)
1667 http cache eslint-plugin-jsx-a11y@https://registry.npmjs.org/eslint-plugin-jsx-a11y/-/eslint-plugin-jsx-a11y-6.10.2.tgz 0ms (cache hit)
1668 http cache eslint-module-utils@https://registry.npmjs.org/eslint-module-utils/-/eslint-module-utils-2.12.1.tgz 0ms (cache hit)
1669 http cache eslint-plugin-import@https://registry.npmjs.org/eslint-plugin-import/-/eslint-plugin-import-2.32.0.tgz 0ms (cache hit)
1670 http cache eslint-import-resolver-node@https://registry.npmjs.org/eslint-import-resolver-node/-/eslint-import-resolver-node-0.3.9.tgz 0ms (cache hit)
1671 http cache eslint-import-resolver-typescript@https://registry.npmjs.org/eslint-import-resolver-typescript/-/eslint-import-resolver-typescript-3.10.1.tgz 0ms (cache hit)
1672 http cache eslint-config-next@https://registry.npmjs.org/eslint-config-next/-/eslint-config-next-14.2.5.tgz 0ms (cache hit)
1673 http cache escape-string-regexp@https://registry.npmjs.org/escape-string-regexp/-/escape-string-regexp-4.0.0.tgz 0ms (cache hit)
1674 http cache eslint@https://registry.npmjs.org/eslint/-/eslint-8.57.1.tgz 0ms (cache hit)
1675 http cache es-to-primitive@https://registry.npmjs.org/es-to-primitive/-/es-to-primitive-1.3.0.tgz 0ms (cache hit)
1676 http cache es-set-tostringtag@https://registry.npmjs.org/es-set-tostringtag/-/es-set-tostringtag-2.1.0.tgz 0ms (cache hit)
1677 http cache escalade@https://registry.npmjs.org/escalade/-/escalade-3.2.0.tgz 0ms (cache hit)
1678 http cache es-object-atoms@https://registry.npmjs.org/es-object-atoms/-/es-object-atoms-1.1.1.tgz 0ms (cache hit)
1679 http cache es-module-lexer@https://registry.npmjs.org/es-module-lexer/-/es-module-lexer-1.7.0.tgz 0ms (cache hit)
1680 http cache es-shim-unscopables@https://registry.npmjs.org/es-shim-unscopables/-/es-shim-unscopables-1.1.0.tgz 0ms (cache hit)
1681 http cache es-errors@https://registry.npmjs.org/es-errors/-/es-errors-1.3.0.tgz 0ms (cache hit)
1682 http cache es-define-property@https://registry.npmjs.org/es-define-property/-/es-define-property-1.0.1.tgz 0ms (cache hit)
1683 http cache es-iterator-helpers@https://registry.npmjs.org/es-iterator-helpers/-/es-iterator-helpers-1.2.1.tgz 0ms (cache hit)
1684 http cache error-kid@https://registry.npmjs.org/error-kid/-/error-kid-0.0.7.tgz 0ms (cache hit)
1685 http cache enhanced-resolve@https://registry.npmjs.org/enhanced-resolve/-/enhanced-resolve-5.18.3.tgz 0ms (cache hit)
1686 http cache es-abstract@https://registry.npmjs.org/es-abstract/-/es-abstract-1.24.0.tgz 0ms (cache hit)
1687 http cache end-of-stream@https://registry.npmjs.org/end-of-stream/-/end-of-stream-1.4.5.tgz 0ms (cache hit)
1688 http cache emojis-list@https://registry.npmjs.org/emojis-list/-/emojis-list-3.0.0.tgz 1ms (cache hit)
1689 http cache emoji-regex@https://registry.npmjs.org/emoji-regex/-/emoji-regex-10.6.0.tgz 0ms (cache hit)
1690 http cache ecc-jsbn@https://registry.npmjs.org/ecc-jsbn/-/ecc-jsbn-0.1.2.tgz 0ms (cache hit)
1691 http cache electron-to-chromium@https://registry.npmjs.org/electron-to-chromium/-/electron-to-chromium-1.5.237.tgz 0ms (cache hit)
1692 http cache eastasianwidth@https://registry.npmjs.org/eastasianwidth/-/eastasianwidth-0.2.0.tgz 0ms (cache hit)
1693 http cache dunder-proto@https://registry.npmjs.org/dunder-proto/-/dunder-proto-1.0.1.tgz 0ms (cache hit)
1694 http cache dotenv@https://registry.npmjs.org/dotenv/-/dotenv-16.6.1.tgz 0ms (cache hit)
1695 http cache docx@https://registry.npmjs.org/docx/-/docx-8.5.0.tgz 0ms (cache hit)
1696 http cache dom-helpers@https://registry.npmjs.org/dom-helpers/-/dom-helpers-5.2.1.tgz 0ms (cache hit)
1697 http cache doctrine@https://registry.npmjs.org/doctrine/-/doctrine-3.0.0.tgz 0ms (cache hit)
1698 http cache dlv@https://registry.npmjs.org/dlv/-/dlv-1.1.3.tgz 0ms (cache hit)
1699 http cache dir-glob@https://registry.npmjs.org/dir-glob/-/dir-glob-3.0.1.tgz 0ms (cache hit)
1700 http cache didyoumean@https://registry.npmjs.org/didyoumean/-/didyoumean-1.2.2.tgz 0ms (cache hit)
1701 http cache dfa@https://registry.npmjs.org/dfa/-/dfa-1.2.0.tgz 0ms (cache hit)
1702 http cache devlop@https://registry.npmjs.org/devlop/-/devlop-1.1.0.tgz 0ms (cache hit)
1703 http cache detect-node-es@https://registry.npmjs.org/detect-node-es/-/detect-node-es-1.1.0.tgz 0ms (cache hit)
1704 http cache dequal@https://registry.npmjs.org/dequal/-/dequal-2.0.3.tgz 0ms (cache hit)
1705 http cache define-properties@https://registry.npmjs.org/define-properties/-/define-properties-1.2.1.tgz 0ms (cache hit)
1706 http cache delayed-stream@https://registry.npmjs.org/delayed-stream/-/delayed-stream-1.0.0.tgz 0ms (cache hit)
1707 http cache define-data-property@https://registry.npmjs.org/define-data-property/-/define-data-property-1.1.4.tgz 0ms (cache hit)
1708 http cache decode-named-character-reference@https://registry.npmjs.org/decode-named-character-reference/-/decode-named-character-reference-1.2.0.tgz 0ms (cache hit)
1709 http cache deep-is@https://registry.npmjs.org/deep-is/-/deep-is-0.1.4.tgz 0ms (cache hit)
1710 http cache decimal.js-light@https://registry.npmjs.org/decimal.js-light/-/decimal.js-light-2.5.1.tgz 0ms (cache hit)
1711 http cache date-fns@https://registry.npmjs.org/date-fns/-/date-fns-3.6.0.tgz 0ms (cache hit)
1712 http cache debug@https://registry.npmjs.org/debug/-/debug-4.4.3.tgz 0ms (cache hit)
1713 http cache data-view-byte-offset@https://registry.npmjs.org/data-view-byte-offset/-/data-view-byte-offset-1.0.1.tgz 0ms (cache hit)
1714 http cache dashdash@https://registry.npmjs.org/dashdash/-/dashdash-1.14.1.tgz 0ms (cache hit)
1715 http cache data-view-byte-length@https://registry.npmjs.org/data-view-byte-length/-/data-view-byte-length-1.0.2.tgz 0ms (cache hit)
1716 http cache damerau-levenshtein@https://registry.npmjs.org/damerau-levenshtein/-/damerau-levenshtein-1.0.8.tgz 0ms (cache hit)
1717 http cache data-view-buffer@https://registry.npmjs.org/data-view-buffer/-/data-view-buffer-1.0.2.tgz 0ms (cache hit)
1718 http cache d3-timer@https://registry.npmjs.org/d3-timer/-/d3-timer-3.0.1.tgz 0ms (cache hit)
1719 http cache d3-time@https://registry.npmjs.org/d3-time/-/d3-time-3.1.0.tgz 0ms (cache hit)
1720 http cache d3-time-format@https://registry.npmjs.org/d3-time-format/-/d3-time-format-4.1.0.tgz 0ms (cache hit)
1721 http cache d3-shape@https://registry.npmjs.org/d3-shape/-/d3-shape-3.2.0.tgz 0ms (cache hit)
1722 http cache d3-path@https://registry.npmjs.org/d3-path/-/d3-path-3.1.0.tgz 0ms (cache hit)
1723 http cache d3-scale@https://registry.npmjs.org/d3-scale/-/d3-scale-4.0.2.tgz 0ms (cache hit)
1724 http cache d3-interpolate@https://registry.npmjs.org/d3-interpolate/-/d3-interpolate-3.0.1.tgz 0ms (cache hit)
1725 http cache d3-color@https://registry.npmjs.org/d3-color/-/d3-color-3.1.0.tgz 0ms (cache hit)
1726 http cache d3-format@https://registry.npmjs.org/d3-format/-/d3-format-3.1.0.tgz 0ms (cache hit)
1727 http cache d3-ease@https://registry.npmjs.org/d3-ease/-/d3-ease-3.0.1.tgz 0ms (cache hit)
1728 http cache csstype@https://registry.npmjs.org/csstype/-/csstype-3.1.3.tgz 0ms (cache hit)
1729 http cache d3-array@https://registry.npmjs.org/d3-array/-/d3-array-3.2.4.tgz 0ms (cache hit)
1730 http cache cssesc@https://registry.npmjs.org/cssesc/-/cssesc-3.0.0.tgz 0ms (cache hit)
1731 http cache cross-spawn@https://registry.npmjs.org/cross-spawn/-/cross-spawn-7.0.6.tgz 0ms (cache hit)
1732 http cache crypto-js@https://registry.npmjs.org/crypto-js/-/crypto-js-4.2.0.tgz 0ms (cache hit)
1733 http cache cross-fetch@https://registry.npmjs.org/cross-fetch/-/cross-fetch-3.2.0.tgz 0ms (cache hit)
1734 http cache core-util-is@https://registry.npmjs.org/core-util-is/-/core-util-is-1.0.3.tgz 0ms (cache hit)
1735 http cache crc-32@https://registry.npmjs.org/crc-32/-/crc-32-1.2.2.tgz 0ms (cache hit)
1736 http cache concat-map@https://registry.npmjs.org/concat-map/-/concat-map-0.0.1.tgz 0ms (cache hit)
1737 http cache comma-separated-tokens@https://registry.npmjs.org/comma-separated-tokens/-/comma-separated-tokens-2.0.3.tgz 0ms (cache hit)
1738 http cache commander@https://registry.npmjs.org/commander/-/commander-4.1.1.tgz 0ms (cache hit)
1739 http cache color-string@https://registry.npmjs.org/color-string/-/color-string-1.9.1.tgz 0ms (cache hit)
1740 http cache color-name@https://registry.npmjs.org/color-name/-/color-name-1.1.4.tgz 0ms (cache hit)
1741 http cache combined-stream@https://registry.npmjs.org/combined-stream/-/combined-stream-1.0.8.tgz 0ms (cache hit)
1742 http cache color-convert@https://registry.npmjs.org/color-convert/-/color-convert-2.0.1.tgz 0ms (cache hit)
1743 http cache clone@https://registry.npmjs.org/clone/-/clone-2.1.2.tgz 1ms (cache hit)
1744 http cache codepage@https://registry.npmjs.org/codepage/-/codepage-1.15.0.tgz 0ms (cache hit)
1745 http cache clsx@https://registry.npmjs.org/clsx/-/clsx-2.1.1.tgz 0ms (cache hit)
1746 http cache client-only@https://registry.npmjs.org/client-only/-/client-only-0.0.1.tgz 0ms (cache hit)
1747 http cache cliui@https://registry.npmjs.org/cliui/-/cliui-8.0.1.tgz 0ms (cache hit)
1748 http cache class-variance-authority@https://registry.npmjs.org/class-variance-authority/-/class-variance-authority-0.7.1.tgz 0ms (cache hit)
1749 http cache chrome-trace-event@https://registry.npmjs.org/chrome-trace-event/-/chrome-trace-event-1.0.4.tgz 0ms (cache hit)
1750 http cache ci-info@https://registry.npmjs.org/ci-info/-/ci-info-3.9.0.tgz 0ms (cache hit)
1751 http cache chokidar@https://registry.npmjs.org/chokidar/-/chokidar-3.6.0.tgz 0ms (cache hit)
1752 http cache character-entities-legacy@https://registry.npmjs.org/character-entities-legacy/-/character-entities-legacy-3.0.0.tgz 0ms (cache hit)
1753 http cache character-reference-invalid@https://registry.npmjs.org/character-reference-invalid/-/character-reference-invalid-2.0.1.tgz 0ms (cache hit)
1754 http cache character-entities@https://registry.npmjs.org/character-entities/-/character-entities-2.0.2.tgz 0ms (cache hit)
1755 http cache character-entities-html4@https://registry.npmjs.org/character-entities-html4/-/character-entities-html4-2.1.0.tgz 0ms (cache hit)
1756 http cache cfb@https://registry.npmjs.org/cfb/-/cfb-1.2.2.tgz 0ms (cache hit)
1757 http cache chalk@https://registry.npmjs.org/chalk/-/chalk-4.1.2.tgz 0ms (cache hit)
1758 http cache ccount@https://registry.npmjs.org/ccount/-/ccount-2.0.1.tgz 0ms (cache hit)
1759 http cache caseless@https://registry.npmjs.org/caseless/-/caseless-0.12.0.tgz 0ms (cache hit)
1760 http cache caniuse-lite@https://registry.npmjs.org/caniuse-lite/-/caniuse-lite-1.0.30001751.tgz 0ms (cache hit)
1761 http cache camelcase-css@https://registry.npmjs.org/camelcase-css/-/camelcase-css-2.0.1.tgz 0ms (cache hit)
1762 http cache callsites@https://registry.npmjs.org/callsites/-/callsites-3.1.0.tgz 0ms (cache hit)
1763 http cache call-bound@https://registry.npmjs.org/call-bound/-/call-bound-1.0.4.tgz 0ms (cache hit)
1764 http cache call-bind-apply-helpers@https://registry.npmjs.org/call-bind-apply-helpers/-/call-bind-apply-helpers-1.0.2.tgz 0ms (cache hit)
1765 http cache call-bind@https://registry.npmjs.org/call-bind/-/call-bind-1.0.8.tgz 0ms (cache hit)
1766 http cache buffer-from@https://registry.npmjs.org/buffer-from/-/buffer-from-1.1.2.tgz 0ms (cache hit)
1767 http cache busboy@https://registry.npmjs.org/busboy/-/busboy-1.6.0.tgz 0ms (cache hit)
1768 http cache browserslist@https://registry.npmjs.org/browserslist/-/browserslist-4.23.1.tgz 0ms (cache hit)
1769 http cache browserify-zlib@https://registry.npmjs.org/browserify-zlib/-/browserify-zlib-0.2.0.tgz 0ms (cache hit)
1770 http cache brotli@https://registry.npmjs.org/brotli/-/brotli-1.3.3.tgz 0ms (cache hit)
1771 http cache braces@https://registry.npmjs.org/braces/-/braces-3.0.3.tgz 0ms (cache hit)
1772 http cache brace-expansion@https://registry.npmjs.org/brace-expansion/-/brace-expansion-1.1.12.tgz 0ms (cache hit)
1773 http cache bowser@https://registry.npmjs.org/bowser/-/bowser-2.12.1.tgz 0ms (cache hit)
1774 http cache bluebird@https://registry.npmjs.org/bluebird/-/bluebird-3.7.2.tgz 0ms (cache hit)
1775 http cache bl@https://registry.npmjs.org/bl/-/bl-1.2.3.tgz 0ms (cache hit)
1776 http cache binary-extensions@https://registry.npmjs.org/binary-extensions/-/binary-extensions-2.3.0.tgz 0ms (cache hit)
1777 http cache big.js@https://registry.npmjs.org/big.js/-/big.js-5.2.2.tgz 0ms (cache hit)
1778 http cache bidi-js@https://registry.npmjs.org/bidi-js/-/bidi-js-1.0.3.tgz 0ms (cache hit)
1779 http cache bcrypt-pbkdf@https://registry.npmjs.org/bcrypt-pbkdf/-/bcrypt-pbkdf-1.0.2.tgz 0ms (cache hit)
1780 http cache base64-js@https://registry.npmjs.org/base64-js/-/base64-js-1.5.1.tgz 0ms (cache hit)
1781 http cache balanced-match@https://registry.npmjs.org/balanced-match/-/balanced-match-1.0.2.tgz 0ms (cache hit)
1782 http cache bail@https://registry.npmjs.org/bail/-/bail-2.0.2.tgz 0ms (cache hit)
1783 http cache axobject-query@https://registry.npmjs.org/axobject-query/-/axobject-query-4.1.0.tgz 0ms (cache hit)
1784 http cache axios@https://registry.npmjs.org/axios/-/axios-1.12.2.tgz 0ms (cache hit)
1785 http cache axe-core@https://registry.npmjs.org/axe-core/-/axe-core-4.11.0.tgz 0ms (cache hit)
1786 http cache aws-sign2@https://registry.npmjs.org/aws-sign2/-/aws-sign2-0.7.0.tgz 0ms (cache hit)
1787 http cache aws4@https://registry.npmjs.org/aws4/-/aws4-1.13.2.tgz 0ms (cache hit)
1788 http cache attr-accept@https://registry.npmjs.org/attr-accept/-/attr-accept-2.2.5.tgz 0ms (cache hit)
1789 http cache asynckit@https://registry.npmjs.org/asynckit/-/asynckit-0.4.0.tgz 0ms (cache hit)
1790 http cache available-typed-arrays@https://registry.npmjs.org/available-typed-arrays/-/available-typed-arrays-1.0.7.tgz 0ms (cache hit)
1791 http cache async-function@https://registry.npmjs.org/async-function/-/async-function-1.0.0.tgz 0ms (cache hit)
1792 http cache ast-types-flow@https://registry.npmjs.org/ast-types-flow/-/ast-types-flow-0.0.8.tgz 0ms (cache hit)
1793 http cache assert-plus@https://registry.npmjs.org/assert-plus/-/assert-plus-1.0.0.tgz 0ms (cache hit)
1794 http cache @isaacs/cliui@https://registry.npmjs.org/@isaacs/cliui/-/cliui-8.0.2.tgz 0ms (cache hit)
1795 http cache asn1@https://registry.npmjs.org/asn1/-/asn1-0.2.6.tgz 0ms (cache hit)
1796 http cache arraybuffer.prototype.slice@https://registry.npmjs.org/arraybuffer.prototype.slice/-/arraybuffer.prototype.slice-1.0.4.tgz 0ms (cache hit)
1797 http cache array.prototype.flatmap@https://registry.npmjs.org/array.prototype.flatmap/-/array.prototype.flatmap-1.3.3.tgz 0ms (cache hit)
1798 http cache array.prototype.flat@https://registry.npmjs.org/array.prototype.flat/-/array.prototype.flat-1.3.3.tgz 0ms (cache hit)
1799 http cache array.prototype.tosorted@https://registry.npmjs.org/array.prototype.tosorted/-/array.prototype.tosorted-1.1.4.tgz 0ms (cache hit)
1800 http cache array.prototype.findlast@https://registry.npmjs.org/array.prototype.findlast/-/array.prototype.findlast-1.2.5.tgz 0ms (cache hit)
1801 http cache array.prototype.findlastindex@https://registry.npmjs.org/array.prototype.findlastindex/-/array.prototype.findlastindex-1.2.6.tgz 0ms (cache hit)
1802 http cache array.prototype.findindex@https://registry.npmjs.org/array.prototype.findindex/-/array.prototype.findindex-2.2.4.tgz 0ms (cache hit)
1803 http cache array-union@https://registry.npmjs.org/array-union/-/array-union-2.1.0.tgz 0ms (cache hit)
1804 http cache array-includes@https://registry.npmjs.org/array-includes/-/array-includes-3.1.9.tgz 0ms (cache hit)
1805 http cache array-buffer-byte-length@https://registry.npmjs.org/array-buffer-byte-length/-/array-buffer-byte-length-1.0.2.tgz 0ms (cache hit)
1806 http cache aria-query@https://registry.npmjs.org/aria-query/-/aria-query-5.3.2.tgz 0ms (cache hit)
1807 http cache argparse@https://registry.npmjs.org/argparse/-/argparse-2.0.1.tgz 0ms (cache hit)
1808 http cache arg@https://registry.npmjs.org/arg/-/arg-5.0.2.tgz 0ms (cache hit)
1809 http cache @napi-rs/canvas@https://registry.npmjs.org/@napi-rs/canvas/-/canvas-0.1.80.tgz 0ms (cache hit)
1810 http cache anymatch@https://registry.npmjs.org/anymatch/-/anymatch-3.1.3.tgz 0ms (cache hit)
1811 http cache any-promise@https://registry.npmjs.org/any-promise/-/any-promise-1.3.0.tgz 0ms (cache hit)
1812 http cache ansi-regex@https://registry.npmjs.org/ansi-regex/-/ansi-regex-5.0.1.tgz 0ms (cache hit)
1813 http cache ajv-keywords@https://registry.npmjs.org/ajv-keywords/-/ajv-keywords-3.5.2.tgz 0ms (cache hit)
1814 http cache ansi-styles@https://registry.npmjs.org/ansi-styles/-/ansi-styles-4.3.0.tgz 0ms (cache hit)
1815 http cache ajv-formats@https://registry.npmjs.org/ajv-formats/-/ajv-formats-2.1.1.tgz 0ms (cache hit)
1816 http cache ajv@https://registry.npmjs.org/ajv/-/ajv-6.12.6.tgz 0ms (cache hit)
1817 http cache adler-32@https://registry.npmjs.org/adler-32/-/adler-32-1.3.1.tgz 0ms (cache hit)
1818 http cache acorn-jsx@https://registry.npmjs.org/acorn-jsx/-/acorn-jsx-5.3.2.tgz 0ms (cache hit)
1819 http cache aria-hidden@https://registry.npmjs.org/aria-hidden/-/aria-hidden-1.2.6.tgz 0ms (cache hit)
1820 http cache acorn@https://registry.npmjs.org/acorn/-/acorn-8.15.0.tgz 0ms (cache hit)
1821 http cache acorn-import-phases@https://registry.npmjs.org/acorn-import-phases/-/acorn-import-phases-1.0.4.tgz 0ms (cache hit)
1822 http cache @types/send@https://registry.npmjs.org/@types/send/-/send-0.17.6.tgz 0ms (cache hit)
1823 http cache uuid@https://registry.npmjs.org/uuid/-/uuid-8.3.2.tgz 0ms (cache hit)
1824 http cache abs-svg-path@https://registry.npmjs.org/abs-svg-path/-/abs-svg-path-0.1.1.tgz 0ms (cache hit)
1825 http cache string-width@https://registry.npmjs.org/string-width/-/string-width-4.2.3.tgz 0ms (cache hit)
1826 http cache emoji-regex@https://registry.npmjs.org/emoji-regex/-/emoji-regex-8.0.0.tgz 0ms (cache hit)
1827 http cache string-width@https://registry.npmjs.org/string-width/-/string-width-4.2.3.tgz 1ms (cache hit)
1828 http cache emoji-regex@https://registry.npmjs.org/emoji-regex/-/emoji-regex-8.0.0.tgz 0ms (cache hit)
1829 http cache mime@https://registry.npmjs.org/mime/-/mime-3.0.0.tgz 0ms (cache hit)
1830 http cache ansi-styles@https://registry.npmjs.org/ansi-styles/-/ansi-styles-6.2.3.tgz 0ms (cache hit)
1831 http cache ansi-regex@https://registry.npmjs.org/ansi-regex/-/ansi-regex-6.2.2.tgz 0ms (cache hit)
1832 http cache strip-ansi@https://registry.npmjs.org/strip-ansi/-/strip-ansi-7.1.2.tgz 0ms (cache hit)
1833 http cache schema-utils@https://registry.npmjs.org/schema-utils/-/schema-utils-4.3.3.tgz 0ms (cache hit)
1834 http cache estraverse@https://registry.npmjs.org/estraverse/-/estraverse-4.3.0.tgz 0ms (cache hit)
1835 http cache eslint-scope@https://registry.npmjs.org/eslint-scope/-/eslint-scope-5.1.1.tgz 0ms (cache hit)
1836 http cache json-schema-traverse@https://registry.npmjs.org/json-schema-traverse/-/json-schema-traverse-1.0.0.tgz 0ms (cache hit)
1837 http cache ajv-keywords@https://registry.npmjs.org/ajv-keywords/-/ajv-keywords-5.1.0.tgz 0ms (cache hit)
1838 http cache ajv@https://registry.npmjs.org/ajv/-/ajv-8.17.1.tgz 0ms (cache hit)
1839 http cache core-util-is@https://registry.npmjs.org/core-util-is/-/core-util-is-1.0.2.tgz 0ms (cache hit)
1840 http cache pako@https://registry.npmjs.org/pako/-/pako-0.2.9.tgz 0ms (cache hit)
1841 http cache picomatch@https://registry.npmjs.org/picomatch/-/picomatch-4.0.3.tgz 0ms (cache hit)
1842 http cache json5@https://registry.npmjs.org/json5/-/json5-1.0.2.tgz 0ms (cache hit)
1843 http cache fdir@https://registry.npmjs.org/fdir/-/fdir-6.5.0.tgz 0ms (cache hit)
1844 http cache schema-utils@https://registry.npmjs.org/schema-utils/-/schema-utils-4.3.3.tgz 0ms (cache hit)
1845 http cache json-schema-traverse@https://registry.npmjs.org/json-schema-traverse/-/json-schema-traverse-1.0.0.tgz 0ms (cache hit)
1846 http cache ajv-keywords@https://registry.npmjs.org/ajv-keywords/-/ajv-keywords-5.1.0.tgz 0ms (cache hit)
1847 http cache ajv@https://registry.npmjs.org/ajv/-/ajv-8.17.1.tgz 0ms (cache hit)
1848 http cache uuid@https://registry.npmjs.org/uuid/-/uuid-9.0.1.tgz 0ms (cache hit)
1849 http cache https-proxy-agent@https://registry.npmjs.org/https-proxy-agent/-/https-proxy-agent-5.0.1.tgz 0ms (cache hit)
1850 http cache agent-base@https://registry.npmjs.org/agent-base/-/agent-base-6.0.2.tgz 0ms (cache hit)
1851 http cache postcss-selector-parser@https://registry.npmjs.org/postcss-selector-parser/-/postcss-selector-parser-6.1.2.tgz 0ms (cache hit)
1852 http cache strip-ansi@https://registry.npmjs.org/strip-ansi/-/strip-ansi-7.1.2.tgz 0ms (cache hit)
1853 http cache safe-buffer@https://registry.npmjs.org/safe-buffer/-/safe-buffer-5.1.2.tgz 0ms (cache hit)
1854 http cache commander@https://registry.npmjs.org/commander/-/commander-2.20.3.tgz 0ms (cache hit)
1855 http cache ansi-regex@https://registry.npmjs.org/ansi-regex/-/ansi-regex-6.2.2.tgz 0ms (cache hit)
1856 http cache emoji-regex@https://registry.npmjs.org/emoji-regex/-/emoji-regex-9.2.2.tgz 0ms (cache hit)
1857 http cache emoji-regex@https://registry.npmjs.org/emoji-regex/-/emoji-regex-8.0.0.tgz 0ms (cache hit)
1858 http cache react-is@https://registry.npmjs.org/react-is/-/react-is-18.3.1.tgz 0ms (cache hit)
1859 http cache eventemitter3@https://registry.npmjs.org/eventemitter3/-/eventemitter3-4.0.7.tgz 0ms (cache hit)
1860 http cache glob@https://registry.npmjs.org/glob/-/glob-7.2.3.tgz 0ms (cache hit)
1861 http cache uuid@https://registry.npmjs.org/uuid/-/uuid-3.4.0.tgz 0ms (cache hit)
1862 http cache scheduler@https://registry.npmjs.org/scheduler/-/scheduler-0.23.2.tgz 0ms (cache hit)
1863 http cache jsprim@https://registry.npmjs.org/jsprim/-/jsprim-1.4.2.tgz 0ms (cache hit)
1864 http cache tough-cookie@https://registry.npmjs.org/tough-cookie/-/tough-cookie-2.5.0.tgz 0ms (cache hit)
1865 http cache http-signature@https://registry.npmjs.org/http-signature/-/http-signature-1.2.0.tgz 0ms (cache hit)
1866 http cache qs@https://registry.npmjs.org/qs/-/qs-6.5.3.tgz 0ms (cache hit)
1867 http cache form-data@https://registry.npmjs.org/form-data/-/form-data-2.3.3.tgz 0ms (cache hit)
1868 http cache safe-buffer@https://registry.npmjs.org/safe-buffer/-/safe-buffer-5.1.2.tgz 0ms (cache hit)
1869 http cache isarray@https://registry.npmjs.org/isarray/-/isarray-1.0.0.tgz 0ms (cache hit)
1870 http cache postcss-selector-parser@https://registry.npmjs.org/postcss-selector-parser/-/postcss-selector-parser-6.1.2.tgz 0ms (cache hit)
1871 http cache tslib@https://registry.npmjs.org/tslib/-/tslib-1.14.1.tgz 0ms (cache hit)
1872 http cache nanoid@https://registry.npmjs.org/nanoid/-/nanoid-3.3.11.tgz 0ms (cache hit)
1873 http cache object-hash@https://registry.npmjs.org/object-hash/-/object-hash-2.2.0.tgz 0ms (cache hit)
1874 http cache lru-cache@https://registry.npmjs.org/lru-cache/-/lru-cache-6.0.0.tgz 0ms (cache hit)
1875 http cache jose@https://registry.npmjs.org/jose/-/jose-4.15.9.tgz 0ms (cache hit)
1876 http cache @types/unist@https://registry.npmjs.org/@types/unist/-/unist-2.0.11.tgz 0ms (cache hit)
1877 http cache slash@https://registry.npmjs.org/slash/-/slash-2.0.0.tgz 0ms (cache hit)
1878 http cache debug@https://registry.npmjs.org/debug/-/debug-3.2.7.tgz 0ms (cache hit)
1879 http cache jose@https://registry.npmjs.org/jose/-/jose-4.15.9.tgz 0ms (cache hit)
1880 http cache uuid@https://registry.npmjs.org/uuid/-/uuid-8.3.2.tgz 0ms (cache hit)
1881 http cache webidl-conversions@https://registry.npmjs.org/webidl-conversions/-/webidl-conversions-7.0.0.tgz 0ms (cache hit)
1882 http cache whatwg-url@https://registry.npmjs.org/whatwg-url/-/whatwg-url-14.2.0.tgz 0ms (cache hit)
1883 http cache lru-cache@https://registry.npmjs.org/lru-cache/-/lru-cache-6.0.0.tgz 0ms (cache hit)
1884 http cache base64-js@https://registry.npmjs.org/base64-js/-/base64-js-0.0.8.tgz 0ms (cache hit)
1885 http cache jose@https://registry.npmjs.org/jose/-/jose-4.15.9.tgz 0ms (cache hit)
1886 http cache escape-string-regexp@https://registry.npmjs.org/escape-string-regexp/-/escape-string-regexp-5.0.0.tgz 0ms (cache hit)
1887 http cache supports-color@https://registry.npmjs.org/supports-color/-/supports-color-8.1.1.tgz 0ms (cache hit)
1888 http cache agent-base@https://registry.npmjs.org/agent-base/-/agent-base-6.0.2.tgz 0ms (cache hit)
1889 http cache @grpc/grpc-js@https://registry.npmjs.org/@grpc/grpc-js/-/grpc-js-1.14.3.tgz 0ms (cache hit)
1890 http cache @grpc/proto-loader@https://registry.npmjs.org/@grpc/proto-loader/-/proto-loader-0.8.0.tgz 0ms (cache hit)
1891 http cache uuid@https://registry.npmjs.org/uuid/-/uuid-9.0.1.tgz 0ms (cache hit)
1892 http cache gcp-metadata@https://registry.npmjs.org/gcp-metadata/-/gcp-metadata-6.1.1.tgz 0ms (cache hit)
1893 http cache uuid@https://registry.npmjs.org/uuid/-/uuid-9.0.1.tgz 0ms (cache hit)
1894 http cache @types/node@https://registry.npmjs.org/@types/node/-/node-22.19.3.tgz 0ms (cache hit)
1895 http cache brace-expansion@https://registry.npmjs.org/brace-expansion/-/brace-expansion-2.0.2.tgz 0ms (cache hit)
1896 http cache minimatch@https://registry.npmjs.org/minimatch/-/minimatch-9.0.5.tgz 0ms (cache hit)
1897 http cache tr46@https://registry.npmjs.org/tr46/-/tr46-5.1.1.tgz 0ms (cache hit)
1898 http cache readable-stream@https://registry.npmjs.org/readable-stream/-/readable-stream-3.6.2.tgz 0ms (cache hit)
1899 http cache @react-pdf/primitives@https://registry.npmjs.org/@react-pdf/primitives/-/primitives-4.1.1.tgz 0ms (cache hit)
1900 http cache @react-pdf/png-js@https://registry.npmjs.org/@react-pdf/png-js/-/png-js-3.0.0.tgz 0ms (cache hit)
1901 http cache minimatch@https://registry.npmjs.org/minimatch/-/minimatch-9.0.3.tgz 0ms (cache hit)
1902 http cache @react-pdf/pdfkit@https://registry.npmjs.org/@react-pdf/pdfkit/-/pdfkit-4.0.4.tgz 0ms (cache hit)
1903 http cache brace-expansion@https://registry.npmjs.org/brace-expansion/-/brace-expansion-2.0.2.tgz 0ms (cache hit)
1904 http cache @react-pdf/stylesheet@https://registry.npmjs.org/@react-pdf/stylesheet/-/stylesheet-6.1.1.tgz 0ms (cache hit)
1905 http cache @react-pdf/fns@https://registry.npmjs.org/@react-pdf/fns/-/fns-3.1.2.tgz 0ms (cache hit)
1906 http cache @react-pdf/font@https://registry.npmjs.org/@react-pdf/font/-/font-4.0.3.tgz 0ms (cache hit)
1907 http cache ansi-regex@https://registry.npmjs.org/ansi-regex/-/ansi-regex-6.2.2.tgz 0ms (cache hit)
1908 http cache strip-ansi@https://registry.npmjs.org/strip-ansi/-/strip-ansi-7.1.2.tgz 0ms (cache hit)
1909 http cache tough-cookie@https://registry.npmjs.org/tough-cookie/-/tough-cookie-4.1.4.tgz 0ms (cache hit)
1910 http cache universalify@https://registry.npmjs.org/universalify/-/universalify-0.2.0.tgz 0ms (cache hit)
1911 http cache uuid@https://registry.npmjs.org/uuid/-/uuid-8.3.2.tgz 0ms (cache hit)
1912 http cache form-data@https://registry.npmjs.org/form-data/-/form-data-4.0.4.tgz 0ms (cache hit)
1913 http cache fast-xml-parser@https://registry.npmjs.org/fast-xml-parser/-/fast-xml-parser-5.2.5.tgz 0ms (cache hit)
1914 http cache strnum@https://registry.npmjs.org/strnum/-/strnum-2.1.1.tgz 0ms (cache hit)
1915 http cache @smithy/util-utf8@https://registry.npmjs.org/@smithy/util-utf8/-/util-utf8-2.3.0.tgz 0ms (cache hit)
1916 http cache @smithy/util-buffer-from@https://registry.npmjs.org/@smithy/util-buffer-from/-/util-buffer-from-2.2.0.tgz 1ms (cache hit)
1917 http cache @smithy/util-utf8@https://registry.npmjs.org/@smithy/util-utf8/-/util-utf8-2.3.0.tgz 0ms (cache hit)
1918 http cache @smithy/is-array-buffer@https://registry.npmjs.org/@smithy/is-array-buffer/-/is-array-buffer-2.2.0.tgz 0ms (cache hit)
1919 http cache @smithy/is-array-buffer@https://registry.npmjs.org/@smithy/is-array-buffer/-/is-array-buffer-2.2.0.tgz 0ms (cache hit)
1920 http cache @smithy/util-buffer-from@https://registry.npmjs.org/@smithy/util-buffer-from/-/util-buffer-from-2.2.0.tgz 0ms (cache hit)
1921 http cache @smithy/util-buffer-from@https://registry.npmjs.org/@smithy/util-buffer-from/-/util-buffer-from-2.2.0.tgz 0ms (cache hit)
1922 http cache @smithy/is-array-buffer@https://registry.npmjs.org/@smithy/is-array-buffer/-/is-array-buffer-2.2.0.tgz 0ms (cache hit)
1923 http cache @smithy/util-utf8@https://registry.npmjs.org/@smithy/util-utf8/-/util-utf8-2.3.0.tgz 0ms (cache hit)
1924 http cache @swc/helpers@https://registry.npmjs.org/@swc/helpers/-/helpers-0.5.5.tgz 0ms (cache hit)
1925 http cache postcss@https://registry.npmjs.org/postcss/-/postcss-8.4.31.tgz 0ms (cache hit)
1926 http cache glob-parent@https://registry.npmjs.org/glob-parent/-/glob-parent-5.1.2.tgz 0ms (cache hit)
1927 http cache nanoid@https://registry.npmjs.org/nanoid/-/nanoid-3.3.11.tgz 0ms (cache hit)
1928 http cache semver@https://registry.npmjs.org/semver/-/semver-6.3.1.tgz 0ms (cache hit)
1929 http cache resolve@https://registry.npmjs.org/resolve/-/resolve-2.0.0-next.5.tgz 0ms (cache hit)
1930 http cache debug@https://registry.npmjs.org/debug/-/debug-3.2.7.tgz 0ms (cache hit)
1931 http cache doctrine@https://registry.npmjs.org/doctrine/-/doctrine-2.1.0.tgz 0ms (cache hit)
1932 http cache emoji-regex@https://registry.npmjs.org/emoji-regex/-/emoji-regex-9.2.2.tgz 0ms (cache hit)
1933 http cache doctrine@https://registry.npmjs.org/doctrine/-/doctrine-2.1.0.tgz 0ms (cache hit)
1934 http cache semver@https://registry.npmjs.org/semver/-/semver-6.3.1.tgz 0ms (cache hit)
1935 http cache debug@https://registry.npmjs.org/debug/-/debug-3.2.7.tgz 0ms (cache hit)
1936 http cache debug@https://registry.npmjs.org/debug/-/debug-3.2.7.tgz 0ms (cache hit)
1937 http cache wrap-ansi@https://registry.npmjs.org/wrap-ansi/-/wrap-ansi-7.0.0.tgz 0ms (cache hit)
1938 http cache string-width@https://registry.npmjs.org/string-width/-/string-width-4.2.3.tgz 0ms (cache hit)
1939 http cache emoji-regex@https://registry.npmjs.org/emoji-regex/-/emoji-regex-8.0.0.tgz 0ms (cache hit)
1940 http cache glob-parent@https://registry.npmjs.org/glob-parent/-/glob-parent-5.1.2.tgz 0ms (cache hit)
1941 http cache form-data@https://registry.npmjs.org/form-data/-/form-data-4.0.4.tgz 0ms (cache hit)
1942 http cache ajv@https://registry.npmjs.org/ajv/-/ajv-8.17.1.tgz 0ms (cache hit)
1943 http cache json-schema-traverse@https://registry.npmjs.org/json-schema-traverse/-/json-schema-traverse-1.0.0.tgz 0ms (cache hit)
1944 silly tarball no local data for @xtuc/ieee754@https://registry.npmjs.org/@xtuc/ieee754/-/ieee754-1.2.0.tgz. Extracting by manifest.
1945 silly tarball no local data for @yarnpkg/lockfile@https://registry.npmjs.org/@yarnpkg/lockfile/-/lockfile-1.1.0.tgz. Extracting by manifest.
1946 silly tarball no local data for @xtuc/long@https://registry.npmjs.org/@xtuc/long/-/long-4.2.2.tgz. Extracting by manifest.
1947 silly tarball no local data for @webassemblyjs/wasm-opt@https://registry.npmjs.org/@webassemblyjs/wasm-opt/-/wasm-opt-1.14.1.tgz. Extracting by manifest.
1948 silly tarball no local data for @unrs/resolver-binding-darwin-x64@https://registry.npmjs.org/@unrs/resolver-binding-darwin-x64/-/resolver-binding-darwin-x64-1.11.1.tgz. Extracting by manifest.
1949 silly tarball no local data for @webassemblyjs/wast-printer@https://registry.npmjs.org/@webassemblyjs/wast-printer/-/wast-printer-1.14.1.tgz. Extracting by manifest.
1950 silly tarball no local data for @webassemblyjs/wasm-parser@https://registry.npmjs.org/@webassemblyjs/wasm-parser/-/wasm-parser-1.14.1.tgz. Extracting by manifest.
1951 silly tarball no local data for @webassemblyjs/wasm-gen@https://registry.npmjs.org/@webassemblyjs/wasm-gen/-/wasm-gen-1.14.1.tgz. Extracting by manifest.
1952 silly tarball no local data for @webassemblyjs/wasm-edit@https://registry.npmjs.org/@webassemblyjs/wasm-edit/-/wasm-edit-1.14.1.tgz. Extracting by manifest.
1953 silly tarball no local data for @webassemblyjs/utf8@https://registry.npmjs.org/@webassemblyjs/utf8/-/utf8-1.13.2.tgz. Extracting by manifest.
1954 silly tarball no local data for @webassemblyjs/leb128@https://registry.npmjs.org/@webassemblyjs/leb128/-/leb128-1.13.2.tgz. Extracting by manifest.
1955 silly tarball no local data for @webassemblyjs/ieee754@https://registry.npmjs.org/@webassemblyjs/ieee754/-/ieee754-1.13.2.tgz. Extracting by manifest.
1956 silly tarball no local data for @webassemblyjs/helper-wasm-bytecode@https://registry.npmjs.org/@webassemblyjs/helper-wasm-bytecode/-/helper-wasm-bytecode-1.13.2.tgz. Extracting by manifest.
1957 silly tarball no local data for @webassemblyjs/helper-numbers@https://registry.npmjs.org/@webassemblyjs/helper-numbers/-/helper-numbers-1.13.2.tgz. Extracting by manifest.
1958 silly tarball no local data for @webassemblyjs/helper-wasm-section@https://registry.npmjs.org/@webassemblyjs/helper-wasm-section/-/helper-wasm-section-1.14.1.tgz. Extracting by manifest.
1959 silly tarball no local data for @webassemblyjs/helper-buffer@https://registry.npmjs.org/@webassemblyjs/helper-buffer/-/helper-buffer-1.14.1.tgz. Extracting by manifest.
1960 silly tarball no local data for @webassemblyjs/floating-point-hex-parser@https://registry.npmjs.org/@webassemblyjs/floating-point-hex-parser/-/floating-point-hex-parser-1.13.2.tgz. Extracting by manifest.
1961 silly tarball no local data for @webassemblyjs/helper-api-error@https://registry.npmjs.org/@webassemblyjs/helper-api-error/-/helper-api-error-1.13.2.tgz. Extracting by manifest.
1962 silly tarball no local data for @webassemblyjs/ast@https://registry.npmjs.org/@webassemblyjs/ast/-/ast-1.14.1.tgz. Extracting by manifest.
1963 silly tarball no local data for @ungap/structured-clone@https://registry.npmjs.org/@ungap/structured-clone/-/structured-clone-1.3.0.tgz. Extracting by manifest.
1964 silly tarball no local data for @typescript-eslint/visitor-keys@https://registry.npmjs.org/@typescript-eslint/visitor-keys/-/visitor-keys-7.2.0.tgz. Extracting by manifest.
1965 silly tarball no local data for @typescript-eslint/typescript-estree@https://registry.npmjs.org/@typescript-eslint/typescript-estree/-/typescript-estree-7.2.0.tgz. Extracting by manifest.
1966 silly tarball no local data for @typescript-eslint/types@https://registry.npmjs.org/@typescript-eslint/types/-/types-7.2.0.tgz. Extracting by manifest.
1967 silly tarball no local data for @typescript-eslint/scope-manager@https://registry.npmjs.org/@typescript-eslint/scope-manager/-/scope-manager-7.2.0.tgz. Extracting by manifest.
1968 silly tarball no local data for @typescript-eslint/parser@https://registry.npmjs.org/@typescript-eslint/parser/-/parser-7.2.0.tgz. Extracting by manifest.
1969 silly tarball no local data for @types/uuid@https://registry.npmjs.org/@types/uuid/-/uuid-10.0.0.tgz. Extracting by manifest.
1970 silly tarball no local data for @types/unist@https://registry.npmjs.org/@types/unist/-/unist-3.0.3.tgz. Extracting by manifest.
1971 silly tarball no local data for @types/tough-cookie@https://registry.npmjs.org/@types/tough-cookie/-/tough-cookie-4.0.5.tgz. Extracting by manifest.
1972 silly tarball no local data for @types/request@https://registry.npmjs.org/@types/request/-/request-2.48.13.tgz. Extracting by manifest.
1973 silly tarball no local data for @types/node-telegram-bot-api@https://registry.npmjs.org/@types/node-telegram-bot-api/-/node-telegram-bot-api-0.64.11.tgz. Extracting by manifest.
1974 silly tarball no local data for @types/prop-types@https://registry.npmjs.org/@types/prop-types/-/prop-types-15.7.15.tgz. Extracting by manifest.
1975 silly tarball no local data for @types/node@https://registry.npmjs.org/@types/node/-/node-20.19.23.tgz. Extracting by manifest.
1976 silly tarball no local data for @types/react-pdf@https://registry.npmjs.org/@types/react-pdf/-/react-pdf-7.0.0.tgz. Extracting by manifest.
1977 silly tarball no local data for @types/react@https://registry.npmjs.org/@types/react/-/react-18.3.26.tgz. Extracting by manifest.
1978 silly tarball no local data for @types/react-dom@https://registry.npmjs.org/@types/react-dom/-/react-dom-18.3.7.tgz. Extracting by manifest.
1979 silly tarball no local data for @types/ms@https://registry.npmjs.org/@types/ms/-/ms-2.1.0.tgz. Extracting by manifest.
1980 silly tarball no local data for @types/mdast@https://registry.npmjs.org/@types/mdast/-/mdast-4.0.4.tgz. Extracting by manifest.
1981 silly tarball no local data for @types/lodash@https://registry.npmjs.org/@types/lodash/-/lodash-4.17.20.tgz. Extracting by manifest.
1982 silly tarball no local data for @types/json5@https://registry.npmjs.org/@types/json5/-/json5-0.0.29.tgz. Extracting by manifest.
1983 silly tarball no local data for @types/hast@https://registry.npmjs.org/@types/hast/-/hast-3.0.4.tgz. Extracting by manifest.
1984 silly tarball no local data for @types/json-schema@https://registry.npmjs.org/@types/json-schema/-/json-schema-7.0.15.tgz. Extracting by manifest.
1985 silly tarball no local data for @types/file-saver@https://registry.npmjs.org/@types/file-saver/-/file-saver-2.0.7.tgz. Extracting by manifest.
1986 silly tarball no local data for @types/estree-jsx@https://registry.npmjs.org/@types/estree-jsx/-/estree-jsx-1.0.5.tgz. Extracting by manifest.
1987 silly tarball no local data for @types/estree@https://registry.npmjs.org/@types/estree/-/estree-1.0.8.tgz. Extracting by manifest.
1988 silly tarball no local data for @types/eslint@https://registry.npmjs.org/@types/eslint/-/eslint-9.6.1.tgz. Extracting by manifest.
1989 silly tarball no local data for @types/eslint-scope@https://registry.npmjs.org/@types/eslint-scope/-/eslint-scope-3.7.7.tgz. Extracting by manifest.
1990 silly tarball no local data for @types/debug@https://registry.npmjs.org/@types/debug/-/debug-4.1.12.tgz. Extracting by manifest.
1991 silly tarball no local data for @types/d3-timer@https://registry.npmjs.org/@types/d3-timer/-/d3-timer-3.0.2.tgz. Extracting by manifest.
1992 silly tarball no local data for @types/d3-scale@https://registry.npmjs.org/@types/d3-scale/-/d3-scale-4.0.9.tgz. Extracting by manifest.
1993 silly tarball no local data for @types/d3-time@https://registry.npmjs.org/@types/d3-time/-/d3-time-3.0.4.tgz. Extracting by manifest.
1994 silly tarball no local data for @types/d3-shape@https://registry.npmjs.org/@types/d3-shape/-/d3-shape-3.1.7.tgz. Extracting by manifest.
1995 silly tarball no local data for @types/d3-path@https://registry.npmjs.org/@types/d3-path/-/d3-path-3.1.1.tgz. Extracting by manifest.
1996 silly tarball no local data for @types/d3-ease@https://registry.npmjs.org/@types/d3-ease/-/d3-ease-3.0.2.tgz. Extracting by manifest.
1997 silly tarball no local data for @types/d3-interpolate@https://registry.npmjs.org/@types/d3-interpolate/-/d3-interpolate-3.0.4.tgz. Extracting by manifest.
1998 silly tarball no local data for @types/d3-color@https://registry.npmjs.org/@types/d3-color/-/d3-color-3.1.3.tgz. Extracting by manifest.
1999 silly tarball no local data for @types/caseless@https://registry.npmjs.org/@types/caseless/-/caseless-0.12.5.tgz. Extracting by manifest.
2000 silly tarball no local data for @types/d3-array@https://registry.npmjs.org/@types/d3-array/-/d3-array-3.2.2.tgz. Extracting by manifest.
2001 silly tarball no local data for @telegram-apps/types@https://registry.npmjs.org/@telegram-apps/types/-/types-2.0.3.tgz. Extracting by manifest.
2002 silly tarball no local data for @telegram-apps/transformers@https://registry.npmjs.org/@telegram-apps/transformers/-/transformers-2.2.6.tgz. Extracting by manifest.
2003 silly tarball no local data for @telegram-apps/toolkit@https://registry.npmjs.org/@telegram-apps/toolkit/-/toolkit-2.1.3.tgz. Extracting by manifest.
2004 silly tarball no local data for @telegram-apps/init-data-node@https://registry.npmjs.org/@telegram-apps/init-data-node/-/init-data-node-2.0.10.tgz. Extracting by manifest.
2005 silly tarball no local data for @tanstack/react-query@https://registry.npmjs.org/@tanstack/react-query/-/react-query-5.90.5.tgz. Extracting by manifest.
2006 silly tarball no local data for @tanstack/query-core@https://registry.npmjs.org/@tanstack/query-core/-/query-core-5.90.5.tgz. Extracting by manifest.
2007 silly tarball no local data for @tailwindcss/typography@https://registry.npmjs.org/@tailwindcss/typography/-/typography-0.5.19.tgz. Extracting by manifest.
2008 silly tarball no local data for @tabler/icons@https://registry.npmjs.org/@tabler/icons/-/icons-3.35.0.tgz. Extracting by manifest.
2009 silly tarball no local data for @tabler/icons-react@https://registry.npmjs.org/@tabler/icons-react/-/icons-react-3.35.0.tgz. Extracting by manifest.
2010 silly tarball no local data for @swc/helpers@https://registry.npmjs.org/@swc/helpers/-/helpers-0.5.17.tgz. Extracting by manifest.
2011 silly tarball no local data for @swc/counter@https://registry.npmjs.org/@swc/counter/-/counter-0.1.3.tgz. Extracting by manifest.
2012 silly tarball no local data for @smithy/util-uri-escape@https://registry.npmjs.org/@smithy/util-uri-escape/-/util-uri-escape-4.2.0.tgz. Extracting by manifest.
2013 silly tarball no local data for @smithy/uuid@https://registry.npmjs.org/@smithy/uuid/-/uuid-1.1.0.tgz. Extracting by manifest.
2014 silly tarball no local data for @smithy/util-waiter@https://registry.npmjs.org/@smithy/util-waiter/-/util-waiter-4.2.4.tgz. Extracting by manifest.
2015 silly tarball no local data for @smithy/util-stream@https://registry.npmjs.org/@smithy/util-stream/-/util-stream-4.5.5.tgz. Extracting by manifest.
2016 silly tarball no local data for @smithy/util-defaults-mode-browser@https://registry.npmjs.org/@smithy/util-defaults-mode-browser/-/util-defaults-mode-browser-4.3.5.tgz. Extracting by manifest.
2017 silly tarball no local data for @smithy/util-middleware@https://registry.npmjs.org/@smithy/util-middleware/-/util-middleware-4.2.4.tgz. Extracting by manifest.
2018 silly tarball no local data for @smithy/util-hex-encoding@https://registry.npmjs.org/@smithy/util-hex-encoding/-/util-hex-encoding-4.2.0.tgz. Extracting by manifest.
2019 silly tarball no local data for @smithy/util-defaults-mode-node@https://registry.npmjs.org/@smithy/util-defaults-mode-node/-/util-defaults-mode-node-4.2.8.tgz. Extracting by manifest.
2020 silly tarball no local data for @smithy/util-endpoints@https://registry.npmjs.org/@smithy/util-endpoints/-/util-endpoints-3.2.4.tgz. Extracting by manifest.
2021 silly tarball no local data for @smithy/util-buffer-from@https://registry.npmjs.org/@smithy/util-buffer-from/-/util-buffer-from-4.2.0.tgz. Extracting by manifest.
2022 silly tarball no local data for @smithy/util-retry@https://registry.npmjs.org/@smithy/util-retry/-/util-retry-4.2.4.tgz. Extracting by manifest.
2023 silly tarball no local data for @smithy/util-config-provider@https://registry.npmjs.org/@smithy/util-config-provider/-/util-config-provider-4.2.0.tgz. Extracting by manifest.
2024 silly tarball no local data for @smithy/util-body-length-node@https://registry.npmjs.org/@smithy/util-body-length-node/-/util-body-length-node-4.2.1.tgz. Extracting by manifest.
2025 silly tarball no local data for @smithy/util-body-length-browser@https://registry.npmjs.org/@smithy/util-body-length-browser/-/util-body-length-browser-4.2.0.tgz. Extracting by manifest.
2026 silly tarball no local data for @smithy/util-base64@https://registry.npmjs.org/@smithy/util-base64/-/util-base64-4.3.0.tgz. Extracting by manifest.
2027 silly tarball no local data for @smithy/types@https://registry.npmjs.org/@smithy/types/-/types-4.8.1.tgz. Extracting by manifest.
2028 silly tarball no local data for @smithy/url-parser@https://registry.npmjs.org/@smithy/url-parser/-/url-parser-4.2.4.tgz. Extracting by manifest.
2029 silly tarball no local data for @smithy/smithy-client@https://registry.npmjs.org/@smithy/smithy-client/-/smithy-client-4.9.2.tgz. Extracting by manifest.
2030 silly tarball no local data for @smithy/querystring-parser@https://registry.npmjs.org/@smithy/querystring-parser/-/querystring-parser-4.2.4.tgz. Extracting by manifest.
2031 silly tarball no local data for @smithy/signature-v4@https://registry.npmjs.org/@smithy/signature-v4/-/signature-v4-5.3.4.tgz. Extracting by manifest.
2032 silly tarball no local data for @smithy/shared-ini-file-loader@https://registry.npmjs.org/@smithy/shared-ini-file-loader/-/shared-ini-file-loader-4.3.4.tgz. Extracting by manifest.
2033 silly tarball no local data for @smithy/service-error-classification@https://registry.npmjs.org/@smithy/service-error-classification/-/service-error-classification-4.2.4.tgz. Extracting by manifest.
2034 silly tarball no local data for @smithy/querystring-builder@https://registry.npmjs.org/@smithy/querystring-builder/-/querystring-builder-4.2.4.tgz. Extracting by manifest.
2035 silly tarball no local data for @smithy/node-http-handler@https://registry.npmjs.org/@smithy/node-http-handler/-/node-http-handler-4.4.4.tgz. Extracting by manifest.
2036 silly tarball no local data for @smithy/protocol-http@https://registry.npmjs.org/@smithy/protocol-http/-/protocol-http-5.3.4.tgz. Extracting by manifest.
2037 silly tarball no local data for @smithy/node-config-provider@https://registry.npmjs.org/@smithy/node-config-provider/-/node-config-provider-4.3.4.tgz. Extracting by manifest.
2038 silly tarball no local data for @smithy/property-provider@https://registry.npmjs.org/@smithy/property-provider/-/property-provider-4.2.4.tgz. Extracting by manifest.
2039 silly tarball no local data for @smithy/middleware-serde@https://registry.npmjs.org/@smithy/middleware-serde/-/middleware-serde-4.2.4.tgz. Extracting by manifest.
2040 silly tarball no local data for @smithy/middleware-stack@https://registry.npmjs.org/@smithy/middleware-stack/-/middleware-stack-4.2.4.tgz. Extracting by manifest.
2041 silly tarball no local data for @smithy/middleware-retry@https://registry.npmjs.org/@smithy/middleware-retry/-/middleware-retry-4.4.6.tgz. Extracting by manifest.
2042 silly tarball no local data for @smithy/middleware-endpoint@https://registry.npmjs.org/@smithy/middleware-endpoint/-/middleware-endpoint-4.3.6.tgz. Extracting by manifest.
2043 silly tarball no local data for @smithy/middleware-content-length@https://registry.npmjs.org/@smithy/middleware-content-length/-/middleware-content-length-4.2.4.tgz. Extracting by manifest.
2044 silly tarball no local data for @smithy/md5-js@https://registry.npmjs.org/@smithy/md5-js/-/md5-js-4.2.4.tgz. Extracting by manifest.
2045 silly tarball no local data for @smithy/is-array-buffer@https://registry.npmjs.org/@smithy/is-array-buffer/-/is-array-buffer-4.2.0.tgz. Extracting by manifest.
2046 silly tarball no local data for @smithy/invalid-dependency@https://registry.npmjs.org/@smithy/invalid-dependency/-/invalid-dependency-4.2.4.tgz. Extracting by manifest.
2047 silly tarball no local data for @smithy/hash-stream-node@https://registry.npmjs.org/@smithy/hash-stream-node/-/hash-stream-node-4.2.4.tgz. Extracting by manifest.
2048 silly tarball no local data for @smithy/hash-blob-browser@https://registry.npmjs.org/@smithy/hash-blob-browser/-/hash-blob-browser-4.2.5.tgz. Extracting by manifest.
2049 silly tarball no local data for @smithy/hash-node@https://registry.npmjs.org/@smithy/hash-node/-/hash-node-4.2.4.tgz. Extracting by manifest.
2050 silly tarball no local data for @smithy/fetch-http-handler@https://registry.npmjs.org/@smithy/fetch-http-handler/-/fetch-http-handler-5.3.5.tgz. Extracting by manifest.
2051 silly tarball no local data for @smithy/eventstream-serde-universal@https://registry.npmjs.org/@smithy/eventstream-serde-universal/-/eventstream-serde-universal-4.2.4.tgz. Extracting by manifest.
2052 silly tarball no local data for @smithy/eventstream-serde-node@https://registry.npmjs.org/@smithy/eventstream-serde-node/-/eventstream-serde-node-4.2.4.tgz. Extracting by manifest.
2053 silly tarball no local data for @smithy/eventstream-serde-config-resolver@https://registry.npmjs.org/@smithy/eventstream-serde-config-resolver/-/eventstream-serde-config-resolver-4.3.4.tgz. Extracting by manifest.
2054 silly tarball no local data for @smithy/eventstream-serde-browser@https://registry.npmjs.org/@smithy/eventstream-serde-browser/-/eventstream-serde-browser-4.2.4.tgz. Extracting by manifest.
2055 silly tarball no local data for @smithy/eventstream-codec@https://registry.npmjs.org/@smithy/eventstream-codec/-/eventstream-codec-4.2.4.tgz. Extracting by manifest.
2056 silly tarball no local data for @smithy/credential-provider-imds@https://registry.npmjs.org/@smithy/credential-provider-imds/-/credential-provider-imds-4.2.4.tgz. Extracting by manifest.
2057 silly tarball no local data for @smithy/core@https://registry.npmjs.org/@smithy/core/-/core-3.17.2.tgz. Extracting by manifest.
2058 silly tarball no local data for @smithy/chunked-blob-reader-native@https://registry.npmjs.org/@smithy/chunked-blob-reader-native/-/chunked-blob-reader-native-4.2.1.tgz. Extracting by manifest.
2059 silly tarball no local data for @smithy/chunked-blob-reader@https://registry.npmjs.org/@smithy/chunked-blob-reader/-/chunked-blob-reader-5.2.0.tgz. Extracting by manifest.
2060 silly tarball no local data for @smithy/config-resolver@https://registry.npmjs.org/@smithy/config-resolver/-/config-resolver-4.4.2.tgz. Extracting by manifest.
2061 silly tarball no local data for @smithy/abort-controller@https://registry.npmjs.org/@smithy/abort-controller/-/abort-controller-4.2.4.tgz. Extracting by manifest.
2062 silly tarball no local data for @rtsao/scc@https://registry.npmjs.org/@rtsao/scc/-/scc-1.1.0.tgz. Extracting by manifest.
2063 silly tarball no local data for @react-pdf/types@https://registry.npmjs.org/@react-pdf/types/-/types-2.9.1.tgz. Extracting by manifest.
2064 silly tarball no local data for @react-pdf/textkit@https://registry.npmjs.org/@react-pdf/textkit/-/textkit-4.4.1.tgz. Extracting by manifest.
2065 silly tarball no local data for @react-pdf/stylesheet@https://registry.npmjs.org/@react-pdf/stylesheet/-/stylesheet-4.3.0.tgz. Extracting by manifest.
2066 silly tarball no local data for @react-pdf/renderer@https://registry.npmjs.org/@react-pdf/renderer/-/renderer-3.4.5.tgz. Extracting by manifest.
2067 silly tarball no local data for @react-pdf/render@https://registry.npmjs.org/@react-pdf/render/-/render-3.5.0.tgz. Extracting by manifest.
2068 silly tarball no local data for @react-pdf/primitives@https://registry.npmjs.org/@react-pdf/primitives/-/primitives-3.1.1.tgz. Extracting by manifest.
2069 silly tarball no local data for @react-pdf/pdfkit@https://registry.npmjs.org/@react-pdf/pdfkit/-/pdfkit-3.2.0.tgz. Extracting by manifest.
2070 silly tarball no local data for @react-pdf/png-js@https://registry.npmjs.org/@react-pdf/png-js/-/png-js-2.3.1.tgz. Extracting by manifest.
2071 silly tarball no local data for @react-pdf/layout@https://registry.npmjs.org/@react-pdf/layout/-/layout-3.13.0.tgz. Extracting by manifest.
2072 silly tarball no local data for @radix-ui/rect@https://registry.npmjs.org/@radix-ui/rect/-/rect-1.1.1.tgz. Extracting by manifest.
2073 silly tarball no local data for @react-pdf/image@https://registry.npmjs.org/@react-pdf/image/-/image-2.3.6.tgz. Extracting by manifest.
2074 silly tarball no local data for @react-pdf/fns@https://registry.npmjs.org/@react-pdf/fns/-/fns-2.2.1.tgz. Extracting by manifest.
2075 silly tarball no local data for @react-pdf/font@https://registry.npmjs.org/@react-pdf/font/-/font-2.5.2.tgz. Extracting by manifest.
2076 silly tarball no local data for @radix-ui/react-visually-hidden@https://registry.npmjs.org/@radix-ui/react-visually-hidden/-/react-visually-hidden-1.2.3.tgz. Extracting by manifest.
2077 silly tarball no local data for @radix-ui/react-use-size@https://registry.npmjs.org/@radix-ui/react-use-size/-/react-use-size-1.1.1.tgz. Extracting by manifest.
2078 silly tarball no local data for @smithy/util-utf8@https://registry.npmjs.org/@smithy/util-utf8/-/util-utf8-4.2.0.tgz. Extracting by manifest.
2079 silly tarball no local data for @radix-ui/react-use-rect@https://registry.npmjs.org/@radix-ui/react-use-rect/-/react-use-rect-1.1.1.tgz. Extracting by manifest.
2080 silly tarball no local data for @radix-ui/react-use-previous@https://registry.npmjs.org/@radix-ui/react-use-previous/-/react-use-previous-1.1.1.tgz. Extracting by manifest.
2081 silly tarball no local data for @radix-ui/react-use-is-hydrated@https://registry.npmjs.org/@radix-ui/react-use-is-hydrated/-/react-use-is-hydrated-0.1.0.tgz. Extracting by manifest.
2082 silly tarball no local data for @radix-ui/react-use-effect-event@https://registry.npmjs.org/@radix-ui/react-use-effect-event/-/react-use-effect-event-0.0.2.tgz. Extracting by manifest.
2083 silly tarball no local data for @radix-ui/react-use-layout-effect@https://registry.npmjs.org/@radix-ui/react-use-layout-effect/-/react-use-layout-effect-1.1.1.tgz. Extracting by manifest.
2084 silly tarball no local data for @radix-ui/react-use-controllable-state@https://registry.npmjs.org/@radix-ui/react-use-controllable-state/-/react-use-controllable-state-1.2.2.tgz. Extracting by manifest.
2085 silly tarball no local data for @radix-ui/react-use-callback-ref@https://registry.npmjs.org/@radix-ui/react-use-callback-ref/-/react-use-callback-ref-1.1.1.tgz. Extracting by manifest.
2086 silly tarball no local data for @radix-ui/react-tooltip@https://registry.npmjs.org/@radix-ui/react-tooltip/-/react-tooltip-1.2.8.tgz. Extracting by manifest.
2087 silly tarball no local data for @radix-ui/react-toast@https://registry.npmjs.org/@radix-ui/react-toast/-/react-toast-1.2.15.tgz. Extracting by manifest.
2088 silly tarball no local data for @radix-ui/react-tabs@https://registry.npmjs.org/@radix-ui/react-tabs/-/react-tabs-1.1.13.tgz. Extracting by manifest.
2089 silly tarball no local data for @rushstack/eslint-patch@https://registry.npmjs.org/@rushstack/eslint-patch/-/eslint-patch-1.14.0.tgz. Extracting by manifest.
2090 silly tarball no local data for @radix-ui/react-switch@https://registry.npmjs.org/@radix-ui/react-switch/-/react-switch-1.2.6.tgz. Extracting by manifest.
2091 silly tarball no local data for @radix-ui/react-slot@https://registry.npmjs.org/@radix-ui/react-slot/-/react-slot-1.2.3.tgz. Extracting by manifest.
2092 silly tarball no local data for @radix-ui/react-select@https://registry.npmjs.org/@radix-ui/react-select/-/react-select-2.2.6.tgz. Extracting by manifest.
2093 silly tarball no local data for @radix-ui/react-slider@https://registry.npmjs.org/@radix-ui/react-slider/-/react-slider-1.3.6.tgz. Extracting by manifest.
2094 silly tarball no local data for @radix-ui/react-separator@https://registry.npmjs.org/@radix-ui/react-separator/-/react-separator-1.1.7.tgz. Extracting by manifest.
2095 silly tarball no local data for @radix-ui/react-scroll-area@https://registry.npmjs.org/@radix-ui/react-scroll-area/-/react-scroll-area-1.2.10.tgz. Extracting by manifest.
2096 silly tarball no local data for @radix-ui/react-radio-group@https://registry.npmjs.org/@radix-ui/react-radio-group/-/react-radio-group-1.3.8.tgz. Extracting by manifest.
2097 silly tarball no local data for @radix-ui/react-roving-focus@https://registry.npmjs.org/@radix-ui/react-roving-focus/-/react-roving-focus-1.1.11.tgz. Extracting by manifest.
2098 silly tarball no local data for @radix-ui/react-primitive@https://registry.npmjs.org/@radix-ui/react-primitive/-/react-primitive-2.1.3.tgz. Extracting by manifest.
2099 silly tarball no local data for @radix-ui/react-progress@https://registry.npmjs.org/@radix-ui/react-progress/-/react-progress-1.1.7.tgz. Extracting by manifest.
2100 silly tarball no local data for @radix-ui/react-presence@https://registry.npmjs.org/@radix-ui/react-presence/-/react-presence-1.1.5.tgz. Extracting by manifest.
2101 silly tarball no local data for @radix-ui/react-portal@https://registry.npmjs.org/@radix-ui/react-portal/-/react-portal-1.1.9.tgz. Extracting by manifest.
2102 silly tarball no local data for @radix-ui/react-popper@https://registry.npmjs.org/@radix-ui/react-popper/-/react-popper-1.2.8.tgz. Extracting by manifest.
2103 silly tarball no local data for @radix-ui/react-popover@https://registry.npmjs.org/@radix-ui/react-popover/-/react-popover-1.1.15.tgz. Extracting by manifest.
2104 silly tarball no local data for @radix-ui/react-menu@https://registry.npmjs.org/@radix-ui/react-menu/-/react-menu-2.1.16.tgz. Extracting by manifest.
2105 silly tarball no local data for @radix-ui/react-menubar@https://registry.npmjs.org/@radix-ui/react-menubar/-/react-menubar-1.1.16.tgz. Extracting by manifest.
2106 silly tarball no local data for @radix-ui/react-label@https://registry.npmjs.org/@radix-ui/react-label/-/react-label-2.1.7.tgz. Extracting by manifest.
2107 silly tarball no local data for @radix-ui/react-focus-guards@https://registry.npmjs.org/@radix-ui/react-focus-guards/-/react-focus-guards-1.1.3.tgz. Extracting by manifest.
2108 silly tarball no local data for @radix-ui/react-id@https://registry.npmjs.org/@radix-ui/react-id/-/react-id-1.1.1.tgz. Extracting by manifest.
2109 silly tarball no local data for @radix-ui/react-focus-scope@https://registry.npmjs.org/@radix-ui/react-focus-scope/-/react-focus-scope-1.1.7.tgz. Extracting by manifest.
2110 silly tarball no local data for @radix-ui/react-dismissable-layer@https://registry.npmjs.org/@radix-ui/react-dismissable-layer/-/react-dismissable-layer-1.1.11.tgz. Extracting by manifest.
2111 silly tarball no local data for @radix-ui/react-dropdown-menu@https://registry.npmjs.org/@radix-ui/react-dropdown-menu/-/react-dropdown-menu-2.1.16.tgz. Extracting by manifest.
2112 silly tarball no local data for @radix-ui/react-collection@https://registry.npmjs.org/@radix-ui/react-collection/-/react-collection-1.1.7.tgz. Extracting by manifest.
2113 silly tarball no local data for @radix-ui/react-direction@https://registry.npmjs.org/@radix-ui/react-direction/-/react-direction-1.1.1.tgz. Extracting by manifest.
2114 silly tarball no local data for @radix-ui/react-context@https://registry.npmjs.org/@radix-ui/react-context/-/react-context-1.1.2.tgz. Extracting by manifest.
2115 silly tarball no local data for @radix-ui/react-dialog@https://registry.npmjs.org/@radix-ui/react-dialog/-/react-dialog-1.1.15.tgz. Extracting by manifest.
2116 silly tarball no local data for @radix-ui/react-collapsible@https://registry.npmjs.org/@radix-ui/react-collapsible/-/react-collapsible-1.1.12.tgz. Extracting by manifest.
2117 silly tarball no local data for @radix-ui/react-checkbox@https://registry.npmjs.org/@radix-ui/react-checkbox/-/react-checkbox-1.3.3.tgz. Extracting by manifest.
2118 silly tarball no local data for @radix-ui/react-compose-refs@https://registry.npmjs.org/@radix-ui/react-compose-refs/-/react-compose-refs-1.1.2.tgz. Extracting by manifest.
2119 silly tarball no local data for @radix-ui/react-accordion@https://registry.npmjs.org/@radix-ui/react-accordion/-/react-accordion-1.2.12.tgz. Extracting by manifest.
2120 silly tarball no local data for @radix-ui/react-avatar@https://registry.npmjs.org/@radix-ui/react-avatar/-/react-avatar-1.1.10.tgz. Extracting by manifest.
2121 silly tarball no local data for @radix-ui/react-arrow@https://registry.npmjs.org/@radix-ui/react-arrow/-/react-arrow-1.1.7.tgz. Extracting by manifest.
2122 silly tarball no local data for @radix-ui/primitive@https://registry.npmjs.org/@radix-ui/primitive/-/primitive-1.1.3.tgz. Extracting by manifest.
2123 silly tarball no local data for @radix-ui/number@https://registry.npmjs.org/@radix-ui/number/-/number-1.1.1.tgz. Extracting by manifest.
2124 silly tarball no local data for @radix-ui/react-alert-dialog@https://registry.npmjs.org/@radix-ui/react-alert-dialog/-/react-alert-dialog-1.1.15.tgz. Extracting by manifest.
2125 silly tarball no local data for @protobufjs/utf8@https://registry.npmjs.org/@protobufjs/utf8/-/utf8-1.1.0.tgz. Extracting by manifest.
2126 silly tarball no local data for @protobufjs/path@https://registry.npmjs.org/@protobufjs/path/-/path-1.1.2.tgz. Extracting by manifest.
2127 silly tarball no local data for @protobufjs/float@https://registry.npmjs.org/@protobufjs/float/-/float-1.0.2.tgz. Extracting by manifest.
2128 silly tarball no local data for @protobufjs/pool@https://registry.npmjs.org/@protobufjs/pool/-/pool-1.1.0.tgz. Extracting by manifest.
2129 silly tarball no local data for @protobufjs/inquire@https://registry.npmjs.org/@protobufjs/inquire/-/inquire-1.1.0.tgz. Extracting by manifest.
2130 silly tarball no local data for @protobufjs/eventemitter@https://registry.npmjs.org/@protobufjs/eventemitter/-/eventemitter-1.1.0.tgz. Extracting by manifest.
2131 silly tarball no local data for @protobufjs/fetch@https://registry.npmjs.org/@protobufjs/fetch/-/fetch-1.1.0.tgz. Extracting by manifest.
2132 silly tarball no local data for @protobufjs/base64@https://registry.npmjs.org/@protobufjs/base64/-/base64-1.1.2.tgz. Extracting by manifest.
2133 silly tarball no local data for @protobufjs/aspromise@https://registry.npmjs.org/@protobufjs/aspromise/-/aspromise-1.1.2.tgz. Extracting by manifest.
2134 silly tarball no local data for @protobufjs/codegen@https://registry.npmjs.org/@protobufjs/codegen/-/codegen-2.0.4.tgz. Extracting by manifest.
2135 silly tarball no local data for @pkgjs/parseargs@https://registry.npmjs.org/@pkgjs/parseargs/-/parseargs-0.11.0.tgz. Extracting by manifest.
2136 silly tarball no local data for @pdf-lib/upng@https://registry.npmjs.org/@pdf-lib/upng/-/upng-1.0.1.tgz. Extracting by manifest.
2137 silly tarball no local data for @pdf-lib/standard-fonts@https://registry.npmjs.org/@pdf-lib/standard-fonts/-/standard-fonts-1.0.0.tgz. Extracting by manifest.
2138 silly tarball no local data for @nolyfill/is-core-module@https://registry.npmjs.org/@nolyfill/is-core-module/-/is-core-module-1.0.39.tgz. Extracting by manifest.
2139 silly tarball no local data for @nodelib/fs.walk@https://registry.npmjs.org/@nodelib/fs.walk/-/fs.walk-1.2.8.tgz. Extracting by manifest.
2140 silly tarball no local data for @nodelib/fs.stat@https://registry.npmjs.org/@nodelib/fs.stat/-/fs.stat-2.0.5.tgz. Extracting by manifest.
2141 silly tarball no local data for @radix-ui/react-use-escape-keydown@https://registry.npmjs.org/@radix-ui/react-use-escape-keydown/-/react-use-escape-keydown-1.1.1.tgz. Extracting by manifest.
2142 silly tarball no local data for @nodelib/fs.scandir@https://registry.npmjs.org/@nodelib/fs.scandir/-/fs.scandir-2.1.5.tgz. Extracting by manifest.
2143 silly tarball no local data for @next/env@https://registry.npmjs.org/@next/env/-/env-14.2.35.tgz. Extracting by manifest.
2144 silly tarball no local data for @next/swc-darwin-x64@https://registry.npmjs.org/@next/swc-darwin-x64/-/swc-darwin-x64-14.2.33.tgz. Extracting by manifest.
2145 silly tarball no local data for @napi-rs/canvas-darwin-x64@https://registry.npmjs.org/@napi-rs/canvas-darwin-x64/-/canvas-darwin-x64-0.1.80.tgz. Extracting by manifest.
2146 silly tarball no local data for @next/eslint-plugin-next@https://registry.npmjs.org/@next/eslint-plugin-next/-/eslint-plugin-next-14.2.5.tgz. Extracting by manifest.
2147 silly tarball no local data for @jridgewell/trace-mapping@https://registry.npmjs.org/@jridgewell/trace-mapping/-/trace-mapping-0.3.31.tgz. Extracting by manifest.
2148 silly tarball no local data for @jridgewell/source-map@https://registry.npmjs.org/@jridgewell/source-map/-/source-map-0.3.11.tgz. Extracting by manifest.
2149 silly tarball no local data for @jridgewell/sourcemap-codec@https://registry.npmjs.org/@jridgewell/sourcemap-codec/-/sourcemap-codec-1.5.5.tgz. Extracting by manifest.
2150 silly tarball no local data for @jridgewell/resolve-uri@https://registry.npmjs.org/@jridgewell/resolve-uri/-/resolve-uri-3.1.2.tgz. Extracting by manifest.
2151 silly tarball no local data for @humanwhocodes/object-schema@https://registry.npmjs.org/@humanwhocodes/object-schema/-/object-schema-2.0.3.tgz. Extracting by manifest.
2152 silly tarball no local data for @humanwhocodes/config-array@https://registry.npmjs.org/@humanwhocodes/config-array/-/config-array-0.13.0.tgz. Extracting by manifest.
2153 silly tarball no local data for @humanwhocodes/module-importer@https://registry.npmjs.org/@humanwhocodes/module-importer/-/module-importer-1.0.1.tgz. Extracting by manifest.
2154 silly tarball no local data for @grpc/proto-loader@https://registry.npmjs.org/@grpc/proto-loader/-/proto-loader-0.7.15.tgz. Extracting by manifest.
2155 silly tarball no local data for @hookform/resolvers@https://registry.npmjs.org/@hookform/resolvers/-/resolvers-3.10.0.tgz. Extracting by manifest.
2156 silly tarball no local data for @google/generative-ai@https://registry.npmjs.org/@google/generative-ai/-/generative-ai-0.16.1.tgz. Extracting by manifest.
2157 silly tarball no local data for @floating-ui/utils@https://registry.npmjs.org/@floating-ui/utils/-/utils-0.2.10.tgz. Extracting by manifest.
2158 silly tarball no local data for @floating-ui/react-dom@https://registry.npmjs.org/@floating-ui/react-dom/-/react-dom-2.1.6.tgz. Extracting by manifest.
2159 silly tarball no local data for @floating-ui/dom@https://registry.npmjs.org/@floating-ui/dom/-/dom-1.7.4.tgz. Extracting by manifest.
2160 silly tarball no local data for @floating-ui/core@https://registry.npmjs.org/@floating-ui/core/-/core-1.7.3.tgz. Extracting by manifest.
2161 silly tarball no local data for @firebase/util@https://registry.npmjs.org/@firebase/util/-/util-1.10.0.tgz. Extracting by manifest.
2162 silly tarball no local data for @firebase/logger@https://registry.npmjs.org/@firebase/logger/-/logger-0.4.2.tgz. Extracting by manifest.
2163 silly tarball no local data for @firebase/database-types@https://registry.npmjs.org/@firebase/database-types/-/database-types-1.0.5.tgz. Extracting by manifest.
2164 silly tarball no local data for @firebase/database-compat@https://registry.npmjs.org/@firebase/database-compat/-/database-compat-1.0.8.tgz. Extracting by manifest.
2165 silly tarball no local data for @firebase/database@https://registry.npmjs.org/@firebase/database/-/database-1.0.8.tgz. Extracting by manifest.
2166 silly tarball no local data for @firebase/component@https://registry.npmjs.org/@firebase/component/-/component-0.6.9.tgz. Extracting by manifest.
2167 silly tarball no local data for @firebase/app-check-interop-types@https://registry.npmjs.org/@firebase/app-check-interop-types/-/app-check-interop-types-0.3.2.tgz. Extracting by manifest.
2168 silly tarball no local data for @firebase/auth-interop-types@https://registry.npmjs.org/@firebase/auth-interop-types/-/auth-interop-types-0.2.3.tgz. Extracting by manifest.
2169 silly tarball no local data for @firebase/app-types@https://registry.npmjs.org/@firebase/app-types/-/app-types-0.9.2.tgz. Extracting by manifest.
2170 silly tarball no local data for @eslint-community/regexpp@https://registry.npmjs.org/@eslint-community/regexpp/-/regexpp-4.12.1.tgz. Extracting by manifest.
2171 silly tarball no local data for @eslint-community/eslint-utils@https://registry.npmjs.org/@eslint-community/eslint-utils/-/eslint-utils-4.9.0.tgz. Extracting by manifest.
2172 silly tarball no local data for @eslint/js@https://registry.npmjs.org/@eslint/js/-/js-8.57.1.tgz. Extracting by manifest.
2173 silly tarball no local data for @eslint/eslintrc@https://registry.npmjs.org/@eslint/eslintrc/-/eslintrc-2.1.4.tgz. Extracting by manifest.
2174 silly tarball no local data for @cypress/request-promise@https://registry.npmjs.org/@cypress/request-promise/-/request-promise-5.0.0.tgz. Extracting by manifest.
2175 silly tarball no local data for @cypress/request@https://registry.npmjs.org/@cypress/request/-/request-3.0.9.tgz. Extracting by manifest.
2176 silly tarball no local data for @babel/runtime@https://registry.npmjs.org/@babel/runtime/-/runtime-7.28.4.tgz. Extracting by manifest.
2177 silly tarball no local data for @aws-sdk/xml-builder@https://registry.npmjs.org/@aws-sdk/xml-builder/-/xml-builder-3.921.0.tgz. Extracting by manifest.
2178 silly tarball no local data for @aws-sdk/util-user-agent-browser@https://registry.npmjs.org/@aws-sdk/util-user-agent-browser/-/util-user-agent-browser-3.922.0.tgz. Extracting by manifest.
2179 silly tarball no local data for @aws-sdk/util-user-agent-node@https://registry.npmjs.org/@aws-sdk/util-user-agent-node/-/util-user-agent-node-3.926.0.tgz. Extracting by manifest.
2180 silly tarball no local data for @aws-sdk/util-locate-window@https://registry.npmjs.org/@aws-sdk/util-locate-window/-/util-locate-window-3.893.0.tgz. Extracting by manifest.
2181 silly tarball no local data for @aws-sdk/util-format-url@https://registry.npmjs.org/@aws-sdk/util-format-url/-/util-format-url-3.922.0.tgz. Extracting by manifest.
2182 silly tarball no local data for @aws-sdk/util-endpoints@https://registry.npmjs.org/@aws-sdk/util-endpoints/-/util-endpoints-3.922.0.tgz. Extracting by manifest.
2183 silly tarball no local data for @aws-sdk/types@https://registry.npmjs.org/@aws-sdk/types/-/types-3.922.0.tgz. Extracting by manifest.
2184 silly tarball no local data for @aws-sdk/util-arn-parser@https://registry.npmjs.org/@aws-sdk/util-arn-parser/-/util-arn-parser-3.893.0.tgz. Extracting by manifest.
2185 silly tarball no local data for @aws-sdk/token-providers@https://registry.npmjs.org/@aws-sdk/token-providers/-/token-providers-3.926.0.tgz. Extracting by manifest.
2186 silly tarball no local data for @aws-sdk/signature-v4-multi-region@https://registry.npmjs.org/@aws-sdk/signature-v4-multi-region/-/signature-v4-multi-region-3.926.0.tgz. Extracting by manifest.
2187 silly tarball no local data for @aws-sdk/region-config-resolver@https://registry.npmjs.org/@aws-sdk/region-config-resolver/-/region-config-resolver-3.925.0.tgz. Extracting by manifest.
2188 silly tarball no local data for @aws-sdk/s3-request-presigner@https://registry.npmjs.org/@aws-sdk/s3-request-presigner/-/s3-request-presigner-3.926.0.tgz. Extracting by manifest.
2189 silly tarball no local data for @aws-sdk/nested-clients@https://registry.npmjs.org/@aws-sdk/nested-clients/-/nested-clients-3.926.0.tgz. Extracting by manifest.
2190 silly tarball no local data for @aws-sdk/middleware-user-agent@https://registry.npmjs.org/@aws-sdk/middleware-user-agent/-/middleware-user-agent-3.926.0.tgz. Extracting by manifest.
2191 silly tarball no local data for @aws-sdk/middleware-ssec@https://registry.npmjs.org/@aws-sdk/middleware-ssec/-/middleware-ssec-3.922.0.tgz. Extracting by manifest.
2192 silly tarball no local data for @aws-sdk/middleware-sdk-s3@https://registry.npmjs.org/@aws-sdk/middleware-sdk-s3/-/middleware-sdk-s3-3.926.0.tgz. Extracting by manifest.
2193 silly tarball no local data for @jridgewell/gen-mapping@https://registry.npmjs.org/@jridgewell/gen-mapping/-/gen-mapping-0.3.13.tgz. Extracting by manifest.
2194 silly tarball no local data for @aws-sdk/middleware-location-constraint@https://registry.npmjs.org/@aws-sdk/middleware-location-constraint/-/middleware-location-constraint-3.922.0.tgz. Extracting by manifest.
2195 silly tarball no local data for @aws-sdk/middleware-recursion-detection@https://registry.npmjs.org/@aws-sdk/middleware-recursion-detection/-/middleware-recursion-detection-3.922.0.tgz. Extracting by manifest.
2196 silly tarball no local data for @aws-sdk/middleware-logger@https://registry.npmjs.org/@aws-sdk/middleware-logger/-/middleware-logger-3.922.0.tgz. Extracting by manifest.
2197 silly tarball no local data for @aws-sdk/credential-provider-sso@https://registry.npmjs.org/@aws-sdk/credential-provider-sso/-/credential-provider-sso-3.926.0.tgz. Extracting by manifest.
2198 silly tarball no local data for @aws-sdk/middleware-bucket-endpoint@https://registry.npmjs.org/@aws-sdk/middleware-bucket-endpoint/-/middleware-bucket-endpoint-3.922.0.tgz. Extracting by manifest.
2199 silly tarball no local data for @aws-sdk/middleware-host-header@https://registry.npmjs.org/@aws-sdk/middleware-host-header/-/middleware-host-header-3.922.0.tgz. Extracting by manifest.
2200 silly tarball no local data for @aws-sdk/middleware-flexible-checksums@https://registry.npmjs.org/@aws-sdk/middleware-flexible-checksums/-/middleware-flexible-checksums-3.926.0.tgz. Extracting by manifest.
2201 silly tarball no local data for @aws-sdk/credential-provider-web-identity@https://registry.npmjs.org/@aws-sdk/credential-provider-web-identity/-/credential-provider-web-identity-3.926.0.tgz. Extracting by manifest.
2202 silly tarball no local data for @aws-sdk/middleware-expect-continue@https://registry.npmjs.org/@aws-sdk/middleware-expect-continue/-/middleware-expect-continue-3.922.0.tgz. Extracting by manifest.
2203 silly tarball no local data for @aws-sdk/credential-provider-process@https://registry.npmjs.org/@aws-sdk/credential-provider-process/-/credential-provider-process-3.926.0.tgz. Extracting by manifest.
2204 silly tarball no local data for @aws-sdk/credential-provider-ini@https://registry.npmjs.org/@aws-sdk/credential-provider-ini/-/credential-provider-ini-3.926.0.tgz. Extracting by manifest.
2205 silly tarball no local data for @aws-sdk/credential-provider-node@https://registry.npmjs.org/@aws-sdk/credential-provider-node/-/credential-provider-node-3.926.0.tgz. Extracting by manifest.
2206 silly tarball no local data for @aws-sdk/credential-provider-http@https://registry.npmjs.org/@aws-sdk/credential-provider-http/-/credential-provider-http-3.926.0.tgz. Extracting by manifest.
2207 silly tarball no local data for @aws-sdk/credential-provider-env@https://registry.npmjs.org/@aws-sdk/credential-provider-env/-/credential-provider-env-3.926.0.tgz. Extracting by manifest.
2208 silly tarball no local data for @aws-sdk/core@https://registry.npmjs.org/@aws-sdk/core/-/core-3.926.0.tgz. Extracting by manifest.
2209 silly tarball no local data for @aws-sdk/client-s3@https://registry.npmjs.org/@aws-sdk/client-s3/-/client-s3-3.926.0.tgz. Extracting by manifest.
2210 silly tarball no local data for @aws-sdk/client-sso@https://registry.npmjs.org/@aws-sdk/client-sso/-/client-sso-3.926.0.tgz. Extracting by manifest.
2211 silly tarball no local data for @aws-crypto/util@https://registry.npmjs.org/@aws-crypto/util/-/util-5.2.0.tgz. Extracting by manifest.
2212 silly tarball no local data for @aws-crypto/supports-web-crypto@https://registry.npmjs.org/@aws-crypto/supports-web-crypto/-/supports-web-crypto-5.2.0.tgz. Extracting by manifest.
2213 silly tarball no local data for @aws-crypto/sha256-js@https://registry.npmjs.org/@aws-crypto/sha256-js/-/sha256-js-5.2.0.tgz. Extracting by manifest.
2214 silly tarball no local data for @aws-crypto/sha256-browser@https://registry.npmjs.org/@aws-crypto/sha256-browser/-/sha256-browser-5.2.0.tgz. Extracting by manifest.
2215 silly tarball no local data for @aws-crypto/crc32c@https://registry.npmjs.org/@aws-crypto/crc32c/-/crc32c-5.2.0.tgz. Extracting by manifest.
2216 silly tarball no local data for @aws-crypto/sha1-browser@https://registry.npmjs.org/@aws-crypto/sha1-browser/-/sha1-browser-5.2.0.tgz. Extracting by manifest.
2217 silly tarball no local data for @aws-crypto/crc32@https://registry.npmjs.org/@aws-crypto/crc32/-/crc32-5.2.0.tgz. Extracting by manifest.
2218 silly tarball no local data for @aws/lambda-invoke-store@https://registry.npmjs.org/@aws/lambda-invoke-store/-/lambda-invoke-store-0.1.1.tgz. Extracting by manifest.
2219 silly tarball no local data for @alloc/quick-lru@https://registry.npmjs.org/@alloc/quick-lru/-/quick-lru-5.2.0.tgz. Extracting by manifest.
2220 silly tarball no local data for typescript@https://registry.npmjs.org/typescript/-/typescript-5.9.3.tgz. Extracting by manifest.
2221 silly tarball no local data for hyphen@https://registry.npmjs.org/hyphen/-/hyphen-1.10.6.tgz. Extracting by manifest.
2222 silly tarball no local data for next@https://registry.npmjs.org/next/-/next-14.2.35.tgz. Extracting by manifest.
2223 silly tarball no local data for framer-motion@https://registry.npmjs.org/framer-motion/-/framer-motion-11.18.2.tgz. Extracting by manifest.
2224 silly tarball no local data for fontkit@https://registry.npmjs.org/fontkit/-/fontkit-2.0.4.tgz. Extracting by manifest.
2225 silly tarball no local data for foreground-child@https://registry.npmjs.org/foreground-child/-/foreground-child-3.3.1.tgz. Extracting by manifest.
2226 silly tarball no local data for follow-redirects@https://registry.npmjs.org/follow-redirects/-/follow-redirects-1.15.11.tgz. Extracting by manifest.
2227 silly tarball no local data for flatted@https://registry.npmjs.org/flatted/-/flatted-3.3.3.tgz. Extracting by manifest.
2228 silly tarball no local data for flat-cache@https://registry.npmjs.org/flat-cache/-/flat-cache-3.2.0.tgz. Extracting by manifest.
2229 silly tarball no local data for find-yarn-workspace-root@https://registry.npmjs.org/find-yarn-workspace-root/-/find-yarn-workspace-root-2.0.0.tgz. Extracting by manifest.
2230 silly tarball no local data for fill-range@https://registry.npmjs.org/fill-range/-/fill-range-7.1.1.tgz. Extracting by manifest.
2231 silly tarball no local data for find-up@https://registry.npmjs.org/find-up/-/find-up-5.0.0.tgz. Extracting by manifest.
2232 silly tarball no local data for file-selector@https://registry.npmjs.org/file-selector/-/file-selector-2.1.2.tgz. Extracting by manifest.
2233 silly tarball no local data for file-type@https://registry.npmjs.org/file-type/-/file-type-3.9.0.tgz. Extracting by manifest.
2234 silly tarball no local data for file-saver@https://registry.npmjs.org/file-saver/-/file-saver-2.0.5.tgz. Extracting by manifest.
2235 silly tarball no local data for file-entry-cache@https://registry.npmjs.org/file-entry-cache/-/file-entry-cache-6.0.1.tgz. Extracting by manifest.
2236 silly tarball no local data for faye-websocket@https://registry.npmjs.org/faye-websocket/-/faye-websocket-0.11.4.tgz. Extracting by manifest.
2237 silly tarball no local data for fastq@https://registry.npmjs.org/fastq/-/fastq-1.19.1.tgz. Extracting by manifest.
2238 silly tarball no local data for fast-levenshtein@https://registry.npmjs.org/fast-levenshtein/-/fast-levenshtein-2.0.6.tgz. Extracting by manifest.
2239 silly tarball no local data for fast-xml-parser@https://registry.npmjs.org/fast-xml-parser/-/fast-xml-parser-4.5.3.tgz. Extracting by manifest.
2240 silly tarball no local data for fast-uri@https://registry.npmjs.org/fast-uri/-/fast-uri-3.1.0.tgz. Extracting by manifest.
2241 silly tarball no local data for fast-glob@https://registry.npmjs.org/fast-glob/-/fast-glob-3.3.3.tgz. Extracting by manifest.
2242 silly tarball no local data for fast-json-stable-stringify@https://registry.npmjs.org/fast-json-stable-stringify/-/fast-json-stable-stringify-2.1.0.tgz. Extracting by manifest.
2243 silly tarball no local data for fast-deep-equal@https://registry.npmjs.org/fast-deep-equal/-/fast-deep-equal-3.1.3.tgz. Extracting by manifest.
2244 silly tarball no local data for extsprintf@https://registry.npmjs.org/extsprintf/-/extsprintf-1.3.0.tgz. Extracting by manifest.
2245 silly tarball no local data for fast-equals@https://registry.npmjs.org/fast-equals/-/fast-equals-5.3.2.tgz. Extracting by manifest.
2246 silly tarball no local data for extend@https://registry.npmjs.org/extend/-/extend-3.0.2.tgz. Extracting by manifest.
2247 silly tarball no local data for eventemitter3@https://registry.npmjs.org/eventemitter3/-/eventemitter3-3.1.2.tgz. Extracting by manifest.
2248 silly tarball no local data for events@https://registry.npmjs.org/events/-/events-3.3.0.tgz. Extracting by manifest.
2249 silly tarball no local data for esutils@https://registry.npmjs.org/esutils/-/esutils-2.0.3.tgz. Extracting by manifest.
2250 silly tarball no local data for estraverse@https://registry.npmjs.org/estraverse/-/estraverse-5.3.0.tgz. Extracting by manifest.
2251 silly tarball no local data for estree-util-is-identifier-name@https://registry.npmjs.org/estree-util-is-identifier-name/-/estree-util-is-identifier-name-3.0.0.tgz. Extracting by manifest.
2252 silly tarball no local data for esrecurse@https://registry.npmjs.org/esrecurse/-/esrecurse-4.3.0.tgz. Extracting by manifest.
2253 silly tarball no local data for espree@https://registry.npmjs.org/espree/-/espree-9.6.1.tgz. Extracting by manifest.
2254 silly tarball no local data for esquery@https://registry.npmjs.org/esquery/-/esquery-1.6.0.tgz. Extracting by manifest.
2255 silly tarball no local data for eslint-visitor-keys@https://registry.npmjs.org/eslint-visitor-keys/-/eslint-visitor-keys-3.4.3.tgz. Extracting by manifest.
2256 silly tarball no local data for eslint-scope@https://registry.npmjs.org/eslint-scope/-/eslint-scope-7.2.2.tgz. Extracting by manifest.
2257 silly tarball no local data for eslint-plugin-react@https://registry.npmjs.org/eslint-plugin-react/-/eslint-plugin-react-7.37.5.tgz. Extracting by manifest.
2258 silly tarball no local data for eslint-plugin-react-hooks@https://registry.npmjs.org/eslint-plugin-react-hooks/-/eslint-plugin-react-hooks-5.0.0-canary-7118f5dd7-20230705.tgz. Extracting by manifest.
2259 silly tarball no local data for eslint-plugin-jsx-a11y@https://registry.npmjs.org/eslint-plugin-jsx-a11y/-/eslint-plugin-jsx-a11y-6.10.2.tgz. Extracting by manifest.
2260 silly tarball no local data for eslint-module-utils@https://registry.npmjs.org/eslint-module-utils/-/eslint-module-utils-2.12.1.tgz. Extracting by manifest.
2261 silly tarball no local data for eslint-plugin-import@https://registry.npmjs.org/eslint-plugin-import/-/eslint-plugin-import-2.32.0.tgz. Extracting by manifest.
2262 silly tarball no local data for eslint-import-resolver-node@https://registry.npmjs.org/eslint-import-resolver-node/-/eslint-import-resolver-node-0.3.9.tgz. Extracting by manifest.
2263 silly tarball no local data for eslint-import-resolver-typescript@https://registry.npmjs.org/eslint-import-resolver-typescript/-/eslint-import-resolver-typescript-3.10.1.tgz. Extracting by manifest.
2264 silly tarball no local data for eslint-config-next@https://registry.npmjs.org/eslint-config-next/-/eslint-config-next-14.2.5.tgz. Extracting by manifest.
2265 silly tarball no local data for escape-string-regexp@https://registry.npmjs.org/escape-string-regexp/-/escape-string-regexp-4.0.0.tgz. Extracting by manifest.
2266 silly tarball no local data for eslint@https://registry.npmjs.org/eslint/-/eslint-8.57.1.tgz. Extracting by manifest.
2267 silly tarball no local data for es-to-primitive@https://registry.npmjs.org/es-to-primitive/-/es-to-primitive-1.3.0.tgz. Extracting by manifest.
2268 silly tarball no local data for es-set-tostringtag@https://registry.npmjs.org/es-set-tostringtag/-/es-set-tostringtag-2.1.0.tgz. Extracting by manifest.
2269 silly tarball no local data for escalade@https://registry.npmjs.org/escalade/-/escalade-3.2.0.tgz. Extracting by manifest.
2270 silly tarball no local data for es-object-atoms@https://registry.npmjs.org/es-object-atoms/-/es-object-atoms-1.1.1.tgz. Extracting by manifest.
2271 silly tarball no local data for es-module-lexer@https://registry.npmjs.org/es-module-lexer/-/es-module-lexer-1.7.0.tgz. Extracting by manifest.
2272 silly tarball no local data for es-shim-unscopables@https://registry.npmjs.org/es-shim-unscopables/-/es-shim-unscopables-1.1.0.tgz. Extracting by manifest.
2273 silly tarball no local data for es-errors@https://registry.npmjs.org/es-errors/-/es-errors-1.3.0.tgz. Extracting by manifest.
2274 silly tarball no local data for es-define-property@https://registry.npmjs.org/es-define-property/-/es-define-property-1.0.1.tgz. Extracting by manifest.
2275 silly tarball no local data for es-iterator-helpers@https://registry.npmjs.org/es-iterator-helpers/-/es-iterator-helpers-1.2.1.tgz. Extracting by manifest.
2276 silly tarball no local data for error-kid@https://registry.npmjs.org/error-kid/-/error-kid-0.0.7.tgz. Extracting by manifest.
2277 silly tarball no local data for enhanced-resolve@https://registry.npmjs.org/enhanced-resolve/-/enhanced-resolve-5.18.3.tgz. Extracting by manifest.
2278 silly tarball no local data for es-abstract@https://registry.npmjs.org/es-abstract/-/es-abstract-1.24.0.tgz. Extracting by manifest.
2279 silly tarball no local data for end-of-stream@https://registry.npmjs.org/end-of-stream/-/end-of-stream-1.4.5.tgz. Extracting by manifest.
2280 silly tarball no local data for emojis-list@https://registry.npmjs.org/emojis-list/-/emojis-list-3.0.0.tgz. Extracting by manifest.
2281 silly tarball no local data for emoji-regex@https://registry.npmjs.org/emoji-regex/-/emoji-regex-10.6.0.tgz. Extracting by manifest.
2282 silly tarball no local data for ecc-jsbn@https://registry.npmjs.org/ecc-jsbn/-/ecc-jsbn-0.1.2.tgz. Extracting by manifest.
2283 silly tarball no local data for electron-to-chromium@https://registry.npmjs.org/electron-to-chromium/-/electron-to-chromium-1.5.237.tgz. Extracting by manifest.
2284 silly tarball no local data for eastasianwidth@https://registry.npmjs.org/eastasianwidth/-/eastasianwidth-0.2.0.tgz. Extracting by manifest.
2285 silly tarball no local data for dunder-proto@https://registry.npmjs.org/dunder-proto/-/dunder-proto-1.0.1.tgz. Extracting by manifest.
2286 silly tarball no local data for dotenv@https://registry.npmjs.org/dotenv/-/dotenv-16.6.1.tgz. Extracting by manifest.
2287 silly tarball no local data for docx@https://registry.npmjs.org/docx/-/docx-8.5.0.tgz. Extracting by manifest.
2288 silly tarball no local data for dom-helpers@https://registry.npmjs.org/dom-helpers/-/dom-helpers-5.2.1.tgz. Extracting by manifest.
2289 silly tarball no local data for doctrine@https://registry.npmjs.org/doctrine/-/doctrine-3.0.0.tgz. Extracting by manifest.
2290 silly tarball no local data for dlv@https://registry.npmjs.org/dlv/-/dlv-1.1.3.tgz. Extracting by manifest.
2291 silly tarball no local data for dir-glob@https://registry.npmjs.org/dir-glob/-/dir-glob-3.0.1.tgz. Extracting by manifest.
2292 silly tarball no local data for didyoumean@https://registry.npmjs.org/didyoumean/-/didyoumean-1.2.2.tgz. Extracting by manifest.
2293 silly tarball no local data for dfa@https://registry.npmjs.org/dfa/-/dfa-1.2.0.tgz. Extracting by manifest.
2294 silly tarball no local data for devlop@https://registry.npmjs.org/devlop/-/devlop-1.1.0.tgz. Extracting by manifest.
2295 silly tarball no local data for detect-node-es@https://registry.npmjs.org/detect-node-es/-/detect-node-es-1.1.0.tgz. Extracting by manifest.
2296 silly tarball no local data for dequal@https://registry.npmjs.org/dequal/-/dequal-2.0.3.tgz. Extracting by manifest.
2297 silly tarball no local data for define-properties@https://registry.npmjs.org/define-properties/-/define-properties-1.2.1.tgz. Extracting by manifest.
2298 silly tarball no local data for delayed-stream@https://registry.npmjs.org/delayed-stream/-/delayed-stream-1.0.0.tgz. Extracting by manifest.
2299 silly tarball no local data for define-data-property@https://registry.npmjs.org/define-data-property/-/define-data-property-1.1.4.tgz. Extracting by manifest.
2300 silly tarball no local data for decode-named-character-reference@https://registry.npmjs.org/decode-named-character-reference/-/decode-named-character-reference-1.2.0.tgz. Extracting by manifest.
2301 silly tarball no local data for deep-is@https://registry.npmjs.org/deep-is/-/deep-is-0.1.4.tgz. Extracting by manifest.
2302 silly tarball no local data for decimal.js-light@https://registry.npmjs.org/decimal.js-light/-/decimal.js-light-2.5.1.tgz. Extracting by manifest.
2303 silly tarball no local data for date-fns@https://registry.npmjs.org/date-fns/-/date-fns-3.6.0.tgz. Extracting by manifest.
2304 silly tarball no local data for debug@https://registry.npmjs.org/debug/-/debug-4.4.3.tgz. Extracting by manifest.
2305 silly tarball no local data for data-view-byte-offset@https://registry.npmjs.org/data-view-byte-offset/-/data-view-byte-offset-1.0.1.tgz. Extracting by manifest.
2306 silly tarball no local data for dashdash@https://registry.npmjs.org/dashdash/-/dashdash-1.14.1.tgz. Extracting by manifest.
2307 silly tarball no local data for data-view-byte-length@https://registry.npmjs.org/data-view-byte-length/-/data-view-byte-length-1.0.2.tgz. Extracting by manifest.
2308 silly tarball no local data for damerau-levenshtein@https://registry.npmjs.org/damerau-levenshtein/-/damerau-levenshtein-1.0.8.tgz. Extracting by manifest.
2309 silly tarball no local data for data-view-buffer@https://registry.npmjs.org/data-view-buffer/-/data-view-buffer-1.0.2.tgz. Extracting by manifest.
2310 silly tarball no local data for d3-timer@https://registry.npmjs.org/d3-timer/-/d3-timer-3.0.1.tgz. Extracting by manifest.
2311 silly tarball no local data for d3-time@https://registry.npmjs.org/d3-time/-/d3-time-3.1.0.tgz. Extracting by manifest.
2312 silly tarball no local data for d3-time-format@https://registry.npmjs.org/d3-time-format/-/d3-time-format-4.1.0.tgz. Extracting by manifest.
2313 silly tarball no local data for d3-shape@https://registry.npmjs.org/d3-shape/-/d3-shape-3.2.0.tgz. Extracting by manifest.
2314 silly tarball no local data for d3-path@https://registry.npmjs.org/d3-path/-/d3-path-3.1.0.tgz. Extracting by manifest.
2315 silly tarball no local data for d3-scale@https://registry.npmjs.org/d3-scale/-/d3-scale-4.0.2.tgz. Extracting by manifest.
2316 silly tarball no local data for d3-interpolate@https://registry.npmjs.org/d3-interpolate/-/d3-interpolate-3.0.1.tgz. Extracting by manifest.
2317 silly tarball no local data for d3-color@https://registry.npmjs.org/d3-color/-/d3-color-3.1.0.tgz. Extracting by manifest.
2318 silly tarball no local data for d3-format@https://registry.npmjs.org/d3-format/-/d3-format-3.1.0.tgz. Extracting by manifest.
2319 silly tarball no local data for d3-ease@https://registry.npmjs.org/d3-ease/-/d3-ease-3.0.1.tgz. Extracting by manifest.
2320 silly tarball no local data for csstype@https://registry.npmjs.org/csstype/-/csstype-3.1.3.tgz. Extracting by manifest.
2321 silly tarball no local data for d3-array@https://registry.npmjs.org/d3-array/-/d3-array-3.2.4.tgz. Extracting by manifest.
2322 silly tarball no local data for cssesc@https://registry.npmjs.org/cssesc/-/cssesc-3.0.0.tgz. Extracting by manifest.
2323 silly tarball no local data for cross-spawn@https://registry.npmjs.org/cross-spawn/-/cross-spawn-7.0.6.tgz. Extracting by manifest.
2324 silly tarball no local data for crypto-js@https://registry.npmjs.org/crypto-js/-/crypto-js-4.2.0.tgz. Extracting by manifest.
2325 silly tarball no local data for cross-fetch@https://registry.npmjs.org/cross-fetch/-/cross-fetch-3.2.0.tgz. Extracting by manifest.
2326 silly tarball no local data for core-util-is@https://registry.npmjs.org/core-util-is/-/core-util-is-1.0.3.tgz. Extracting by manifest.
2327 silly tarball no local data for crc-32@https://registry.npmjs.org/crc-32/-/crc-32-1.2.2.tgz. Extracting by manifest.
2328 silly tarball no local data for concat-map@https://registry.npmjs.org/concat-map/-/concat-map-0.0.1.tgz. Extracting by manifest.
2329 silly tarball no local data for comma-separated-tokens@https://registry.npmjs.org/comma-separated-tokens/-/comma-separated-tokens-2.0.3.tgz. Extracting by manifest.
2330 silly tarball no local data for commander@https://registry.npmjs.org/commander/-/commander-4.1.1.tgz. Extracting by manifest.
2331 silly tarball no local data for color-string@https://registry.npmjs.org/color-string/-/color-string-1.9.1.tgz. Extracting by manifest.
2332 silly tarball no local data for color-name@https://registry.npmjs.org/color-name/-/color-name-1.1.4.tgz. Extracting by manifest.
2333 silly tarball no local data for combined-stream@https://registry.npmjs.org/combined-stream/-/combined-stream-1.0.8.tgz. Extracting by manifest.
2334 silly tarball no local data for color-convert@https://registry.npmjs.org/color-convert/-/color-convert-2.0.1.tgz. Extracting by manifest.
2335 silly tarball no local data for clone@https://registry.npmjs.org/clone/-/clone-2.1.2.tgz. Extracting by manifest.
2336 silly tarball no local data for codepage@https://registry.npmjs.org/codepage/-/codepage-1.15.0.tgz. Extracting by manifest.
2337 silly tarball no local data for clsx@https://registry.npmjs.org/clsx/-/clsx-2.1.1.tgz. Extracting by manifest.
2338 silly tarball no local data for client-only@https://registry.npmjs.org/client-only/-/client-only-0.0.1.tgz. Extracting by manifest.
2339 silly tarball no local data for cliui@https://registry.npmjs.org/cliui/-/cliui-8.0.1.tgz. Extracting by manifest.
2340 silly tarball no local data for class-variance-authority@https://registry.npmjs.org/class-variance-authority/-/class-variance-authority-0.7.1.tgz. Extracting by manifest.
2341 silly tarball no local data for chrome-trace-event@https://registry.npmjs.org/chrome-trace-event/-/chrome-trace-event-1.0.4.tgz. Extracting by manifest.
2342 silly tarball no local data for ci-info@https://registry.npmjs.org/ci-info/-/ci-info-3.9.0.tgz. Extracting by manifest.
2343 silly tarball no local data for chokidar@https://registry.npmjs.org/chokidar/-/chokidar-3.6.0.tgz. Extracting by manifest.
2344 silly tarball no local data for character-entities-legacy@https://registry.npmjs.org/character-entities-legacy/-/character-entities-legacy-3.0.0.tgz. Extracting by manifest.
2345 silly tarball no local data for character-reference-invalid@https://registry.npmjs.org/character-reference-invalid/-/character-reference-invalid-2.0.1.tgz. Extracting by manifest.
2346 silly tarball no local data for character-entities@https://registry.npmjs.org/character-entities/-/character-entities-2.0.2.tgz. Extracting by manifest.
2347 silly tarball no local data for character-entities-html4@https://registry.npmjs.org/character-entities-html4/-/character-entities-html4-2.1.0.tgz. Extracting by manifest.
2348 silly tarball no local data for cfb@https://registry.npmjs.org/cfb/-/cfb-1.2.2.tgz. Extracting by manifest.
2349 silly tarball no local data for chalk@https://registry.npmjs.org/chalk/-/chalk-4.1.2.tgz. Extracting by manifest.
2350 silly tarball no local data for ccount@https://registry.npmjs.org/ccount/-/ccount-2.0.1.tgz. Extracting by manifest.
2351 silly tarball no local data for caseless@https://registry.npmjs.org/caseless/-/caseless-0.12.0.tgz. Extracting by manifest.
2352 silly tarball no local data for caniuse-lite@https://registry.npmjs.org/caniuse-lite/-/caniuse-lite-1.0.30001751.tgz. Extracting by manifest.
2353 silly tarball no local data for camelcase-css@https://registry.npmjs.org/camelcase-css/-/camelcase-css-2.0.1.tgz. Extracting by manifest.
2354 silly tarball no local data for callsites@https://registry.npmjs.org/callsites/-/callsites-3.1.0.tgz. Extracting by manifest.
2355 silly tarball no local data for call-bound@https://registry.npmjs.org/call-bound/-/call-bound-1.0.4.tgz. Extracting by manifest.
2356 silly tarball no local data for call-bind-apply-helpers@https://registry.npmjs.org/call-bind-apply-helpers/-/call-bind-apply-helpers-1.0.2.tgz. Extracting by manifest.
2357 silly tarball no local data for call-bind@https://registry.npmjs.org/call-bind/-/call-bind-1.0.8.tgz. Extracting by manifest.
2358 silly tarball no local data for buffer-from@https://registry.npmjs.org/buffer-from/-/buffer-from-1.1.2.tgz. Extracting by manifest.
2359 silly tarball no local data for busboy@https://registry.npmjs.org/busboy/-/busboy-1.6.0.tgz. Extracting by manifest.
2360 silly tarball no local data for browserslist@https://registry.npmjs.org/browserslist/-/browserslist-4.23.1.tgz. Extracting by manifest.
2361 silly tarball no local data for browserify-zlib@https://registry.npmjs.org/browserify-zlib/-/browserify-zlib-0.2.0.tgz. Extracting by manifest.
2362 silly tarball no local data for brotli@https://registry.npmjs.org/brotli/-/brotli-1.3.3.tgz. Extracting by manifest.
2363 silly tarball no local data for braces@https://registry.npmjs.org/braces/-/braces-3.0.3.tgz. Extracting by manifest.
2364 silly tarball no local data for brace-expansion@https://registry.npmjs.org/brace-expansion/-/brace-expansion-1.1.12.tgz. Extracting by manifest.
2365 silly tarball no local data for bowser@https://registry.npmjs.org/bowser/-/bowser-2.12.1.tgz. Extracting by manifest.
2366 silly tarball no local data for bluebird@https://registry.npmjs.org/bluebird/-/bluebird-3.7.2.tgz. Extracting by manifest.
2367 silly tarball no local data for bl@https://registry.npmjs.org/bl/-/bl-1.2.3.tgz. Extracting by manifest.
2368 silly tarball no local data for binary-extensions@https://registry.npmjs.org/binary-extensions/-/binary-extensions-2.3.0.tgz. Extracting by manifest.
2369 silly tarball no local data for big.js@https://registry.npmjs.org/big.js/-/big.js-5.2.2.tgz. Extracting by manifest.
2370 silly tarball no local data for bidi-js@https://registry.npmjs.org/bidi-js/-/bidi-js-1.0.3.tgz. Extracting by manifest.
2371 silly tarball no local data for bcrypt-pbkdf@https://registry.npmjs.org/bcrypt-pbkdf/-/bcrypt-pbkdf-1.0.2.tgz. Extracting by manifest.
2372 silly tarball no local data for base64-js@https://registry.npmjs.org/base64-js/-/base64-js-1.5.1.tgz. Extracting by manifest.
2373 silly tarball no local data for balanced-match@https://registry.npmjs.org/balanced-match/-/balanced-match-1.0.2.tgz. Extracting by manifest.
2374 silly tarball no local data for bail@https://registry.npmjs.org/bail/-/bail-2.0.2.tgz. Extracting by manifest.
2375 silly tarball no local data for axobject-query@https://registry.npmjs.org/axobject-query/-/axobject-query-4.1.0.tgz. Extracting by manifest.
2376 silly tarball no local data for axios@https://registry.npmjs.org/axios/-/axios-1.12.2.tgz. Extracting by manifest.
2377 silly tarball no local data for axe-core@https://registry.npmjs.org/axe-core/-/axe-core-4.11.0.tgz. Extracting by manifest.
2378 silly tarball no local data for aws-sign2@https://registry.npmjs.org/aws-sign2/-/aws-sign2-0.7.0.tgz. Extracting by manifest.
2379 silly tarball no local data for aws4@https://registry.npmjs.org/aws4/-/aws4-1.13.2.tgz. Extracting by manifest.
2380 silly tarball no local data for attr-accept@https://registry.npmjs.org/attr-accept/-/attr-accept-2.2.5.tgz. Extracting by manifest.
2381 silly tarball no local data for asynckit@https://registry.npmjs.org/asynckit/-/asynckit-0.4.0.tgz. Extracting by manifest.
2382 silly tarball no local data for available-typed-arrays@https://registry.npmjs.org/available-typed-arrays/-/available-typed-arrays-1.0.7.tgz. Extracting by manifest.
2383 silly tarball no local data for async-function@https://registry.npmjs.org/async-function/-/async-function-1.0.0.tgz. Extracting by manifest.
2384 silly tarball no local data for ast-types-flow@https://registry.npmjs.org/ast-types-flow/-/ast-types-flow-0.0.8.tgz. Extracting by manifest.
2385 silly tarball no local data for assert-plus@https://registry.npmjs.org/assert-plus/-/assert-plus-1.0.0.tgz. Extracting by manifest.
2386 silly tarball no local data for @isaacs/cliui@https://registry.npmjs.org/@isaacs/cliui/-/cliui-8.0.2.tgz. Extracting by manifest.
2387 silly tarball no local data for asn1@https://registry.npmjs.org/asn1/-/asn1-0.2.6.tgz. Extracting by manifest.
2388 silly tarball no local data for arraybuffer.prototype.slice@https://registry.npmjs.org/arraybuffer.prototype.slice/-/arraybuffer.prototype.slice-1.0.4.tgz. Extracting by manifest.
2389 silly tarball no local data for array.prototype.flatmap@https://registry.npmjs.org/array.prototype.flatmap/-/array.prototype.flatmap-1.3.3.tgz. Extracting by manifest.
2390 silly tarball no local data for array.prototype.flat@https://registry.npmjs.org/array.prototype.flat/-/array.prototype.flat-1.3.3.tgz. Extracting by manifest.
2391 silly tarball no local data for array.prototype.tosorted@https://registry.npmjs.org/array.prototype.tosorted/-/array.prototype.tosorted-1.1.4.tgz. Extracting by manifest.
2392 silly tarball no local data for array.prototype.findlast@https://registry.npmjs.org/array.prototype.findlast/-/array.prototype.findlast-1.2.5.tgz. Extracting by manifest.
2393 silly tarball no local data for array.prototype.findlastindex@https://registry.npmjs.org/array.prototype.findlastindex/-/array.prototype.findlastindex-1.2.6.tgz. Extracting by manifest.
2394 silly tarball no local data for array.prototype.findindex@https://registry.npmjs.org/array.prototype.findindex/-/array.prototype.findindex-2.2.4.tgz. Extracting by manifest.
2395 silly tarball no local data for array-union@https://registry.npmjs.org/array-union/-/array-union-2.1.0.tgz. Extracting by manifest.
2396 silly tarball no local data for array-includes@https://registry.npmjs.org/array-includes/-/array-includes-3.1.9.tgz. Extracting by manifest.
2397 silly tarball no local data for array-buffer-byte-length@https://registry.npmjs.org/array-buffer-byte-length/-/array-buffer-byte-length-1.0.2.tgz. Extracting by manifest.
2398 silly tarball no local data for aria-query@https://registry.npmjs.org/aria-query/-/aria-query-5.3.2.tgz. Extracting by manifest.
2399 silly tarball no local data for argparse@https://registry.npmjs.org/argparse/-/argparse-2.0.1.tgz. Extracting by manifest.
2400 silly tarball no local data for arg@https://registry.npmjs.org/arg/-/arg-5.0.2.tgz. Extracting by manifest.
2401 silly tarball no local data for @napi-rs/canvas@https://registry.npmjs.org/@napi-rs/canvas/-/canvas-0.1.80.tgz. Extracting by manifest.
2402 silly tarball no local data for anymatch@https://registry.npmjs.org/anymatch/-/anymatch-3.1.3.tgz. Extracting by manifest.
2403 silly tarball no local data for any-promise@https://registry.npmjs.org/any-promise/-/any-promise-1.3.0.tgz. Extracting by manifest.
2404 silly tarball no local data for ansi-regex@https://registry.npmjs.org/ansi-regex/-/ansi-regex-5.0.1.tgz. Extracting by manifest.
2405 silly tarball no local data for ajv-keywords@https://registry.npmjs.org/ajv-keywords/-/ajv-keywords-3.5.2.tgz. Extracting by manifest.
2406 silly tarball no local data for ansi-styles@https://registry.npmjs.org/ansi-styles/-/ansi-styles-4.3.0.tgz. Extracting by manifest.
2407 silly tarball no local data for ajv-formats@https://registry.npmjs.org/ajv-formats/-/ajv-formats-2.1.1.tgz. Extracting by manifest.
2408 silly tarball no local data for ajv@https://registry.npmjs.org/ajv/-/ajv-6.12.6.tgz. Extracting by manifest.
2409 silly tarball no local data for adler-32@https://registry.npmjs.org/adler-32/-/adler-32-1.3.1.tgz. Extracting by manifest.
2410 silly tarball no local data for acorn-jsx@https://registry.npmjs.org/acorn-jsx/-/acorn-jsx-5.3.2.tgz. Extracting by manifest.
2411 silly tarball no local data for aria-hidden@https://registry.npmjs.org/aria-hidden/-/aria-hidden-1.2.6.tgz. Extracting by manifest.
2412 silly tarball no local data for acorn@https://registry.npmjs.org/acorn/-/acorn-8.15.0.tgz. Extracting by manifest.
2413 silly tarball no local data for acorn-import-phases@https://registry.npmjs.org/acorn-import-phases/-/acorn-import-phases-1.0.4.tgz. Extracting by manifest.
2414 silly tarball no local data for @types/send@https://registry.npmjs.org/@types/send/-/send-0.17.6.tgz. Extracting by manifest.
2415 silly tarball no local data for uuid@https://registry.npmjs.org/uuid/-/uuid-8.3.2.tgz. Extracting by manifest.
2416 silly tarball no local data for abs-svg-path@https://registry.npmjs.org/abs-svg-path/-/abs-svg-path-0.1.1.tgz. Extracting by manifest.
2417 silly tarball no local data for emoji-regex@https://registry.npmjs.org/emoji-regex/-/emoji-regex-8.0.0.tgz. Extracting by manifest.
2418 silly tarball no local data for emoji-regex@https://registry.npmjs.org/emoji-regex/-/emoji-regex-8.0.0.tgz. Extracting by manifest.
2419 silly tarball no local data for mime@https://registry.npmjs.org/mime/-/mime-3.0.0.tgz. Extracting by manifest.
2420 silly tarball no local data for ansi-styles@https://registry.npmjs.org/ansi-styles/-/ansi-styles-6.2.3.tgz. Extracting by manifest.
2421 silly tarball no local data for ansi-regex@https://registry.npmjs.org/ansi-regex/-/ansi-regex-6.2.2.tgz. Extracting by manifest.
2422 silly tarball no local data for strip-ansi@https://registry.npmjs.org/strip-ansi/-/strip-ansi-7.1.2.tgz. Extracting by manifest.
2423 silly tarball no local data for schema-utils@https://registry.npmjs.org/schema-utils/-/schema-utils-4.3.3.tgz. Extracting by manifest.
2424 silly tarball no local data for estraverse@https://registry.npmjs.org/estraverse/-/estraverse-4.3.0.tgz. Extracting by manifest.
2425 silly tarball no local data for eslint-scope@https://registry.npmjs.org/eslint-scope/-/eslint-scope-5.1.1.tgz. Extracting by manifest.
2426 silly tarball no local data for json-schema-traverse@https://registry.npmjs.org/json-schema-traverse/-/json-schema-traverse-1.0.0.tgz. Extracting by manifest.
2427 silly tarball no local data for ajv-keywords@https://registry.npmjs.org/ajv-keywords/-/ajv-keywords-5.1.0.tgz. Extracting by manifest.
2428 silly tarball no local data for ajv@https://registry.npmjs.org/ajv/-/ajv-8.17.1.tgz. Extracting by manifest.
2429 silly tarball no local data for core-util-is@https://registry.npmjs.org/core-util-is/-/core-util-is-1.0.2.tgz. Extracting by manifest.
2430 silly tarball no local data for pako@https://registry.npmjs.org/pako/-/pako-0.2.9.tgz. Extracting by manifest.
2431 silly tarball no local data for picomatch@https://registry.npmjs.org/picomatch/-/picomatch-4.0.3.tgz. Extracting by manifest.
2432 silly tarball no local data for json5@https://registry.npmjs.org/json5/-/json5-1.0.2.tgz. Extracting by manifest.
2433 silly tarball no local data for fdir@https://registry.npmjs.org/fdir/-/fdir-6.5.0.tgz. Extracting by manifest.
2434 silly tarball no local data for schema-utils@https://registry.npmjs.org/schema-utils/-/schema-utils-4.3.3.tgz. Extracting by manifest.
2435 silly tarball no local data for json-schema-traverse@https://registry.npmjs.org/json-schema-traverse/-/json-schema-traverse-1.0.0.tgz. Extracting by manifest.
2436 silly tarball no local data for ajv-keywords@https://registry.npmjs.org/ajv-keywords/-/ajv-keywords-5.1.0.tgz. Extracting by manifest.
2437 silly tarball no local data for ajv@https://registry.npmjs.org/ajv/-/ajv-8.17.1.tgz. Extracting by manifest.
2438 silly tarball no local data for uuid@https://registry.npmjs.org/uuid/-/uuid-9.0.1.tgz. Extracting by manifest.
2439 silly tarball no local data for https-proxy-agent@https://registry.npmjs.org/https-proxy-agent/-/https-proxy-agent-5.0.1.tgz. Extracting by manifest.
2440 silly tarball no local data for agent-base@https://registry.npmjs.org/agent-base/-/agent-base-6.0.2.tgz. Extracting by manifest.
2441 silly tarball no local data for postcss-selector-parser@https://registry.npmjs.org/postcss-selector-parser/-/postcss-selector-parser-6.1.2.tgz. Extracting by manifest.
2442 silly tarball no local data for strip-ansi@https://registry.npmjs.org/strip-ansi/-/strip-ansi-7.1.2.tgz. Extracting by manifest.
2443 silly tarball no local data for safe-buffer@https://registry.npmjs.org/safe-buffer/-/safe-buffer-5.1.2.tgz. Extracting by manifest.
2444 silly tarball no local data for commander@https://registry.npmjs.org/commander/-/commander-2.20.3.tgz. Extracting by manifest.
2445 silly tarball no local data for ansi-regex@https://registry.npmjs.org/ansi-regex/-/ansi-regex-6.2.2.tgz. Extracting by manifest.
2446 silly tarball no local data for emoji-regex@https://registry.npmjs.org/emoji-regex/-/emoji-regex-9.2.2.tgz. Extracting by manifest.
2447 silly tarball no local data for emoji-regex@https://registry.npmjs.org/emoji-regex/-/emoji-regex-8.0.0.tgz. Extracting by manifest.
2448 silly tarball no local data for react-is@https://registry.npmjs.org/react-is/-/react-is-18.3.1.tgz. Extracting by manifest.
2449 silly tarball no local data for eventemitter3@https://registry.npmjs.org/eventemitter3/-/eventemitter3-4.0.7.tgz. Extracting by manifest.
2450 silly tarball no local data for glob@https://registry.npmjs.org/glob/-/glob-7.2.3.tgz. Extracting by manifest.
2451 silly tarball no local data for uuid@https://registry.npmjs.org/uuid/-/uuid-3.4.0.tgz. Extracting by manifest.
2452 silly tarball no local data for scheduler@https://registry.npmjs.org/scheduler/-/scheduler-0.23.2.tgz. Extracting by manifest.
2453 silly tarball no local data for jsprim@https://registry.npmjs.org/jsprim/-/jsprim-1.4.2.tgz. Extracting by manifest.
2454 silly tarball no local data for tough-cookie@https://registry.npmjs.org/tough-cookie/-/tough-cookie-2.5.0.tgz. Extracting by manifest.
2455 silly tarball no local data for http-signature@https://registry.npmjs.org/http-signature/-/http-signature-1.2.0.tgz. Extracting by manifest.
2456 silly tarball no local data for qs@https://registry.npmjs.org/qs/-/qs-6.5.3.tgz. Extracting by manifest.
2457 silly tarball no local data for form-data@https://registry.npmjs.org/form-data/-/form-data-2.3.3.tgz. Extracting by manifest.
2458 silly tarball no local data for safe-buffer@https://registry.npmjs.org/safe-buffer/-/safe-buffer-5.1.2.tgz. Extracting by manifest.
2459 silly tarball no local data for isarray@https://registry.npmjs.org/isarray/-/isarray-1.0.0.tgz. Extracting by manifest.
2460 silly tarball no local data for postcss-selector-parser@https://registry.npmjs.org/postcss-selector-parser/-/postcss-selector-parser-6.1.2.tgz. Extracting by manifest.
2461 silly tarball no local data for tslib@https://registry.npmjs.org/tslib/-/tslib-1.14.1.tgz. Extracting by manifest.
2462 silly tarball no local data for nanoid@https://registry.npmjs.org/nanoid/-/nanoid-3.3.11.tgz. Extracting by manifest.
2463 silly tarball no local data for object-hash@https://registry.npmjs.org/object-hash/-/object-hash-2.2.0.tgz. Extracting by manifest.
2464 silly tarball no local data for lru-cache@https://registry.npmjs.org/lru-cache/-/lru-cache-6.0.0.tgz. Extracting by manifest.
2465 silly tarball no local data for jose@https://registry.npmjs.org/jose/-/jose-4.15.9.tgz. Extracting by manifest.
2466 silly tarball no local data for @types/unist@https://registry.npmjs.org/@types/unist/-/unist-2.0.11.tgz. Extracting by manifest.
2467 silly tarball no local data for slash@https://registry.npmjs.org/slash/-/slash-2.0.0.tgz. Extracting by manifest.
2468 silly tarball no local data for debug@https://registry.npmjs.org/debug/-/debug-3.2.7.tgz. Extracting by manifest.
2469 silly tarball no local data for jose@https://registry.npmjs.org/jose/-/jose-4.15.9.tgz. Extracting by manifest.
2470 silly tarball no local data for uuid@https://registry.npmjs.org/uuid/-/uuid-8.3.2.tgz. Extracting by manifest.
2471 silly tarball no local data for webidl-conversions@https://registry.npmjs.org/webidl-conversions/-/webidl-conversions-7.0.0.tgz. Extracting by manifest.
2472 silly tarball no local data for whatwg-url@https://registry.npmjs.org/whatwg-url/-/whatwg-url-14.2.0.tgz. Extracting by manifest.
2473 silly tarball no local data for lru-cache@https://registry.npmjs.org/lru-cache/-/lru-cache-6.0.0.tgz. Extracting by manifest.
2474 silly tarball no local data for base64-js@https://registry.npmjs.org/base64-js/-/base64-js-0.0.8.tgz. Extracting by manifest.
2475 silly tarball no local data for jose@https://registry.npmjs.org/jose/-/jose-4.15.9.tgz. Extracting by manifest.
2476 silly tarball no local data for escape-string-regexp@https://registry.npmjs.org/escape-string-regexp/-/escape-string-regexp-5.0.0.tgz. Extracting by manifest.
2477 silly tarball no local data for supports-color@https://registry.npmjs.org/supports-color/-/supports-color-8.1.1.tgz. Extracting by manifest.
2478 silly tarball no local data for agent-base@https://registry.npmjs.org/agent-base/-/agent-base-6.0.2.tgz. Extracting by manifest.
2479 silly tarball no local data for @grpc/grpc-js@https://registry.npmjs.org/@grpc/grpc-js/-/grpc-js-1.14.3.tgz. Extracting by manifest.
2480 silly tarball no local data for uuid@https://registry.npmjs.org/uuid/-/uuid-9.0.1.tgz. Extracting by manifest.
2481 silly tarball no local data for @grpc/proto-loader@https://registry.npmjs.org/@grpc/proto-loader/-/proto-loader-0.8.0.tgz. Extracting by manifest.
2482 silly tarball no local data for gcp-metadata@https://registry.npmjs.org/gcp-metadata/-/gcp-metadata-6.1.1.tgz. Extracting by manifest.
2483 silly tarball no local data for uuid@https://registry.npmjs.org/uuid/-/uuid-9.0.1.tgz. Extracting by manifest.
2484 silly tarball no local data for @types/node@https://registry.npmjs.org/@types/node/-/node-22.19.3.tgz. Extracting by manifest.
2485 silly tarball no local data for brace-expansion@https://registry.npmjs.org/brace-expansion/-/brace-expansion-2.0.2.tgz. Extracting by manifest.
2486 silly tarball no local data for minimatch@https://registry.npmjs.org/minimatch/-/minimatch-9.0.5.tgz. Extracting by manifest.
2487 silly tarball no local data for tr46@https://registry.npmjs.org/tr46/-/tr46-5.1.1.tgz. Extracting by manifest.
2488 silly tarball no local data for readable-stream@https://registry.npmjs.org/readable-stream/-/readable-stream-3.6.2.tgz. Extracting by manifest.
2489 silly tarball no local data for @react-pdf/primitives@https://registry.npmjs.org/@react-pdf/primitives/-/primitives-4.1.1.tgz. Extracting by manifest.
2490 silly tarball no local data for @react-pdf/png-js@https://registry.npmjs.org/@react-pdf/png-js/-/png-js-3.0.0.tgz. Extracting by manifest.
2491 silly tarball no local data for minimatch@https://registry.npmjs.org/minimatch/-/minimatch-9.0.3.tgz. Extracting by manifest.
2492 silly tarball no local data for @react-pdf/pdfkit@https://registry.npmjs.org/@react-pdf/pdfkit/-/pdfkit-4.0.4.tgz. Extracting by manifest.
2493 silly tarball no local data for brace-expansion@https://registry.npmjs.org/brace-expansion/-/brace-expansion-2.0.2.tgz. Extracting by manifest.
2494 silly tarball no local data for @react-pdf/stylesheet@https://registry.npmjs.org/@react-pdf/stylesheet/-/stylesheet-6.1.1.tgz. Extracting by manifest.
2495 silly tarball no local data for @react-pdf/fns@https://registry.npmjs.org/@react-pdf/fns/-/fns-3.1.2.tgz. Extracting by manifest.
2496 silly tarball no local data for @react-pdf/font@https://registry.npmjs.org/@react-pdf/font/-/font-4.0.3.tgz. Extracting by manifest.
2497 silly tarball no local data for ansi-regex@https://registry.npmjs.org/ansi-regex/-/ansi-regex-6.2.2.tgz. Extracting by manifest.
2498 silly tarball no local data for strip-ansi@https://registry.npmjs.org/strip-ansi/-/strip-ansi-7.1.2.tgz. Extracting by manifest.
2499 silly tarball no local data for tough-cookie@https://registry.npmjs.org/tough-cookie/-/tough-cookie-4.1.4.tgz. Extracting by manifest.
2500 silly tarball no local data for universalify@https://registry.npmjs.org/universalify/-/universalify-0.2.0.tgz. Extracting by manifest.
2501 silly tarball no local data for uuid@https://registry.npmjs.org/uuid/-/uuid-8.3.2.tgz. Extracting by manifest.
2502 silly tarball no local data for form-data@https://registry.npmjs.org/form-data/-/form-data-4.0.4.tgz. Extracting by manifest.
2503 silly tarball no local data for fast-xml-parser@https://registry.npmjs.org/fast-xml-parser/-/fast-xml-parser-5.2.5.tgz. Extracting by manifest.
2504 silly tarball no local data for strnum@https://registry.npmjs.org/strnum/-/strnum-2.1.1.tgz. Extracting by manifest.
2505 silly tarball no local data for @smithy/util-utf8@https://registry.npmjs.org/@smithy/util-utf8/-/util-utf8-2.3.0.tgz. Extracting by manifest.
2506 silly tarball no local data for @smithy/util-buffer-from@https://registry.npmjs.org/@smithy/util-buffer-from/-/util-buffer-from-2.2.0.tgz. Extracting by manifest.
2507 silly tarball no local data for @smithy/util-utf8@https://registry.npmjs.org/@smithy/util-utf8/-/util-utf8-2.3.0.tgz. Extracting by manifest.
2508 silly tarball no local data for @smithy/is-array-buffer@https://registry.npmjs.org/@smithy/is-array-buffer/-/is-array-buffer-2.2.0.tgz. Extracting by manifest.
2509 silly tarball no local data for @smithy/is-array-buffer@https://registry.npmjs.org/@smithy/is-array-buffer/-/is-array-buffer-2.2.0.tgz. Extracting by manifest.
2510 silly tarball no local data for @smithy/util-buffer-from@https://registry.npmjs.org/@smithy/util-buffer-from/-/util-buffer-from-2.2.0.tgz. Extracting by manifest.
2511 silly tarball no local data for @smithy/util-buffer-from@https://registry.npmjs.org/@smithy/util-buffer-from/-/util-buffer-from-2.2.0.tgz. Extracting by manifest.
2512 silly tarball no local data for @smithy/is-array-buffer@https://registry.npmjs.org/@smithy/is-array-buffer/-/is-array-buffer-2.2.0.tgz. Extracting by manifest.
2513 silly tarball no local data for @smithy/util-utf8@https://registry.npmjs.org/@smithy/util-utf8/-/util-utf8-2.3.0.tgz. Extracting by manifest.
2514 silly tarball no local data for @swc/helpers@https://registry.npmjs.org/@swc/helpers/-/helpers-0.5.5.tgz. Extracting by manifest.
2515 silly tarball no local data for postcss@https://registry.npmjs.org/postcss/-/postcss-8.4.31.tgz. Extracting by manifest.
2516 silly tarball no local data for glob-parent@https://registry.npmjs.org/glob-parent/-/glob-parent-5.1.2.tgz. Extracting by manifest.
2517 silly tarball no local data for nanoid@https://registry.npmjs.org/nanoid/-/nanoid-3.3.11.tgz. Extracting by manifest.
2518 silly tarball no local data for semver@https://registry.npmjs.org/semver/-/semver-6.3.1.tgz. Extracting by manifest.
2519 silly tarball no local data for resolve@https://registry.npmjs.org/resolve/-/resolve-2.0.0-next.5.tgz. Extracting by manifest.
2520 silly tarball no local data for debug@https://registry.npmjs.org/debug/-/debug-3.2.7.tgz. Extracting by manifest.
2521 silly tarball no local data for doctrine@https://registry.npmjs.org/doctrine/-/doctrine-2.1.0.tgz. Extracting by manifest.
2522 silly tarball no local data for emoji-regex@https://registry.npmjs.org/emoji-regex/-/emoji-regex-9.2.2.tgz. Extracting by manifest.
2523 silly tarball no local data for doctrine@https://registry.npmjs.org/doctrine/-/doctrine-2.1.0.tgz. Extracting by manifest.
2524 silly tarball no local data for semver@https://registry.npmjs.org/semver/-/semver-6.3.1.tgz. Extracting by manifest.
2525 silly tarball no local data for debug@https://registry.npmjs.org/debug/-/debug-3.2.7.tgz. Extracting by manifest.
2526 silly tarball no local data for debug@https://registry.npmjs.org/debug/-/debug-3.2.7.tgz. Extracting by manifest.
2527 silly tarball no local data for emoji-regex@https://registry.npmjs.org/emoji-regex/-/emoji-regex-8.0.0.tgz. Extracting by manifest.
2528 silly tarball no local data for glob-parent@https://registry.npmjs.org/glob-parent/-/glob-parent-5.1.2.tgz. Extracting by manifest.
2529 silly tarball no local data for form-data@https://registry.npmjs.org/form-data/-/form-data-4.0.4.tgz. Extracting by manifest.
2530 silly tarball no local data for ajv@https://registry.npmjs.org/ajv/-/ajv-8.17.1.tgz. Extracting by manifest.
2531 silly tarball no local data for json-schema-traverse@https://registry.npmjs.org/json-schema-traverse/-/json-schema-traverse-1.0.0.tgz. Extracting by manifest.
2532 warn deprecated rimraf@3.0.2: Rimraf versions prior to v4 are no longer supported
2533 http fetch POST 200 https://registry.npmjs.org/-/npm/v1/security/advisories/bulk 5515ms
2534 silly audit report {
2534 silly audit report   'tough-cookie': [
2534 silly audit report     {
2534 silly audit report       id: 1097682,
2534 silly audit report       url: 'https://github.com/advisories/GHSA-72xf-g2v4-qvf3',
2534 silly audit report       title: 'tough-cookie Prototype Pollution vulnerability',
2534 silly audit report       severity: 'moderate',
2534 silly audit report       vulnerable_versions: '<4.1.3',
2534 silly audit report       cwe: [Array],
2534 silly audit report       cvss: [Object]
2534 silly audit report     }
2534 silly audit report   ],
2534 silly audit report   'form-data': [
2534 silly audit report     {
2534 silly audit report       id: 1109540,
2534 silly audit report       url: 'https://github.com/advisories/GHSA-fjxv-7rqg-78g4',
2534 silly audit report       title: 'form-data uses unsafe random function in form-data for choosing boundary',
2534 silly audit report       severity: 'critical',
2534 silly audit report       vulnerable_versions: '<2.5.4',
2534 silly audit report       cwe: [Array],
2534 silly audit report       cvss: [Object]
2534 silly audit report     }
2534 silly audit report   ],
2534 silly audit report   glob: [
2534 silly audit report     {
2534 silly audit report       id: 1109842,
2534 silly audit report       url: 'https://github.com/advisories/GHSA-5j98-mcp5-4vw2',
2534 silly audit report       title: 'glob CLI: Command injection via -c/--cmd executes matches with shell:true',
2534 silly audit report       severity: 'high',
2534 silly audit report       vulnerable_versions: '>=10.2.0 <10.5.0',
2534 silly audit report       cwe: [Array],
2534 silly audit report       cvss: [Object]
2534 silly audit report     }
2534 silly audit report   ],
2534 silly audit report   'js-yaml': [
2534 silly audit report     {
2534 silly audit report       id: 1109802,
2534 silly audit report       url: 'https://github.com/advisories/GHSA-mh29-5h37-fv8m',
2534 silly audit report       title: 'js-yaml has prototype pollution in merge (<<)',
2534 silly audit report       severity: 'moderate',
2534 silly audit report       vulnerable_versions: '>=4.0.0 <4.1.1',
2534 silly audit report       cwe: [Array],
2534 silly audit report       cvss: [Object]
2534 silly audit report     }
2534 silly audit report   ],
2534 silly audit report   'mdast-util-to-hast': [
2534 silly audit report     {
2534 silly audit report       id: 1111093,
2534 silly audit report       url: 'https://github.com/advisories/GHSA-4fh9-h7wg-q85m',
2534 silly audit report       title: 'mdast-util-to-hast has unsanitized class attribute',
2534 silly audit report       severity: 'moderate',
2534 silly audit report       vulnerable_versions: '>=13.0.0 <13.2.1',
2534 silly audit report       cwe: [Array],
2534 silly audit report       cvss: [Object]
2534 silly audit report     }
2534 silly audit report   ],
2534 silly audit report   qs: [
2534 silly audit report     {
2534 silly audit report       id: 1111755,
2534 silly audit report       url: 'https://github.com/advisories/GHSA-6rw7-vpxm-498p',
2534 silly audit report       title: "qs's arrayLimit bypass in its bracket notation allows DoS via memory exhaustion",
2534 silly audit report       severity: 'high',
2534 silly audit report       vulnerable_versions: '<6.14.1',
2534 silly audit report       cwe: [Array],
2534 silly audit report       cvss: [Object]
2534 silly audit report     }
2534 silly audit report   ],
2534 silly audit report   request: [
2534 silly audit report     {
2534 silly audit report       id: 1096727,
2534 silly audit report       url: 'https://github.com/advisories/GHSA-p8p7-x288-28g6',
2534 silly audit report       title: 'Server-Side Request Forgery in Request',
2534 silly audit report       severity: 'moderate',
2534 silly audit report       vulnerable_versions: '<=2.88.2',
2534 silly audit report       cwe: [Array],
2534 silly audit report       cvss: [Object]
2534 silly audit report     }
2534 silly audit report   ],
2534 silly audit report   xlsx: [
2534 silly audit report     {
2534 silly audit report       id: 1108110,
2534 silly audit report       url: 'https://github.com/advisories/GHSA-4r6h-8v6p-xvw6',
2534 silly audit report       title: 'Prototype Pollution in sheetJS',
2534 silly audit report       severity: 'high',
2534 silly audit report       vulnerable_versions: '<0.19.3',
2534 silly audit report       cwe: [Array],
2534 silly audit report       cvss: [Object]
2534 silly audit report     },
2534 silly audit report     {
2534 silly audit report       id: 1108111,
2534 silly audit report       url: 'https://github.com/advisories/GHSA-5pgg-2g8v-p4x9',
2534 silly audit report       title: 'SheetJS Regular Expression Denial of Service (ReDoS)',
2534 silly audit report       severity: 'high',
2534 silly audit report       vulnerable_versions: '<0.20.2',
2534 silly audit report       cwe: [Array],
2534 silly audit report       cvss: [Object]
2534 silly audit report     }
2534 silly audit report   ]
2534 silly audit report }
2535 silly packumentCache corgi:https://registry.npmjs.org/tough-cookie cache-miss
2536 silly packumentCache corgi:https://registry.npmjs.org/form-data cache-miss
2537 silly packumentCache corgi:https://registry.npmjs.org/glob cache-miss
2538 silly packumentCache corgi:https://registry.npmjs.org/js-yaml cache-miss
2539 silly packumentCache corgi:https://registry.npmjs.org/mdast-util-to-hast cache-miss
2540 silly packumentCache corgi:https://registry.npmjs.org/qs cache-miss
2541 silly packumentCache corgi:https://registry.npmjs.org/request cache-miss
2542 silly packumentCache corgi:https://registry.npmjs.org/xlsx cache-miss
2543 http fetch GET 200 https://registry.npmjs.org/@xtuc/ieee754/-/ieee754-1.2.0.tgz 5462ms (cache miss)
2544 http fetch GET 200 https://registry.npmjs.org/@webassemblyjs/wasm-opt/-/wasm-opt-1.14.1.tgz 5476ms (cache miss)
2545 http fetch GET 200 https://registry.npmjs.org/@webassemblyjs/helper-wasm-section/-/helper-wasm-section-1.14.1.tgz 5705ms (cache miss)
2546 http fetch GET 200 https://registry.npmjs.org/@xtuc/long/-/long-4.2.2.tgz 5731ms (cache miss)
2547 http fetch GET 200 https://registry.npmjs.org/@webassemblyjs/wasm-edit/-/wasm-edit-1.14.1.tgz 5772ms (cache miss)
2548 http fetch GET 200 https://registry.npmjs.org/@yarnpkg/lockfile/-/lockfile-1.1.0.tgz 5987ms (cache miss)
2549 http fetch GET 200 https://registry.npmjs.org/@webassemblyjs/wasm-gen/-/wasm-gen-1.14.1.tgz 6109ms (cache miss)
2550 http fetch GET 200 https://registry.npmjs.org/@webassemblyjs/wasm-parser/-/wasm-parser-1.14.1.tgz 6151ms (cache miss)
2551 http fetch GET 200 https://registry.npmjs.org/@webassemblyjs/ieee754/-/ieee754-1.13.2.tgz 6147ms (cache miss)
2552 http fetch GET 200 https://registry.npmjs.org/@webassemblyjs/helper-wasm-bytecode/-/helper-wasm-bytecode-1.13.2.tgz 6146ms (cache miss)
2553 http fetch GET 200 https://registry.npmjs.org/@webassemblyjs/helper-numbers/-/helper-numbers-1.13.2.tgz 6367ms (cache miss)
2554 http fetch GET 200 https://registry.npmjs.org/@webassemblyjs/wast-printer/-/wast-printer-1.14.1.tgz 6380ms (cache miss)
2555 http fetch GET 200 https://registry.npmjs.org/@webassemblyjs/helper-buffer/-/helper-buffer-1.14.1.tgz 6403ms (cache miss)
2556 http fetch GET 200 https://registry.npmjs.org/@webassemblyjs/floating-point-hex-parser/-/floating-point-hex-parser-1.13.2.tgz 6402ms (cache miss)
2557 http fetch GET 200 https://registry.npmjs.org/@webassemblyjs/utf8/-/utf8-1.13.2.tgz 6415ms (cache miss)
2558 http fetch GET 200 https://registry.npmjs.org/@webassemblyjs/leb128/-/leb128-1.13.2.tgz 6430ms (cache miss)
2559 http fetch GET 200 https://registry.npmjs.org/@webassemblyjs/helper-api-error/-/helper-api-error-1.13.2.tgz 6610ms (cache miss)
2560 http fetch GET 200 https://registry.npmjs.org/@ungap/structured-clone/-/structured-clone-1.3.0.tgz 6664ms (cache miss)
2561 http fetch GET 200 https://registry.npmjs.org/@webassemblyjs/ast/-/ast-1.14.1.tgz 6982ms (cache miss)
2562 http fetch GET 200 https://registry.npmjs.org/@typescript-eslint/visitor-keys/-/visitor-keys-7.2.0.tgz 7422ms (cache miss)
2563 http fetch GET 200 https://registry.npmjs.org/@typescript-eslint/parser/-/parser-7.2.0.tgz 7456ms (cache miss)
2564 http fetch GET 200 https://registry.npmjs.org/@types/uuid/-/uuid-10.0.0.tgz 7749ms (cache miss)
2565 http fetch GET 200 https://registry.npmjs.org/@types/tough-cookie/-/tough-cookie-4.0.5.tgz 7737ms (cache miss)
2566 http fetch GET 200 https://registry.npmjs.org/@types/prop-types/-/prop-types-15.7.15.tgz 7721ms (cache miss)
2567 http fetch GET 200 https://registry.npmjs.org/@types/unist/-/unist-3.0.3.tgz 7779ms (cache miss)
2568 http fetch GET 200 https://registry.npmjs.org/@typescript-eslint/types/-/types-7.2.0.tgz 7784ms (cache miss)
2569 http fetch GET 200 https://registry.npmjs.org/@types/request/-/request-2.48.13.tgz 7892ms (cache miss)
2570 http fetch GET 200 https://registry.npmjs.org/@types/react-pdf/-/react-pdf-7.0.0.tgz 7909ms (cache miss)
2571 warn deprecated @types/react-pdf@7.0.0: This is a stub types definition. react-pdf provides its own type definitions, so you do not need this installed.
2572 http fetch GET 200 https://registry.npmjs.org/@types/node-telegram-bot-api/-/node-telegram-bot-api-0.64.11.tgz 8021ms (cache miss)
2573 http fetch GET 200 https://registry.npmjs.org/@types/ms/-/ms-2.1.0.tgz 8370ms (cache miss)
2574 http fetch GET 200 https://registry.npmjs.org/@types/react-dom/-/react-dom-18.3.7.tgz 8671ms (cache miss)
2575 http fetch GET 200 https://registry.npmjs.org/@types/json5/-/json5-0.0.29.tgz 9006ms (cache miss)
2576 http fetch GET 200 https://registry.npmjs.org/@types/hast/-/hast-3.0.4.tgz 9005ms (cache miss)
2577 http fetch GET 200 https://registry.npmjs.org/@types/mdast/-/mdast-4.0.4.tgz 9013ms (cache miss)
2578 http fetch GET 200 https://registry.npmjs.org/@types/json-schema/-/json-schema-7.0.15.tgz 9016ms (cache miss)
2579 http fetch GET 200 https://registry.npmjs.org/@typescript-eslint/scope-manager/-/scope-manager-7.2.0.tgz 9434ms (cache miss)
2580 http fetch GET 200 https://registry.npmjs.org/@typescript-eslint/typescript-estree/-/typescript-estree-7.2.0.tgz 9511ms (cache miss)
2581 http fetch GET 200 https://registry.npmjs.org/@types/file-saver/-/file-saver-2.0.7.tgz 9474ms (cache miss)
2582 http fetch GET 200 https://registry.npmjs.org/@types/estree-jsx/-/estree-jsx-1.0.5.tgz 9466ms (cache miss)
2583 http fetch GET 200 https://registry.npmjs.org/@types/estree/-/estree-1.0.8.tgz 9462ms (cache miss)
2584 http fetch GET 200 https://registry.npmjs.org/@types/react/-/react-18.3.26.tgz 9944ms (cache miss)
2585 http fetch GET 200 https://registry.npmjs.org/@types/eslint/-/eslint-9.6.1.tgz 10177ms (cache miss)
2586 http fetch GET 200 https://registry.npmjs.org/@types/eslint-scope/-/eslint-scope-3.7.7.tgz 10226ms (cache miss)
2587 http fetch GET 200 https://registry.npmjs.org/@types/d3-timer/-/d3-timer-3.0.2.tgz 10224ms (cache miss)
2588 http fetch GET 200 https://registry.npmjs.org/@types/debug/-/debug-4.1.12.tgz 10248ms (cache miss)
2589 http fetch GET 200 https://registry.npmjs.org/@types/d3-time/-/d3-time-3.0.4.tgz 10314ms (cache miss)
2590 http fetch GET 200 https://registry.npmjs.org/@types/d3-scale/-/d3-scale-4.0.9.tgz 10517ms (cache miss)
2591 http fetch GET 200 https://registry.npmjs.org/@types/d3-path/-/d3-path-3.1.1.tgz 10547ms (cache miss)
2592 http fetch GET 200 https://registry.npmjs.org/@types/d3-ease/-/d3-ease-3.0.2.tgz 10578ms (cache miss)
2593 http fetch GET 200 https://registry.npmjs.org/@types/d3-color/-/d3-color-3.1.3.tgz 10578ms (cache miss)
2594 http fetch GET 200 https://registry.npmjs.org/@types/d3-interpolate/-/d3-interpolate-3.0.4.tgz 10669ms (cache miss)
2595 http fetch GET 200 https://registry.npmjs.org/@types/d3-shape/-/d3-shape-3.1.7.tgz 10877ms (cache miss)
2596 http fetch GET 200 https://registry.npmjs.org/@types/lodash/-/lodash-4.17.20.tgz 10935ms (cache miss)
2597 http fetch GET 200 https://registry.npmjs.org/@types/caseless/-/caseless-0.12.5.tgz 10952ms (cache miss)
2598 http fetch GET 200 https://registry.npmjs.org/@telegram-apps/types/-/types-2.0.3.tgz 11444ms (cache miss)
2599 warn deprecated @telegram-apps/types@2.0.3: This package is not supported anymore. Use @tma.js/types instead
2600 http fetch GET 200 https://registry.npmjs.org/@telegram-apps/toolkit/-/toolkit-2.1.3.tgz 11575ms (cache miss)
2601 http fetch GET 200 https://registry.npmjs.org/@telegram-apps/init-data-node/-/init-data-node-2.0.10.tgz 11620ms (cache miss)
2602 warn deprecated @telegram-apps/init-data-node@2.0.10: This package is not supported anymore. Use @tma.js/init-data-node instead
2603 http fetch GET 200 https://registry.npmjs.org/@types/d3-array/-/d3-array-3.2.2.tgz 11673ms (cache miss)
2604 http fetch GET 200 https://registry.npmjs.org/@swc/counter/-/counter-0.1.3.tgz 12007ms (cache miss)
2605 http fetch GET 200 https://registry.npmjs.org/@smithy/util-uri-escape/-/util-uri-escape-4.2.0.tgz 12064ms (cache miss)
2606 http fetch GET 200 https://registry.npmjs.org/@tailwindcss/typography/-/typography-0.5.19.tgz 12161ms (cache miss)
2607 http fetch GET 200 https://registry.npmjs.org/@smithy/uuid/-/uuid-1.1.0.tgz 12446ms (cache miss)
2608 http fetch GET 200 https://registry.npmjs.org/@telegram-apps/transformers/-/transformers-2.2.6.tgz 12554ms (cache miss)
2609 warn deprecated @telegram-apps/transformers@2.2.6: This package is not supported anymore. Use @tma.js/transfomers instead
2610 http fetch GET 200 https://registry.npmjs.org/@smithy/util-waiter/-/util-waiter-4.2.4.tgz 12810ms (cache miss)
2611 http fetch GET 200 https://registry.npmjs.org/@smithy/util-defaults-mode-browser/-/util-defaults-mode-browser-4.3.5.tgz 12824ms (cache miss)
2612 http fetch GET 200 https://registry.npmjs.org/@smithy/util-hex-encoding/-/util-hex-encoding-4.2.0.tgz 13075ms (cache miss)
2613 http fetch GET 200 https://registry.npmjs.org/@swc/helpers/-/helpers-0.5.17.tgz 13195ms (cache miss)
2614 http fetch GET 200 https://registry.npmjs.org/@tanstack/react-query/-/react-query-5.90.5.tgz 13200ms (cache miss)
2615 http fetch GET 200 https://registry.npmjs.org/@smithy/util-stream/-/util-stream-4.5.5.tgz 13195ms (cache miss)
2616 http fetch GET 200 https://registry.npmjs.org/@smithy/util-middleware/-/util-middleware-4.2.4.tgz 13390ms (cache miss)
2617 http fetch GET 200 https://registry.npmjs.org/@smithy/util-defaults-mode-node/-/util-defaults-mode-node-4.2.8.tgz 13391ms (cache miss)
2618 http fetch GET 200 https://registry.npmjs.org/@smithy/util-buffer-from/-/util-buffer-from-4.2.0.tgz 13756ms (cache miss)
2619 http fetch GET 200 https://registry.npmjs.org/@smithy/util-config-provider/-/util-config-provider-4.2.0.tgz 13858ms (cache miss)
2620 http fetch GET 200 https://registry.npmjs.org/@smithy/util-retry/-/util-retry-4.2.4.tgz 13915ms (cache miss)
2621 http fetch GET 200 https://registry.npmjs.org/@smithy/util-body-length-node/-/util-body-length-node-4.2.1.tgz 14071ms (cache miss)
2622 http fetch GET 200 https://registry.npmjs.org/@smithy/querystring-parser/-/querystring-parser-4.2.4.tgz 14285ms (cache miss)
2623 http fetch GET 200 https://registry.npmjs.org/@smithy/util-body-length-browser/-/util-body-length-browser-4.2.0.tgz 14292ms (cache miss)
2624 http fetch GET 200 https://registry.npmjs.org/@smithy/util-endpoints/-/util-endpoints-3.2.4.tgz 14297ms (cache miss)
2625 http fetch GET 200 https://registry.npmjs.org/@smithy/url-parser/-/url-parser-4.2.4.tgz 14370ms (cache miss)
2626 http fetch GET 200 https://registry.npmjs.org/@smithy/util-base64/-/util-base64-4.3.0.tgz 14508ms (cache miss)
2627 http fetch GET 200 https://registry.npmjs.org/@types/node/-/node-20.19.23.tgz 14643ms (cache miss)
2628 http fetch GET 200 https://registry.npmjs.org/@smithy/types/-/types-4.8.1.tgz 15108ms (cache miss)
2629 http fetch GET 200 https://registry.npmjs.org/@smithy/signature-v4/-/signature-v4-5.3.4.tgz 15227ms (cache miss)
2630 http fetch GET 200 https://registry.npmjs.org/@smithy/smithy-client/-/smithy-client-4.9.2.tgz 15234ms (cache miss)
2631 http fetch GET 200 https://registry.npmjs.org/@smithy/service-error-classification/-/service-error-classification-4.2.4.tgz 15245ms (cache miss)
2632 http fetch GET 200 https://registry.npmjs.org/@smithy/node-http-handler/-/node-http-handler-4.4.4.tgz 15486ms (cache miss)
2633 http fetch GET 200 https://registry.npmjs.org/@smithy/querystring-builder/-/querystring-builder-4.2.4.tgz 15532ms (cache miss)
2634 http fetch GET 200 https://registry.npmjs.org/@smithy/node-config-provider/-/node-config-provider-4.3.4.tgz 15593ms (cache miss)
2635 http fetch GET 200 https://registry.npmjs.org/@smithy/protocol-http/-/protocol-http-5.3.4.tgz 15599ms (cache miss)
2636 http fetch GET 200 https://registry.npmjs.org/@smithy/shared-ini-file-loader/-/shared-ini-file-loader-4.3.4.tgz 15638ms (cache miss)
2637 http fetch GET 200 https://registry.npmjs.org/@smithy/middleware-serde/-/middleware-serde-4.2.4.tgz 15716ms (cache miss)
2638 http fetch GET 200 https://registry.npmjs.org/@smithy/property-provider/-/property-provider-4.2.4.tgz 15852ms (cache miss)
2639 http fetch GET 200 https://registry.npmjs.org/@tanstack/query-core/-/query-core-5.90.5.tgz 16093ms (cache miss)
2640 http fetch GET 200 https://registry.npmjs.org/@smithy/middleware-stack/-/middleware-stack-4.2.4.tgz 16116ms (cache miss)
2641 http fetch GET 200 https://registry.npmjs.org/@smithy/middleware-retry/-/middleware-retry-4.4.6.tgz 16150ms (cache miss)
2642 http fetch GET 200 https://registry.npmjs.org/@smithy/middleware-endpoint/-/middleware-endpoint-4.3.6.tgz 16156ms (cache miss)
2643 http fetch GET 200 https://registry.npmjs.org/@smithy/middleware-content-length/-/middleware-content-length-4.2.4.tgz 16220ms (cache miss)
2644 http fetch GET 200 https://registry.npmjs.org/@unrs/resolver-binding-darwin-x64/-/resolver-binding-darwin-x64-1.11.1.tgz 16439ms (cache miss)
2645 http fetch GET 200 https://registry.npmjs.org/@smithy/is-array-buffer/-/is-array-buffer-4.2.0.tgz 16593ms (cache miss)
2646 http fetch GET 200 https://registry.npmjs.org/@smithy/invalid-dependency/-/invalid-dependency-4.2.4.tgz 16620ms (cache miss)
2647 http fetch GET 200 https://registry.npmjs.org/@smithy/md5-js/-/md5-js-4.2.4.tgz 16631ms (cache miss)
2648 http fetch GET 200 https://registry.npmjs.org/@smithy/hash-node/-/hash-node-4.2.4.tgz 16835ms (cache miss)
2649 http fetch GET 200 https://registry.npmjs.org/@smithy/hash-blob-browser/-/hash-blob-browser-4.2.5.tgz 16836ms (cache miss)
2650 http fetch GET 200 https://registry.npmjs.org/@smithy/hash-stream-node/-/hash-stream-node-4.2.4.tgz 16892ms (cache miss)
2651 http fetch GET 200 https://registry.npmjs.org/@smithy/eventstream-serde-browser/-/eventstream-serde-browser-4.2.4.tgz 17116ms (cache miss)
2652 http fetch GET 200 https://registry.npmjs.org/@smithy/eventstream-serde-universal/-/eventstream-serde-universal-4.2.4.tgz 17232ms (cache miss)
2653 http fetch GET 200 https://registry.npmjs.org/@smithy/fetch-http-handler/-/fetch-http-handler-5.3.5.tgz 17242ms (cache miss)
2654 http fetch GET 200 https://registry.npmjs.org/@smithy/eventstream-serde-config-resolver/-/eventstream-serde-config-resolver-4.3.4.tgz 17346ms (cache miss)
2655 http fetch GET 200 https://registry.npmjs.org/@smithy/eventstream-serde-node/-/eventstream-serde-node-4.2.4.tgz 17383ms (cache miss)
2656 http fetch GET 200 https://registry.npmjs.org/@smithy/eventstream-codec/-/eventstream-codec-4.2.4.tgz 17540ms (cache miss)
2657 http fetch GET 200 https://registry.npmjs.org/@smithy/credential-provider-imds/-/credential-provider-imds-4.2.4.tgz 17671ms (cache miss)
2658 http fetch GET 200 https://registry.npmjs.org/@smithy/chunked-blob-reader-native/-/chunked-blob-reader-native-4.2.1.tgz 18051ms (cache miss)
2659 http fetch GET 200 https://registry.npmjs.org/@smithy/abort-controller/-/abort-controller-4.2.4.tgz 18070ms (cache miss)
2660 http fetch GET 200 https://registry.npmjs.org/@rtsao/scc/-/scc-1.1.0.tgz 18148ms (cache miss)
2661 http fetch GET 200 https://registry.npmjs.org/@smithy/chunked-blob-reader/-/chunked-blob-reader-5.2.0.tgz 18152ms (cache miss)
2662 http fetch GET 200 https://registry.npmjs.org/@react-pdf/types/-/types-2.9.1.tgz 18173ms (cache miss)
2663 http fetch GET 200 https://registry.npmjs.org/@react-pdf/stylesheet/-/stylesheet-4.3.0.tgz 18239ms (cache miss)
2664 http fetch GET 200 https://registry.npmjs.org/@smithy/core/-/core-3.17.2.tgz 18374ms (cache miss)
2665 http fetch GET 200 https://registry.npmjs.org/@react-pdf/primitives/-/primitives-3.1.1.tgz 18529ms (cache miss)
2666 http fetch GET 200 https://registry.npmjs.org/@react-pdf/textkit/-/textkit-4.4.1.tgz 18633ms (cache miss)
2667 http fetch GET 200 https://registry.npmjs.org/@react-pdf/render/-/render-3.5.0.tgz 18715ms (cache miss)
2668 http fetch GET 200 https://registry.npmjs.org/@smithy/config-resolver/-/config-resolver-4.4.2.tgz 18910ms (cache miss)
2669 http fetch GET 200 https://registry.npmjs.org/@radix-ui/rect/-/rect-1.1.1.tgz 19051ms (cache miss)
2670 http fetch GET 200 https://registry.npmjs.org/@react-pdf/fns/-/fns-2.2.1.tgz 19050ms (cache miss)
2671 http fetch GET 200 https://registry.npmjs.org/@react-pdf/image/-/image-2.3.6.tgz 19327ms (cache miss)
2672 http fetch GET 200 https://registry.npmjs.org/@radix-ui/react-use-size/-/react-use-size-1.1.1.tgz 19393ms (cache miss)
2673 http fetch GET 200 https://registry.npmjs.org/@react-pdf/font/-/font-2.5.2.tgz 19485ms (cache miss)
2674 http fetch GET 200 https://registry.npmjs.org/@react-pdf/layout/-/layout-3.13.0.tgz 19493ms (cache miss)
2675 http fetch GET 200 https://registry.npmjs.org/@radix-ui/react-visually-hidden/-/react-visually-hidden-1.2.3.tgz 19505ms (cache miss)
2676 http fetch GET 200 https://registry.npmjs.org/@radix-ui/react-use-previous/-/react-use-previous-1.1.1.tgz 19583ms (cache miss)
2677 http fetch GET 200 https://registry.npmjs.org/@smithy/util-utf8/-/util-utf8-4.2.0.tgz 19593ms (cache miss)
2678 http fetch GET 200 https://registry.npmjs.org/@radix-ui/react-use-rect/-/react-use-rect-1.1.1.tgz 19763ms (cache miss)
2679 http fetch GET 200 https://registry.npmjs.org/@radix-ui/react-use-is-hydrated/-/react-use-is-hydrated-0.1.0.tgz 19988ms (cache miss)
2680 http fetch GET 200 https://registry.npmjs.org/@radix-ui/react-use-effect-event/-/react-use-effect-event-0.0.2.tgz 19988ms (cache miss)
2681 http fetch GET 200 https://registry.npmjs.org/@radix-ui/react-use-layout-effect/-/react-use-layout-effect-1.1.1.tgz 20176ms (cache miss)
2682 http fetch GET 200 https://registry.npmjs.org/@radix-ui/react-use-callback-ref/-/react-use-callback-ref-1.1.1.tgz 20651ms (cache miss)
2683 http fetch GET 200 https://registry.npmjs.org/@radix-ui/react-use-controllable-state/-/react-use-controllable-state-1.2.2.tgz 20686ms (cache miss)
2684 http fetch GET 200 https://registry.npmjs.org/@radix-ui/react-switch/-/react-switch-1.2.6.tgz 20727ms (cache miss)
2685 http fetch GET 200 https://registry.npmjs.org/@radix-ui/react-tabs/-/react-tabs-1.1.13.tgz 20817ms (cache miss)
2686 http fetch GET 200 https://registry.npmjs.org/@react-pdf/png-js/-/png-js-2.3.1.tgz 20890ms (cache miss)
2687 http fetch GET 200 https://registry.npmjs.org/@radix-ui/react-tooltip/-/react-tooltip-1.2.8.tgz 21054ms (cache miss)
2688 http fetch GET 200 https://registry.npmjs.org/@radix-ui/react-toast/-/react-toast-1.2.15.tgz 21242ms (cache miss)
2689 http fetch GET 200 https://registry.npmjs.org/@radix-ui/react-slot/-/react-slot-1.2.3.tgz 21293ms (cache miss)
2690 http fetch GET 200 https://registry.npmjs.org/@radix-ui/react-separator/-/react-separator-1.1.7.tgz 21452ms (cache miss)
2691 http fetch GET 200 https://registry.npmjs.org/@rushstack/eslint-patch/-/eslint-patch-1.14.0.tgz 21553ms (cache miss)
2692 http fetch GET 200 https://registry.npmjs.org/@radix-ui/react-slider/-/react-slider-1.3.6.tgz 21615ms (cache miss)
2693 http fetch GET 200 https://registry.npmjs.org/@radix-ui/react-primitive/-/react-primitive-2.1.3.tgz 21716ms (cache miss)
2694 http fetch GET 200 https://registry.npmjs.org/@radix-ui/react-roving-focus/-/react-roving-focus-1.1.11.tgz 21790ms (cache miss)
2695 http fetch GET 200 https://registry.npmjs.org/@radix-ui/react-progress/-/react-progress-1.1.7.tgz 21862ms (cache miss)
2696 http fetch GET 200 https://registry.npmjs.org/@radix-ui/react-radio-group/-/react-radio-group-1.3.8.tgz 21893ms (cache miss)
2697 http fetch GET 200 https://registry.npmjs.org/@radix-ui/react-select/-/react-select-2.2.6.tgz 22039ms (cache miss)
2698 http fetch GET 200 https://registry.npmjs.org/@radix-ui/react-scroll-area/-/react-scroll-area-1.2.10.tgz 22163ms (cache miss)
2699 http fetch GET 200 https://registry.npmjs.org/@radix-ui/react-portal/-/react-portal-1.1.9.tgz 22321ms (cache miss)
2700 http fetch GET 200 https://registry.npmjs.org/@radix-ui/react-popper/-/react-popper-1.2.8.tgz 22521ms (cache miss)
2701 http fetch GET 200 https://registry.npmjs.org/@radix-ui/react-presence/-/react-presence-1.1.5.tgz 22527ms (cache miss)
2702 http fetch GET 200 https://registry.npmjs.org/@radix-ui/react-popover/-/react-popover-1.1.15.tgz 22832ms (cache miss)
2703 http fetch GET 200 https://registry.npmjs.org/@radix-ui/react-label/-/react-label-2.1.7.tgz 22937ms (cache miss)
2704 http fetch GET 200 https://registry.npmjs.org/@radix-ui/react-focus-guards/-/react-focus-guards-1.1.3.tgz 22994ms (cache miss)
2705 http fetch GET 200 https://registry.npmjs.org/@radix-ui/react-menubar/-/react-menubar-1.1.16.tgz 23144ms (cache miss)
2706 http fetch GET 200 https://registry.npmjs.org/@radix-ui/react-menu/-/react-menu-2.1.16.tgz 23374ms (cache miss)
2707 http fetch GET 200 https://registry.npmjs.org/@radix-ui/react-id/-/react-id-1.1.1.tgz 23393ms (cache miss)
2708 http fetch GET 200 https://registry.npmjs.org/@radix-ui/react-focus-scope/-/react-focus-scope-1.1.7.tgz 23482ms (cache miss)
2709 http fetch GET 200 https://registry.npmjs.org/@radix-ui/react-dismissable-layer/-/react-dismissable-layer-1.1.11.tgz 23480ms (cache miss)
2710 http fetch GET 200 https://registry.npmjs.org/@radix-ui/react-dropdown-menu/-/react-dropdown-menu-2.1.16.tgz 23519ms (cache miss)
2711 http fetch GET 200 https://registry.npmjs.org/@radix-ui/react-direction/-/react-direction-1.1.1.tgz 23652ms (cache miss)
2712 http fetch GET 200 https://registry.npmjs.org/@radix-ui/react-context/-/react-context-1.1.2.tgz 23674ms (cache miss)
2713 http fetch GET 200 https://registry.npmjs.org/@radix-ui/react-collection/-/react-collection-1.1.7.tgz 23864ms (cache miss)
2714 http fetch GET 200 https://registry.npmjs.org/@react-pdf/renderer/-/renderer-3.4.5.tgz 23927ms (cache miss)
2715 http fetch GET 200 https://registry.npmjs.org/@radix-ui/react-dialog/-/react-dialog-1.1.15.tgz 24040ms (cache miss)
2716 http fetch GET 200 https://registry.npmjs.org/@radix-ui/react-collapsible/-/react-collapsible-1.1.12.tgz 24146ms (cache miss)
2717 http fetch GET 200 https://registry.npmjs.org/@radix-ui/primitive/-/primitive-1.1.3.tgz 24589ms (cache miss)
2718 http fetch GET 200 https://registry.npmjs.org/@radix-ui/react-arrow/-/react-arrow-1.1.7.tgz 24590ms (cache miss)
2719 http fetch GET 200 https://registry.npmjs.org/@radix-ui/react-avatar/-/react-avatar-1.1.10.tgz 24606ms (cache miss)
2720 http fetch GET 200 https://registry.npmjs.org/@radix-ui/react-compose-refs/-/react-compose-refs-1.1.2.tgz 24648ms (cache miss)
2721 http fetch GET 200 https://registry.npmjs.org/@react-pdf/pdfkit/-/pdfkit-3.2.0.tgz 24714ms (cache miss)
2722 http fetch GET 200 https://registry.npmjs.org/@radix-ui/react-checkbox/-/react-checkbox-1.3.3.tgz 24669ms (cache miss)
2723 http fetch GET 200 https://registry.npmjs.org/@radix-ui/react-accordion/-/react-accordion-1.2.12.tgz 24668ms (cache miss)
2724 http fetch GET 200 https://registry.npmjs.org/@protobufjs/path/-/path-1.1.2.tgz 24803ms (cache miss)
2725 http fetch GET 200 https://registry.npmjs.org/@protobufjs/utf8/-/utf8-1.1.0.tgz 24892ms (cache miss)
2726 http fetch GET 200 https://registry.npmjs.org/@radix-ui/react-alert-dialog/-/react-alert-dialog-1.1.15.tgz 24894ms (cache miss)
2727 http fetch GET 200 https://registry.npmjs.org/@tabler/icons/-/icons-3.35.0.tgz 25095ms (cache miss)
2728 http fetch GET 200 https://registry.npmjs.org/@radix-ui/number/-/number-1.1.1.tgz 24987ms (cache miss)
2729 http fetch GET 200 https://registry.npmjs.org/@protobufjs/pool/-/pool-1.1.0.tgz 24993ms (cache miss)
2730 http fetch GET 200 https://registry.npmjs.org/@protobufjs/float/-/float-1.0.2.tgz 25041ms (cache miss)
2731 http fetch GET 200 https://registry.npmjs.org/@protobufjs/eventemitter/-/eventemitter-1.1.0.tgz 25405ms (cache miss)
2732 http fetch GET 200 https://registry.npmjs.org/@protobufjs/inquire/-/inquire-1.1.0.tgz 25407ms (cache miss)
2733 http fetch GET 200 https://registry.npmjs.org/@protobufjs/aspromise/-/aspromise-1.1.2.tgz 25444ms (cache miss)
2734 http fetch GET 200 https://registry.npmjs.org/@protobufjs/fetch/-/fetch-1.1.0.tgz 25446ms (cache miss)
2735 http fetch GET 200 https://registry.npmjs.org/@protobufjs/base64/-/base64-1.1.2.tgz 25446ms (cache miss)
2736 http fetch GET 200 https://registry.npmjs.org/@protobufjs/codegen/-/codegen-2.0.4.tgz 25459ms (cache miss)
2737 http fetch GET 200 https://registry.npmjs.org/@pkgjs/parseargs/-/parseargs-0.11.0.tgz 25588ms (cache miss)
2738 http fetch GET 200 https://registry.npmjs.org/@nodelib/fs.walk/-/fs.walk-1.2.8.tgz 25831ms (cache miss)
2739 http fetch GET 200 https://registry.npmjs.org/@radix-ui/react-use-escape-keydown/-/react-use-escape-keydown-1.1.1.tgz 25841ms (cache miss)
2740 http fetch GET 200 https://registry.npmjs.org/@nodelib/fs.stat/-/fs.stat-2.0.5.tgz 25842ms (cache miss)
2741 http fetch GET 200 https://registry.npmjs.org/@nodelib/fs.scandir/-/fs.scandir-2.1.5.tgz 25860ms (cache miss)
2742 http fetch GET 200 https://registry.npmjs.org/@nolyfill/is-core-module/-/is-core-module-1.0.39.tgz 25940ms (cache miss)
2743 http fetch GET 200 https://registry.npmjs.org/@jridgewell/source-map/-/source-map-0.3.11.tgz 26198ms (cache miss)
2744 http fetch GET 200 https://registry.npmjs.org/@next/eslint-plugin-next/-/eslint-plugin-next-14.2.5.tgz 26497ms (cache miss)
2745 http fetch GET 200 https://registry.npmjs.org/@next/env/-/env-14.2.35.tgz 26583ms (cache miss)
2746 http fetch GET 200 https://registry.npmjs.org/@pdf-lib/upng/-/upng-1.0.1.tgz 26820ms (cache miss)
2747 http fetch GET 200 https://registry.npmjs.org/@humanwhocodes/module-importer/-/module-importer-1.0.1.tgz 26870ms (cache miss)
2748 http fetch GET 200 https://registry.npmjs.org/@humanwhocodes/object-schema/-/object-schema-2.0.3.tgz 26896ms (cache miss)
2749 warn deprecated @humanwhocodes/object-schema@2.0.3: Use @eslint/object-schema instead
2750 http fetch GET 200 https://registry.npmjs.org/@jridgewell/sourcemap-codec/-/sourcemap-codec-1.5.5.tgz 26916ms (cache miss)
2751 http fetch GET 200 https://registry.npmjs.org/@jridgewell/trace-mapping/-/trace-mapping-0.3.31.tgz 26937ms (cache miss)
2752 http fetch GET 200 https://registry.npmjs.org/@jridgewell/resolve-uri/-/resolve-uri-3.1.2.tgz 26966ms (cache miss)
2753 http fetch GET 200 https://registry.npmjs.org/@humanwhocodes/config-array/-/config-array-0.13.0.tgz 27068ms (cache miss)
2754 warn deprecated @humanwhocodes/config-array@0.13.0: Use @eslint/config-array instead
2755 http fetch GET 200 https://registry.npmjs.org/@grpc/proto-loader/-/proto-loader-0.7.15.tgz 27120ms (cache miss)
2756 http fetch GET 200 https://registry.npmjs.org/@floating-ui/utils/-/utils-0.2.10.tgz 27548ms (cache miss)
2757 http fetch GET 200 https://registry.npmjs.org/@floating-ui/react-dom/-/react-dom-2.1.6.tgz 27650ms (cache miss)
2758 http fetch GET 200 https://registry.npmjs.org/@firebase/logger/-/logger-0.4.2.tgz 27744ms (cache miss)
2759 http fetch GET 200 https://registry.npmjs.org/@firebase/database-types/-/database-types-1.0.5.tgz 27928ms (cache miss)
2760 http fetch GET 200 https://registry.npmjs.org/@floating-ui/dom/-/dom-1.7.4.tgz 28103ms (cache miss)
2761 http fetch GET 200 https://registry.npmjs.org/@hookform/resolvers/-/resolvers-3.10.0.tgz 28357ms (cache miss)
2762 http fetch GET 200 https://registry.npmjs.org/@floating-ui/core/-/core-1.7.3.tgz 28363ms (cache miss)
2763 http fetch GET 200 https://registry.npmjs.org/@firebase/auth-interop-types/-/auth-interop-types-0.2.3.tgz 28667ms (cache miss)
2764 http fetch GET 200 https://registry.npmjs.org/@firebase/component/-/component-0.6.9.tgz 28894ms (cache miss)
2765 http fetch GET 200 https://registry.npmjs.org/@firebase/app-check-interop-types/-/app-check-interop-types-0.3.2.tgz 29032ms (cache miss)
2766 http fetch GET 200 https://registry.npmjs.org/@firebase/app-types/-/app-types-0.9.2.tgz 29321ms (cache miss)
2767 http fetch GET 200 https://registry.npmjs.org/@eslint/js/-/js-8.57.1.tgz 29337ms (cache miss)
2768 http fetch GET 200 https://registry.npmjs.org/@cypress/request-promise/-/request-promise-5.0.0.tgz 30168ms (cache miss)
2769 http fetch GET 200 https://registry.npmjs.org/@cypress/request/-/request-3.0.9.tgz 30981ms (cache miss)
2770 http fetch GET 200 https://registry.npmjs.org/@eslint-community/eslint-utils/-/eslint-utils-4.9.0.tgz 31232ms (cache miss)
2771 http fetch GET 200 https://registry.npmjs.org/@eslint-community/regexpp/-/regexpp-4.12.1.tgz 31261ms (cache miss)
2772 http fetch GET 200 https://registry.npmjs.org/@aws-sdk/xml-builder/-/xml-builder-3.921.0.tgz 31273ms (cache miss)
2773 http fetch GET 200 https://registry.npmjs.org/@aws-sdk/util-user-agent-browser/-/util-user-agent-browser-3.922.0.tgz 31426ms (cache miss)
2774 http fetch GET 200 https://registry.npmjs.org/@pdf-lib/standard-fonts/-/standard-fonts-1.0.0.tgz 31735ms (cache miss)
2775 http fetch GET 200 https://registry.npmjs.org/@aws-sdk/util-user-agent-node/-/util-user-agent-node-3.926.0.tgz 31945ms (cache miss)
2776 http fetch GET 200 https://registry.npmjs.org/@babel/runtime/-/runtime-7.28.4.tgz 31967ms (cache miss)
2777 http fetch GET 200 https://registry.npmjs.org/@firebase/util/-/util-1.10.0.tgz 32027ms (cache miss)
2778 http fetch GET 200 https://registry.npmjs.org/@aws-sdk/util-format-url/-/util-format-url-3.922.0.tgz 32108ms (cache miss)
2779 http fetch GET 200 https://registry.npmjs.org/@aws-sdk/util-locate-window/-/util-locate-window-3.893.0.tgz 32110ms (cache miss)
2780 http fetch GET 200 https://registry.npmjs.org/@eslint/eslintrc/-/eslintrc-2.1.4.tgz 32286ms (cache miss)
2781 http fetch GET 200 https://registry.npmjs.org/@aws-sdk/util-endpoints/-/util-endpoints-3.922.0.tgz 32425ms (cache miss)
2782 http fetch GET 200 https://registry.npmjs.org/@aws-sdk/types/-/types-3.922.0.tgz 32558ms (cache miss)
2783 http fetch GET 200 https://registry.npmjs.org/@aws-sdk/util-arn-parser/-/util-arn-parser-3.893.0.tgz 32558ms (cache miss)
2784 http fetch GET 200 https://registry.npmjs.org/@aws-sdk/region-config-resolver/-/region-config-resolver-3.925.0.tgz 32999ms (cache miss)
2785 http fetch GET 200 https://registry.npmjs.org/@aws-sdk/middleware-ssec/-/middleware-ssec-3.922.0.tgz 33167ms (cache miss)
2786 http fetch GET 200 https://registry.npmjs.org/@aws-sdk/signature-v4-multi-region/-/signature-v4-multi-region-3.926.0.tgz 33185ms (cache miss)
2787 http fetch GET 200 https://registry.npmjs.org/@aws-sdk/token-providers/-/token-providers-3.926.0.tgz 33292ms (cache miss)
2788 http fetch GET 200 https://registry.npmjs.org/@aws-sdk/s3-request-presigner/-/s3-request-presigner-3.926.0.tgz 33464ms (cache miss)
2789 http fetch GET 200 https://registry.npmjs.org/@aws-sdk/middleware-user-agent/-/middleware-user-agent-3.926.0.tgz 33462ms (cache miss)
2790 http fetch GET 200 https://registry.npmjs.org/@jridgewell/gen-mapping/-/gen-mapping-0.3.13.tgz 33614ms (cache miss)
2791 http fetch GET 200 https://registry.npmjs.org/@aws-sdk/middleware-location-constraint/-/middleware-location-constraint-3.922.0.tgz 33713ms (cache miss)
2792 http fetch GET 200 https://registry.npmjs.org/@aws-sdk/middleware-sdk-s3/-/middleware-sdk-s3-3.926.0.tgz 33811ms (cache miss)
2793 http fetch GET 200 https://registry.npmjs.org/@aws-sdk/middleware-logger/-/middleware-logger-3.922.0.tgz 33865ms (cache miss)
2794 http fetch GET 200 https://registry.npmjs.org/@aws-sdk/middleware-recursion-detection/-/middleware-recursion-detection-3.922.0.tgz 33947ms (cache miss)
2795 http fetch GET 200 https://registry.npmjs.org/@aws-sdk/nested-clients/-/nested-clients-3.926.0.tgz 34062ms (cache miss)
2796 http fetch GET 200 https://registry.npmjs.org/@aws-sdk/middleware-host-header/-/middleware-host-header-3.922.0.tgz 34218ms (cache miss)
2797 http fetch GET 200 https://registry.npmjs.org/@aws-sdk/middleware-bucket-endpoint/-/middleware-bucket-endpoint-3.922.0.tgz 34330ms (cache miss)
2798 http fetch GET 200 https://registry.npmjs.org/@aws-sdk/credential-provider-sso/-/credential-provider-sso-3.926.0.tgz 34341ms (cache miss)
2799 http fetch GET 200 https://registry.npmjs.org/@google/generative-ai/-/generative-ai-0.16.1.tgz 34425ms (cache miss)
2800 http fetch GET 200 https://registry.npmjs.org/@firebase/database-compat/-/database-compat-1.0.8.tgz 34669ms (cache miss)
2801 http fetch GET 200 https://registry.npmjs.org/@aws-sdk/middleware-expect-continue/-/middleware-expect-continue-3.922.0.tgz 34691ms (cache miss)
2802 http fetch GET 200 https://registry.npmjs.org/@aws-sdk/credential-provider-web-identity/-/credential-provider-web-identity-3.926.0.tgz 34864ms (cache miss)
2803 http fetch GET 200 https://registry.npmjs.org/@aws-sdk/middleware-flexible-checksums/-/middleware-flexible-checksums-3.926.0.tgz 34873ms (cache miss)
2804 http fetch GET 200 https://registry.npmjs.org/@aws-sdk/credential-provider-ini/-/credential-provider-ini-3.926.0.tgz 34930ms (cache miss)
2805 http fetch GET 200 https://registry.npmjs.org/@aws-sdk/credential-provider-node/-/credential-provider-node-3.926.0.tgz 35078ms (cache miss)
2806 http fetch GET 200 https://registry.npmjs.org/@aws-sdk/credential-provider-http/-/credential-provider-http-3.926.0.tgz 35219ms (cache miss)
2807 http fetch GET 200 https://registry.npmjs.org/@aws-sdk/credential-provider-process/-/credential-provider-process-3.926.0.tgz 35228ms (cache miss)
2808 http fetch GET 200 https://registry.npmjs.org/@aws-sdk/credential-provider-env/-/credential-provider-env-3.926.0.tgz 35301ms (cache miss)
2809 http fetch GET 200 https://registry.npmjs.org/@aws-crypto/supports-web-crypto/-/supports-web-crypto-5.2.0.tgz 35862ms (cache miss)
2810 http fetch GET 200 https://registry.npmjs.org/@aws-crypto/sha256-browser/-/sha256-browser-5.2.0.tgz 35887ms (cache miss)
2811 http fetch GET 200 https://registry.npmjs.org/@aws-crypto/util/-/util-5.2.0.tgz 35961ms (cache miss)
2812 http fetch GET 200 https://registry.npmjs.org/@aws-sdk/core/-/core-3.926.0.tgz 35979ms (cache miss)
2813 http fetch GET 200 https://registry.npmjs.org/@aws-crypto/crc32c/-/crc32c-5.2.0.tgz 36040ms (cache miss)
2814 http fetch GET 200 https://registry.npmjs.org/@aws-crypto/sha256-js/-/sha256-js-5.2.0.tgz 36073ms (cache miss)
2815 http fetch GET 200 https://registry.npmjs.org/@aws-sdk/client-sso/-/client-sso-3.926.0.tgz 36176ms (cache miss)
2816 http fetch GET 200 https://registry.npmjs.org/@aws-crypto/crc32/-/crc32-5.2.0.tgz 36245ms (cache miss)
2817 http fetch GET 200 https://registry.npmjs.org/@aws/lambda-invoke-store/-/lambda-invoke-store-0.1.1.tgz 36254ms (cache miss)
2818 http fetch GET 200 https://registry.npmjs.org/@aws-crypto/sha1-browser/-/sha1-browser-5.2.0.tgz 36262ms (cache miss)
2819 http fetch GET 200 https://registry.npmjs.org/@alloc/quick-lru/-/quick-lru-5.2.0.tgz 36778ms (cache miss)
2820 http fetch GET 200 https://registry.npmjs.org/foreground-child/-/foreground-child-3.3.1.tgz 37313ms (cache miss)
2821 http fetch GET 200 https://registry.npmjs.org/flat-cache/-/flat-cache-3.2.0.tgz 37518ms (cache miss)
2822 http fetch GET 200 https://registry.npmjs.org/flatted/-/flatted-3.3.3.tgz 37520ms (cache miss)
2823 http fetch GET 200 https://registry.npmjs.org/find-yarn-workspace-root/-/find-yarn-workspace-root-2.0.0.tgz 37542ms (cache miss)
2824 http fetch GET 200 https://registry.npmjs.org/follow-redirects/-/follow-redirects-1.15.11.tgz 37617ms (cache miss)
2825 http fetch GET 200 https://registry.npmjs.org/fill-range/-/fill-range-7.1.1.tgz 38523ms (cache miss)
2826 http fetch GET 200 https://registry.npmjs.org/find-up/-/find-up-5.0.0.tgz 38726ms (cache miss)
2827 http fetch GET 200 https://registry.npmjs.org/file-type/-/file-type-3.9.0.tgz 38721ms (cache miss)
2828 http fetch GET 200 https://registry.npmjs.org/file-saver/-/file-saver-2.0.5.tgz 39108ms (cache miss)
2829 http fetch GET 200 https://registry.npmjs.org/file-entry-cache/-/file-entry-cache-6.0.1.tgz 39743ms (cache miss)
2830 http fetch GET 200 https://registry.npmjs.org/fastq/-/fastq-1.19.1.tgz 39988ms (cache miss)
2831 http fetch GET 200 https://registry.npmjs.org/fast-levenshtein/-/fast-levenshtein-2.0.6.tgz 40003ms (cache miss)
2832 http fetch GET 200 https://registry.npmjs.org/faye-websocket/-/faye-websocket-0.11.4.tgz 40083ms (cache miss)
2833 http fetch GET 200 https://registry.npmjs.org/fast-json-stable-stringify/-/fast-json-stable-stringify-2.1.0.tgz 41247ms (cache miss)
2834 http fetch GET 200 https://registry.npmjs.org/file-selector/-/file-selector-2.1.2.tgz 41511ms (cache miss)
2835 http fetch GET 200 https://registry.npmjs.org/fast-uri/-/fast-uri-3.1.0.tgz 41726ms (cache miss)
2836 http fetch GET 200 https://registry.npmjs.org/fast-xml-parser/-/fast-xml-parser-4.5.3.tgz 41783ms (cache miss)
2837 http fetch GET 200 https://registry.npmjs.org/fast-glob/-/fast-glob-3.3.3.tgz 42230ms (cache miss)
2838 http fetch GET 200 https://registry.npmjs.org/fast-deep-equal/-/fast-deep-equal-3.1.3.tgz 42306ms (cache miss)
2839 http fetch GET 200 https://registry.npmjs.org/extsprintf/-/extsprintf-1.3.0.tgz 42897ms (cache miss)
2840 http fetch GET 200 https://registry.npmjs.org/extend/-/extend-3.0.2.tgz 43094ms (cache miss)
2841 http fetch GET 200 https://registry.npmjs.org/@aws-sdk/client-s3/-/client-s3-3.926.0.tgz 43223ms (cache miss)
2842 http fetch GET 200 https://registry.npmjs.org/eventemitter3/-/eventemitter3-3.1.2.tgz 43448ms (cache miss)
2843 http fetch GET 200 https://registry.npmjs.org/events/-/events-3.3.0.tgz 43905ms (cache miss)
2844 http fetch GET 200 https://registry.npmjs.org/esutils/-/esutils-2.0.3.tgz 44438ms (cache miss)
2845 http fetch GET 200 https://registry.npmjs.org/fast-equals/-/fast-equals-5.3.2.tgz 44554ms (cache miss)
2846 http fetch GET 200 https://registry.npmjs.org/estraverse/-/estraverse-5.3.0.tgz 44653ms (cache miss)
2847 http fetch GET 200 https://registry.npmjs.org/estree-util-is-identifier-name/-/estree-util-is-identifier-name-3.0.0.tgz 44686ms (cache miss)
2848 http fetch GET 200 https://registry.npmjs.org/esrecurse/-/esrecurse-4.3.0.tgz 44941ms (cache miss)
2849 http fetch GET 200 https://registry.npmjs.org/espree/-/espree-9.6.1.tgz 45479ms (cache miss)
2850 http fetch GET 200 https://registry.npmjs.org/eslint-visitor-keys/-/eslint-visitor-keys-3.4.3.tgz 45537ms (cache miss)
2851 http fetch GET 200 https://registry.npmjs.org/eslint-scope/-/eslint-scope-7.2.2.tgz 46586ms (cache miss)
2852 http fetch GET 200 https://registry.npmjs.org/eslint-plugin-react-hooks/-/eslint-plugin-react-hooks-5.0.0-canary-7118f5dd7-20230705.tgz 46980ms (cache miss)
2853 http fetch GET 200 https://registry.npmjs.org/eslint-module-utils/-/eslint-module-utils-2.12.1.tgz 47299ms (cache miss)
2854 http fetch GET 200 https://registry.npmjs.org/eslint-import-resolver-node/-/eslint-import-resolver-node-0.3.9.tgz 47903ms (cache miss)
2855 http fetch GET 200 https://registry.npmjs.org/eslint-import-resolver-typescript/-/eslint-import-resolver-typescript-3.10.1.tgz 48878ms (cache miss)
2856 http fetch GET 200 https://registry.npmjs.org/eslint-config-next/-/eslint-config-next-14.2.5.tgz 49215ms (cache miss)
2857 http fetch GET 200 https://registry.npmjs.org/esquery/-/esquery-1.6.0.tgz 49965ms (cache miss)
2858 http fetch GET 200 https://registry.npmjs.org/escape-string-regexp/-/escape-string-regexp-4.0.0.tgz 50052ms (cache miss)
2859 http fetch GET 200 https://registry.npmjs.org/eslint-plugin-jsx-a11y/-/eslint-plugin-jsx-a11y-6.10.2.tgz 50894ms (cache miss)
2860 http fetch GET 200 https://registry.npmjs.org/eslint-plugin-react/-/eslint-plugin-react-7.37.5.tgz 50969ms (cache miss)
2861 http fetch GET 200 https://registry.npmjs.org/es-set-tostringtag/-/es-set-tostringtag-2.1.0.tgz 51274ms (cache miss)
2862 http fetch GET 200 https://registry.npmjs.org/es-to-primitive/-/es-to-primitive-1.3.0.tgz 51522ms (cache miss)
2863 http fetch GET 200 https://registry.npmjs.org/escalade/-/escalade-3.2.0.tgz 51658ms (cache miss)
2864 http fetch GET 200 https://registry.npmjs.org/es-object-atoms/-/es-object-atoms-1.1.1.tgz 51936ms (cache miss)
2865 http fetch GET 200 https://registry.npmjs.org/es-shim-unscopables/-/es-shim-unscopables-1.1.0.tgz 52570ms (cache miss)
2866 http fetch GET 200 https://registry.npmjs.org/es-errors/-/es-errors-1.3.0.tgz 52792ms (cache miss)
2867 http fetch GET 200 https://registry.npmjs.org/es-module-lexer/-/es-module-lexer-1.7.0.tgz 52838ms (cache miss)
2868 http fetch GET 200 https://registry.npmjs.org/es-define-property/-/es-define-property-1.0.1.tgz 53014ms (cache miss)
2869 http fetch GET 200 https://registry.npmjs.org/error-kid/-/error-kid-0.0.7.tgz 53837ms (cache miss)
2870 http fetch GET 200 https://registry.npmjs.org/es-iterator-helpers/-/es-iterator-helpers-1.2.1.tgz 54817ms (cache miss)
2871 http fetch GET 200 https://registry.npmjs.org/enhanced-resolve/-/enhanced-resolve-5.18.3.tgz 55074ms (cache miss)
2872 http fetch GET 200 https://registry.npmjs.org/framer-motion/-/framer-motion-11.18.2.tgz 55209ms (cache miss)
2873 http fetch GET 200 https://registry.npmjs.org/end-of-stream/-/end-of-stream-1.4.5.tgz 55142ms (cache miss)
2874 http fetch GET 200 https://registry.npmjs.org/emojis-list/-/emojis-list-3.0.0.tgz 55993ms (cache miss)
2875 http fetch GET 200 https://registry.npmjs.org/emoji-regex/-/emoji-regex-10.6.0.tgz 56088ms (cache miss)
2876 http fetch GET 200 https://registry.npmjs.org/ecc-jsbn/-/ecc-jsbn-0.1.2.tgz 56476ms (cache miss)
2877 http fetch GET 200 https://registry.npmjs.org/electron-to-chromium/-/electron-to-chromium-1.5.237.tgz 56783ms (cache miss)
2878 http fetch GET 200 https://registry.npmjs.org/dunder-proto/-/dunder-proto-1.0.1.tgz 57050ms (cache miss)
2879 http fetch GET 200 https://registry.npmjs.org/eastasianwidth/-/eastasianwidth-0.2.0.tgz 57051ms (cache miss)
2880 http fetch GET 200 https://registry.npmjs.org/dotenv/-/dotenv-16.6.1.tgz 57965ms (cache miss)
2881 http fetch GET 200 https://registry.npmjs.org/eslint-plugin-import/-/eslint-plugin-import-2.32.0.tgz 58812ms (cache miss)
2882 http fetch GET 200 https://registry.npmjs.org/doctrine/-/doctrine-3.0.0.tgz 58785ms (cache miss)
2883 http fetch GET 200 https://registry.npmjs.org/dlv/-/dlv-1.1.3.tgz 59249ms (cache miss)
2884 http fetch GET 200 https://registry.npmjs.org/dom-helpers/-/dom-helpers-5.2.1.tgz 59449ms (cache miss)
2885 http fetch GET 200 https://registry.npmjs.org/dir-glob/-/dir-glob-3.0.1.tgz 59761ms (cache miss)
2886 http fetch GET 200 https://registry.npmjs.org/didyoumean/-/didyoumean-1.2.2.tgz 59761ms (cache miss)
2887 http fetch GET 200 https://registry.npmjs.org/es-abstract/-/es-abstract-1.24.0.tgz 60113ms (cache miss)
2888 http fetch GET 200 https://registry.npmjs.org/devlop/-/devlop-1.1.0.tgz 60804ms (cache miss)
2889 http fetch GET 200 https://registry.npmjs.org/dfa/-/dfa-1.2.0.tgz 60956ms (cache miss)
2890 http fetch GET 200 https://registry.npmjs.org/dequal/-/dequal-2.0.3.tgz 61031ms (cache miss)
2891 http fetch GET 200 https://registry.npmjs.org/detect-node-es/-/detect-node-es-1.1.0.tgz 61130ms (cache miss)
2892 http fetch GET 200 https://registry.npmjs.org/@tabler/icons-react/-/icons-react-3.35.0.tgz 61543ms (cache miss)
2893 http fetch GET 200 https://registry.npmjs.org/define-properties/-/define-properties-1.2.1.tgz 61241ms (cache miss)
2894 http fetch GET 200 https://registry.npmjs.org/delayed-stream/-/delayed-stream-1.0.0.tgz 61962ms (cache miss)
2895 http fetch GET 200 https://registry.npmjs.org/decode-named-character-reference/-/decode-named-character-reference-1.2.0.tgz 62363ms (cache miss)
2896 http fetch GET 200 https://registry.npmjs.org/define-data-property/-/define-data-property-1.1.4.tgz 62598ms (cache miss)
2897 http fetch GET 200 https://registry.npmjs.org/deep-is/-/deep-is-0.1.4.tgz 62660ms (cache miss)
2898 http fetch GET 200 https://registry.npmjs.org/data-view-byte-offset/-/data-view-byte-offset-1.0.1.tgz 63437ms (cache miss)
2899 http fetch GET 200 https://registry.npmjs.org/debug/-/debug-4.4.3.tgz 63659ms (cache miss)
2900 http fetch GET 200 https://registry.npmjs.org/hyphen/-/hyphen-1.10.6.tgz 63872ms (cache miss)
2901 http fetch GET 200 https://registry.npmjs.org/data-view-byte-length/-/data-view-byte-length-1.0.2.tgz 64113ms (cache miss)
2902 http fetch GET 200 https://registry.npmjs.org/decimal.js-light/-/decimal.js-light-2.5.1.tgz 64118ms (cache miss)
2903 http fetch GET 200 https://registry.npmjs.org/dashdash/-/dashdash-1.14.1.tgz 64267ms (cache miss)
2904 http fetch GET 200 https://registry.npmjs.org/damerau-levenshtein/-/damerau-levenshtein-1.0.8.tgz 64715ms (cache miss)
2905 http fetch GET 200 https://registry.npmjs.org/eslint/-/eslint-8.57.1.tgz 65207ms (cache miss)
2906 warn deprecated eslint@8.57.1: This version is no longer supported. Please see https://eslint.org/version-support for other options.
2907 http fetch GET 200 https://registry.npmjs.org/d3-timer/-/d3-timer-3.0.1.tgz 65340ms (cache miss)
2908 http fetch GET 200 https://registry.npmjs.org/data-view-buffer/-/data-view-buffer-1.0.2.tgz 65380ms (cache miss)
2909 http fetch GET 200 https://registry.npmjs.org/d3-path/-/d3-path-3.1.0.tgz 66666ms (cache miss)
2910 http fetch GET 200 https://registry.npmjs.org/d3-time/-/d3-time-3.1.0.tgz 66693ms (cache miss)
2911 http fetch GET 200 https://registry.npmjs.org/d3-time-format/-/d3-time-format-4.1.0.tgz 66803ms (cache miss)
2912 http fetch GET 200 https://registry.npmjs.org/d3-color/-/d3-color-3.1.0.tgz 67126ms (cache miss)
2913 http fetch GET 200 https://registry.npmjs.org/d3-scale/-/d3-scale-4.0.2.tgz 67219ms (cache miss)
2914 http fetch GET 200 https://registry.npmjs.org/d3-shape/-/d3-shape-3.2.0.tgz 67300ms (cache miss)
2915 http fetch GET 200 https://registry.npmjs.org/fontkit/-/fontkit-2.0.4.tgz 67441ms (cache miss)
2916 http fetch GET 200 https://registry.npmjs.org/d3-interpolate/-/d3-interpolate-3.0.1.tgz 67490ms (cache miss)
2917 http fetch GET 200 https://registry.npmjs.org/d3-format/-/d3-format-3.1.0.tgz 67705ms (cache miss)
2918 http fetch GET 200 https://registry.npmjs.org/d3-ease/-/d3-ease-3.0.1.tgz 67923ms (cache miss)
2919 http fetch GET 200 https://registry.npmjs.org/cssesc/-/cssesc-3.0.0.tgz 68123ms (cache miss)
2920 http fetch GET 200 https://registry.npmjs.org/cross-spawn/-/cross-spawn-7.0.6.tgz 68485ms (cache miss)
2921 http fetch GET 200 https://registry.npmjs.org/cross-fetch/-/cross-fetch-3.2.0.tgz 68793ms (cache miss)
2922 http fetch GET 200 https://registry.npmjs.org/d3-array/-/d3-array-3.2.4.tgz 68985ms (cache miss)
2923 http fetch GET 200 https://registry.npmjs.org/core-util-is/-/core-util-is-1.0.3.tgz 69186ms (cache miss)
2924 http fetch GET 200 https://registry.npmjs.org/concat-map/-/concat-map-0.0.1.tgz 69319ms (cache miss)
2925 http fetch GET 200 https://registry.npmjs.org/crc-32/-/crc-32-1.2.2.tgz 69408ms (cache miss)
2926 http fetch GET 200 https://registry.npmjs.org/comma-separated-tokens/-/comma-separated-tokens-2.0.3.tgz 69525ms (cache miss)
2927 http fetch GET 200 https://registry.npmjs.org/@firebase/database/-/database-1.0.8.tgz 69972ms (cache miss)
2928 http fetch GET 200 https://registry.npmjs.org/color-name/-/color-name-1.1.4.tgz 69942ms (cache miss)
2929 http fetch GET 200 https://registry.npmjs.org/color-string/-/color-string-1.9.1.tgz 69944ms (cache miss)
2930 http fetch GET 200 https://registry.npmjs.org/crypto-js/-/crypto-js-4.2.0.tgz 70035ms (cache miss)
2931 http fetch GET 200 https://registry.npmjs.org/commander/-/commander-4.1.1.tgz 70118ms (cache miss)
2932 http fetch GET 200 https://registry.npmjs.org/combined-stream/-/combined-stream-1.0.8.tgz 70216ms (cache miss)
2933 http fetch GET 200 https://registry.npmjs.org/clone/-/clone-2.1.2.tgz 70497ms (cache miss)
2934 http fetch GET 200 https://registry.npmjs.org/color-convert/-/color-convert-2.0.1.tgz 70606ms (cache miss)
2935 http fetch GET 200 https://registry.npmjs.org/docx/-/docx-8.5.0.tgz 70921ms (cache miss)
2936 http fetch GET 200 https://registry.npmjs.org/clsx/-/clsx-2.1.1.tgz 70944ms (cache miss)
2937 http fetch GET 200 https://registry.npmjs.org/csstype/-/csstype-3.1.3.tgz 71058ms (cache miss)
2938 http fetch GET 200 https://registry.npmjs.org/client-only/-/client-only-0.0.1.tgz 71506ms (cache miss)
2939 http fetch GET 200 https://registry.npmjs.org/chrome-trace-event/-/chrome-trace-event-1.0.4.tgz 71519ms (cache miss)
2940 http fetch GET 200 https://registry.npmjs.org/class-variance-authority/-/class-variance-authority-0.7.1.tgz 71521ms (cache miss)
2941 http fetch GET 200 https://registry.npmjs.org/cliui/-/cliui-8.0.1.tgz 71588ms (cache miss)
2942 http fetch GET 200 https://registry.npmjs.org/ci-info/-/ci-info-3.9.0.tgz 71703ms (cache miss)
2943 http fetch GET 200 https://registry.npmjs.org/character-entities-legacy/-/character-entities-legacy-3.0.0.tgz 71914ms (cache miss)
2944 http fetch GET 200 https://registry.npmjs.org/character-reference-invalid/-/character-reference-invalid-2.0.1.tgz 72151ms (cache miss)
2945 http fetch GET 200 https://registry.npmjs.org/character-entities/-/character-entities-2.0.2.tgz 72278ms (cache miss)
2946 http fetch GET 200 https://registry.npmjs.org/chokidar/-/chokidar-3.6.0.tgz 72647ms (cache miss)
2947 http fetch GET 200 https://registry.npmjs.org/ccount/-/ccount-2.0.1.tgz 72727ms (cache miss)
2948 http fetch GET 200 https://registry.npmjs.org/caseless/-/caseless-0.12.0.tgz 72727ms (cache miss)
2949 http fetch GET 200 https://registry.npmjs.org/character-entities-html4/-/character-entities-html4-2.1.0.tgz 72827ms (cache miss)
2950 http fetch GET 200 https://registry.npmjs.org/chalk/-/chalk-4.1.2.tgz 72929ms (cache miss)
2951 http fetch GET 200 https://registry.npmjs.org/callsites/-/callsites-3.1.0.tgz 73530ms (cache miss)
2952 http fetch GET 200 https://registry.npmjs.org/camelcase-css/-/camelcase-css-2.0.1.tgz 73627ms (cache miss)
2953 http fetch GET 200 https://registry.npmjs.org/call-bound/-/call-bound-1.0.4.tgz 73848ms (cache miss)
2954 http fetch GET 200 https://registry.npmjs.org/buffer-from/-/buffer-from-1.1.2.tgz 73871ms (cache miss)
2955 http fetch GET 200 https://registry.npmjs.org/call-bind-apply-helpers/-/call-bind-apply-helpers-1.0.2.tgz 73946ms (cache miss)
2956 http fetch GET 200 https://registry.npmjs.org/call-bind/-/call-bind-1.0.8.tgz 74130ms (cache miss)
2957 http fetch GET 200 https://registry.npmjs.org/busboy/-/busboy-1.6.0.tgz 74537ms (cache miss)
2958 http fetch GET 200 https://registry.npmjs.org/browserslist/-/browserslist-4.23.1.tgz 74894ms (cache miss)
2959 http fetch GET 200 https://registry.npmjs.org/cfb/-/cfb-1.2.2.tgz 74956ms (cache miss)
2960 http fetch GET 200 https://registry.npmjs.org/braces/-/braces-3.0.3.tgz 75012ms (cache miss)
2961 http fetch GET 200 https://registry.npmjs.org/brace-expansion/-/brace-expansion-1.1.12.tgz 75324ms (cache miss)
2962 http fetch GET 200 https://registry.npmjs.org/browserify-zlib/-/browserify-zlib-0.2.0.tgz 75965ms (cache miss)
2963 http fetch GET 200 https://registry.npmjs.org/binary-extensions/-/binary-extensions-2.3.0.tgz 76291ms (cache miss)
2964 http fetch GET 200 https://registry.npmjs.org/bl/-/bl-1.2.3.tgz 76413ms (cache miss)
2965 http fetch GET 200 https://registry.npmjs.org/big.js/-/big.js-5.2.2.tgz 76754ms (cache miss)
2966 http fetch GET 200 https://registry.npmjs.org/bowser/-/bowser-2.12.1.tgz 77170ms (cache miss)
2967 http fetch GET 200 https://registry.npmjs.org/bidi-js/-/bidi-js-1.0.3.tgz 77616ms (cache miss)
2968 http fetch GET 200 https://registry.npmjs.org/balanced-match/-/balanced-match-1.0.2.tgz 77734ms (cache miss)
2969 http fetch GET 200 https://registry.npmjs.org/base64-js/-/base64-js-1.5.1.tgz 77767ms (cache miss)
2970 http fetch GET 200 https://registry.npmjs.org/bcrypt-pbkdf/-/bcrypt-pbkdf-1.0.2.tgz 78089ms (cache miss)
2971 http fetch GET 200 https://registry.npmjs.org/bail/-/bail-2.0.2.tgz 78130ms (cache miss)
2972 http fetch GET 200 https://registry.npmjs.org/aws-sign2/-/aws-sign2-0.7.0.tgz 79192ms (cache miss)
2973 http fetch GET 200 https://registry.npmjs.org/axobject-query/-/axobject-query-4.1.0.tgz 79423ms (cache miss)
2974 http fetch GET 200 https://registry.npmjs.org/attr-accept/-/attr-accept-2.2.5.tgz 79740ms (cache miss)
2975 http fetch GET 200 https://registry.npmjs.org/aws4/-/aws4-1.13.2.tgz 79949ms (cache miss)
2976 http fetch GET 200 https://registry.npmjs.org/bluebird/-/bluebird-3.7.2.tgz 80082ms (cache miss)
2977 http fetch GET 200 https://registry.npmjs.org/asynckit/-/asynckit-0.4.0.tgz 80447ms (cache miss)
2978 http fetch GET 200 https://registry.npmjs.org/available-typed-arrays/-/available-typed-arrays-1.0.7.tgz 80541ms (cache miss)
2979 http fetch GET 200 https://registry.npmjs.org/async-function/-/async-function-1.0.0.tgz 80835ms (cache miss)
2980 http fetch GET 200 https://registry.npmjs.org/assert-plus/-/assert-plus-1.0.0.tgz 81168ms (cache miss)
2981 http fetch GET 200 https://registry.npmjs.org/ast-types-flow/-/ast-types-flow-0.0.8.tgz 81222ms (cache miss)
2982 http fetch GET 200 https://registry.npmjs.org/@isaacs/cliui/-/cliui-8.0.2.tgz 81517ms (cache miss)
2983 http fetch GET 200 https://registry.npmjs.org/asn1/-/asn1-0.2.6.tgz 81539ms (cache miss)
2984 http fetch GET 200 https://registry.npmjs.org/arraybuffer.prototype.slice/-/arraybuffer.prototype.slice-1.0.4.tgz 82057ms (cache miss)
2985 http fetch GET 200 https://registry.npmjs.org/caniuse-lite/-/caniuse-lite-1.0.30001751.tgz 82290ms (cache miss)
2986 http fetch GET 200 https://registry.npmjs.org/array.prototype.flat/-/array.prototype.flat-1.3.3.tgz 82363ms (cache miss)
2987 http fetch GET 200 https://registry.npmjs.org/array.prototype.flatmap/-/array.prototype.flatmap-1.3.3.tgz 82364ms (cache miss)
2988 http fetch GET 200 https://registry.npmjs.org/array.prototype.tosorted/-/array.prototype.tosorted-1.1.4.tgz 82972ms (cache miss)
2989 http fetch GET 200 https://registry.npmjs.org/array.prototype.findlast/-/array.prototype.findlast-1.2.5.tgz 83152ms (cache miss)
2990 http fetch GET 200 https://registry.npmjs.org/array.prototype.findlastindex/-/array.prototype.findlastindex-1.2.6.tgz 83365ms (cache miss)
2991 http fetch GET 200 https://registry.npmjs.org/array.prototype.findindex/-/array.prototype.findindex-2.2.4.tgz 83385ms (cache miss)
2992 http fetch GET 200 https://registry.npmjs.org/array-union/-/array-union-2.1.0.tgz 83708ms (cache miss)
2993 http fetch GET 200 https://registry.npmjs.org/array-includes/-/array-includes-3.1.9.tgz 83742ms (cache miss)
2994 http fetch GET 200 https://registry.npmjs.org/array-buffer-byte-length/-/array-buffer-byte-length-1.0.2.tgz 84130ms (cache miss)
2995 http fetch GET 200 https://registry.npmjs.org/arg/-/arg-5.0.2.tgz 84699ms (cache miss)
2996 http fetch GET 200 https://registry.npmjs.org/aria-query/-/aria-query-5.3.2.tgz 84934ms (cache miss)
2997 http fetch GET 200 https://registry.npmjs.org/anymatch/-/anymatch-3.1.3.tgz 84989ms (cache miss)
2998 http fetch GET 200 https://registry.npmjs.org/@napi-rs/canvas/-/canvas-0.1.80.tgz 85613ms (cache miss)
2999 http fetch GET 200 https://registry.npmjs.org/any-promise/-/any-promise-1.3.0.tgz 85637ms (cache miss)
3000 http fetch GET 200 https://registry.npmjs.org/argparse/-/argparse-2.0.1.tgz 85778ms (cache miss)
3001 http fetch GET 200 https://registry.npmjs.org/brotli/-/brotli-1.3.3.tgz 85955ms (cache miss)
3002 http fetch GET 200 https://registry.npmjs.org/ansi-regex/-/ansi-regex-5.0.1.tgz 85907ms (cache miss)
3003 http fetch GET 200 https://registry.npmjs.org/ansi-styles/-/ansi-styles-4.3.0.tgz 86467ms (cache miss)
3004 http fetch GET 200 https://registry.npmjs.org/ajv-keywords/-/ajv-keywords-3.5.2.tgz 86649ms (cache miss)
3005 http fetch GET 200 https://registry.npmjs.org/ajv-formats/-/ajv-formats-2.1.1.tgz 86916ms (cache miss)
3006 http fetch GET 200 https://registry.npmjs.org/aria-hidden/-/aria-hidden-1.2.6.tgz 87010ms (cache miss)
3007 http fetch GET 200 https://registry.npmjs.org/adler-32/-/adler-32-1.3.1.tgz 87057ms (cache miss)
3008 http fetch GET 200 https://registry.npmjs.org/acorn-jsx/-/acorn-jsx-5.3.2.tgz 87056ms (cache miss)
3009 http fetch GET 200 https://registry.npmjs.org/@types/send/-/send-0.17.6.tgz 87788ms (cache miss)
3010 http fetch GET 200 https://registry.npmjs.org/acorn-import-phases/-/acorn-import-phases-1.0.4.tgz 87791ms (cache miss)
3011 http fetch GET 200 https://registry.npmjs.org/emoji-regex/-/emoji-regex-8.0.0.tgz 88080ms (cache miss)
3012 http fetch GET 200 https://registry.npmjs.org/abs-svg-path/-/abs-svg-path-0.1.1.tgz 88180ms (cache miss)
3013 http fetch GET 200 https://registry.npmjs.org/uuid/-/uuid-8.3.2.tgz 88704ms (cache miss)
3014 http fetch GET 200 https://registry.npmjs.org/emoji-regex/-/emoji-regex-8.0.0.tgz 88899ms (cache miss)
3015 http fetch GET 200 https://registry.npmjs.org/mime/-/mime-3.0.0.tgz 89260ms (cache miss)
3016 http fetch GET 200 https://registry.npmjs.org/ansi-regex/-/ansi-regex-6.2.2.tgz 89325ms (cache miss)
3017 http fetch GET 200 https://registry.npmjs.org/ansi-styles/-/ansi-styles-6.2.3.tgz 89584ms (cache miss)
3018 http fetch GET 200 https://registry.npmjs.org/strip-ansi/-/strip-ansi-7.1.2.tgz 89865ms (cache miss)
3019 http fetch GET 200 https://registry.npmjs.org/schema-utils/-/schema-utils-4.3.3.tgz 90509ms (cache miss)
3020 http fetch GET 200 https://registry.npmjs.org/estraverse/-/estraverse-4.3.0.tgz 90541ms (cache miss)
3021 http fetch GET 200 https://registry.npmjs.org/acorn/-/acorn-8.15.0.tgz 90617ms (cache miss)
3022 http fetch GET 200 https://registry.npmjs.org/json-schema-traverse/-/json-schema-traverse-1.0.0.tgz 90605ms (cache miss)
3023 http fetch GET 200 https://registry.npmjs.org/eslint-scope/-/eslint-scope-5.1.1.tgz 90889ms (cache miss)
3024 http fetch GET 200 https://registry.npmjs.org/ajv/-/ajv-6.12.6.tgz 91369ms (cache miss)
3025 http fetch GET 200 https://registry.npmjs.org/core-util-is/-/core-util-is-1.0.2.tgz 91458ms (cache miss)
3026 http fetch GET 200 https://registry.npmjs.org/ajv-keywords/-/ajv-keywords-5.1.0.tgz 91522ms (cache miss)
3027 http fetch GET 200 https://registry.npmjs.org/picomatch/-/picomatch-4.0.3.tgz 91851ms (cache miss)
3028 http fetch GET 200 https://registry.npmjs.org/json5/-/json5-1.0.2.tgz 92265ms (cache miss)
3029 http fetch GET 200 https://registry.npmjs.org/json-schema-traverse/-/json-schema-traverse-1.0.0.tgz 92453ms (cache miss)
3030 http fetch GET 200 https://registry.npmjs.org/fdir/-/fdir-6.5.0.tgz 92634ms (cache miss)
3031 http fetch GET 200 https://registry.npmjs.org/schema-utils/-/schema-utils-4.3.3.tgz 93094ms (cache miss)
3032 http fetch GET 200 https://registry.npmjs.org/axios/-/axios-1.12.2.tgz 93308ms (cache miss)
3033 http fetch GET 200 https://registry.npmjs.org/ajv-keywords/-/ajv-keywords-5.1.0.tgz 93636ms (cache miss)
3034 http fetch GET 200 https://registry.npmjs.org/https-proxy-agent/-/https-proxy-agent-5.0.1.tgz 93748ms (cache miss)
3035 http fetch GET 200 https://registry.npmjs.org/uuid/-/uuid-9.0.1.tgz 93779ms (cache miss)
3036 http fetch GET 200 https://registry.npmjs.org/axe-core/-/axe-core-4.11.0.tgz 94079ms (cache miss)
3037 http fetch GET 200 https://registry.npmjs.org/agent-base/-/agent-base-6.0.2.tgz 94069ms (cache miss)
3038 http fetch GET 200 https://registry.npmjs.org/strip-ansi/-/strip-ansi-7.1.2.tgz 94334ms (cache miss)
3039 http fetch GET 200 https://registry.npmjs.org/postcss-selector-parser/-/postcss-selector-parser-6.1.2.tgz 94758ms (cache miss)
3040 http fetch GET 200 https://registry.npmjs.org/ansi-regex/-/ansi-regex-6.2.2.tgz 94820ms (cache miss)
3041 http fetch GET 200 https://registry.npmjs.org/commander/-/commander-2.20.3.tgz 94824ms (cache miss)
3042 http fetch GET 200 https://registry.npmjs.org/safe-buffer/-/safe-buffer-5.1.2.tgz 94883ms (cache miss)
3043 http fetch GET 200 https://registry.npmjs.org/emoji-regex/-/emoji-regex-9.2.2.tgz 94930ms (cache miss)
3044 http fetch GET 200 https://registry.npmjs.org/emoji-regex/-/emoji-regex-8.0.0.tgz 94966ms (cache miss)
3045 http fetch GET 200 https://registry.npmjs.org/pako/-/pako-0.2.9.tgz 95426ms (cache miss)
3046 http fetch GET 200 https://registry.npmjs.org/ajv/-/ajv-8.17.1.tgz 95666ms (cache miss)
3047 http fetch GET 200 https://registry.npmjs.org/react-is/-/react-is-18.3.1.tgz 95671ms (cache miss)
3048 http fetch GET 200 https://registry.npmjs.org/glob/-/glob-7.2.3.tgz 95861ms (cache miss)
3049 warn deprecated glob@7.2.3: Glob versions prior to v9 are no longer supported
3050 http fetch GET 200 https://registry.npmjs.org/uuid/-/uuid-3.4.0.tgz 95867ms (cache miss)
3051 warn deprecated uuid@3.4.0: Please upgrade  to version 7 or higher.  Older versions may use Math.random() in certain circumstances, which is known to be problematic.  See https://v8.dev/blog/math-random for details.
3052 http fetch GET 200 https://registry.npmjs.org/jsprim/-/jsprim-1.4.2.tgz 95890ms (cache miss)
3053 http fetch GET 200 https://registry.npmjs.org/eventemitter3/-/eventemitter3-4.0.7.tgz 95955ms (cache miss)
3054 http fetch GET 200 https://registry.npmjs.org/scheduler/-/scheduler-0.23.2.tgz 96045ms (cache miss)
3055 http fetch GET 200 https://registry.npmjs.org/http-signature/-/http-signature-1.2.0.tgz 96569ms (cache miss)
3056 http fetch GET 200 https://registry.npmjs.org/tough-cookie/-/tough-cookie-2.5.0.tgz 96634ms (cache miss)
3057 http fetch GET 200 https://registry.npmjs.org/isarray/-/isarray-1.0.0.tgz 96669ms (cache miss)
3058 http fetch GET 200 https://registry.npmjs.org/qs/-/qs-6.5.3.tgz 96889ms (cache miss)
3059 http fetch GET 200 https://registry.npmjs.org/safe-buffer/-/safe-buffer-5.1.2.tgz 96909ms (cache miss)
3060 http fetch GET 200 https://registry.npmjs.org/tslib/-/tslib-1.14.1.tgz 96990ms (cache miss)
3061 http fetch GET 200 https://registry.npmjs.org/ajv/-/ajv-8.17.1.tgz 97163ms (cache miss)
3062 http fetch GET 200 https://registry.npmjs.org/form-data/-/form-data-2.3.3.tgz 97259ms (cache miss)
3063 http fetch GET 200 https://registry.npmjs.org/postcss-selector-parser/-/postcss-selector-parser-6.1.2.tgz 97504ms (cache miss)
3064 http fetch GET 200 https://registry.npmjs.org/nanoid/-/nanoid-3.3.11.tgz 97502ms (cache miss)
3065 http fetch GET 200 https://registry.npmjs.org/lru-cache/-/lru-cache-6.0.0.tgz 97584ms (cache miss)
3066 http fetch GET 200 https://registry.npmjs.org/object-hash/-/object-hash-2.2.0.tgz 97602ms (cache miss)
3067 http fetch GET 200 https://registry.npmjs.org/slash/-/slash-2.0.0.tgz 97788ms (cache miss)
3068 http fetch GET 200 https://registry.npmjs.org/@types/unist/-/unist-2.0.11.tgz 97789ms (cache miss)
3069 http fetch GET 200 https://registry.npmjs.org/debug/-/debug-3.2.7.tgz 98342ms (cache miss)
3070 http fetch GET 200 https://registry.npmjs.org/webidl-conversions/-/webidl-conversions-7.0.0.tgz 98644ms (cache miss)
3071 http fetch GET 200 https://registry.npmjs.org/lru-cache/-/lru-cache-6.0.0.tgz 98690ms (cache miss)
3072 http fetch GET 200 https://registry.npmjs.org/base64-js/-/base64-js-0.0.8.tgz 98711ms (cache miss)
3073 http fetch GET 200 https://registry.npmjs.org/uuid/-/uuid-8.3.2.tgz 99002ms (cache miss)
3074 http fetch GET 200 https://registry.npmjs.org/jose/-/jose-4.15.9.tgz 99034ms (cache miss)
3075 http fetch GET 200 https://registry.npmjs.org/whatwg-url/-/whatwg-url-14.2.0.tgz 99094ms (cache miss)
3076 http fetch GET 200 https://registry.npmjs.org/escape-string-regexp/-/escape-string-regexp-5.0.0.tgz 99116ms (cache miss)
3077 http fetch GET 200 https://registry.npmjs.org/jose/-/jose-4.15.9.tgz 99337ms (cache miss)
3078 http fetch GET 200 https://registry.npmjs.org/supports-color/-/supports-color-8.1.1.tgz 99484ms (cache miss)
3079 http fetch GET 200 https://registry.npmjs.org/jose/-/jose-4.15.9.tgz 99915ms (cache miss)
3080 http fetch GET 200 https://registry.npmjs.org/agent-base/-/agent-base-6.0.2.tgz 100088ms (cache miss)
3081 http fetch GET 200 https://registry.npmjs.org/gcp-metadata/-/gcp-metadata-6.1.1.tgz 100494ms (cache miss)
3082 http fetch GET 200 https://registry.npmjs.org/uuid/-/uuid-9.0.1.tgz 100571ms (cache miss)
3083 http fetch GET 200 https://registry.npmjs.org/uuid/-/uuid-9.0.1.tgz 100570ms (cache miss)
3084 http fetch GET 200 https://registry.npmjs.org/brace-expansion/-/brace-expansion-2.0.2.tgz 100638ms (cache miss)
3085 http fetch GET 200 https://registry.npmjs.org/@grpc/proto-loader/-/proto-loader-0.8.0.tgz 100803ms (cache miss)
3086 http fetch GET 200 https://registry.npmjs.org/@react-pdf/primitives/-/primitives-4.1.1.tgz 101827ms (cache miss)
3087 http fetch GET 200 https://registry.npmjs.org/tr46/-/tr46-5.1.1.tgz 102792ms (cache miss)
3088 http fetch GET 200 https://registry.npmjs.org/readable-stream/-/readable-stream-3.6.2.tgz 102821ms (cache miss)
3089 http fetch GET 200 https://registry.npmjs.org/brace-expansion/-/brace-expansion-2.0.2.tgz 103093ms (cache miss)
3090 http fetch GET 200 https://registry.npmjs.org/minimatch/-/minimatch-9.0.5.tgz 103315ms (cache miss)
3091 http fetch GET 200 https://registry.npmjs.org/@react-pdf/fns/-/fns-3.1.2.tgz 104443ms (cache miss)
3092 http fetch GET 200 https://registry.npmjs.org/@react-pdf/stylesheet/-/stylesheet-6.1.1.tgz 104565ms (cache miss)
3093 http fetch GET 200 https://registry.npmjs.org/@react-pdf/font/-/font-4.0.3.tgz 104580ms (cache miss)
3094 http fetch GET 200 https://registry.npmjs.org/@react-pdf/png-js/-/png-js-3.0.0.tgz 104614ms (cache miss)
3095 http fetch GET 200 https://registry.npmjs.org/ansi-regex/-/ansi-regex-6.2.2.tgz 104893ms (cache miss)
3096 http fetch GET 200 https://registry.npmjs.org/minimatch/-/minimatch-9.0.3.tgz 105367ms (cache miss)
3097 http fetch GET 200 https://registry.npmjs.org/strip-ansi/-/strip-ansi-7.1.2.tgz 105588ms (cache miss)
3098 http fetch GET 200 https://registry.npmjs.org/universalify/-/universalify-0.2.0.tgz 105892ms (cache miss)
3099 http fetch GET 200 https://registry.npmjs.org/tough-cookie/-/tough-cookie-4.1.4.tgz 106631ms (cache miss)
3100 http fetch GET 200 https://registry.npmjs.org/uuid/-/uuid-8.3.2.tgz 106665ms (cache miss)
3101 http fetch GET 200 https://registry.npmjs.org/form-data/-/form-data-4.0.4.tgz 106713ms (cache miss)
3102 http fetch GET 200 https://registry.npmjs.org/strnum/-/strnum-2.1.1.tgz 106927ms (cache miss)
3103 http fetch GET 200 https://registry.npmjs.org/@smithy/util-utf8/-/util-utf8-2.3.0.tgz 107499ms (cache miss)
3104 http fetch GET 200 https://registry.npmjs.org/@react-pdf/pdfkit/-/pdfkit-4.0.4.tgz 107621ms (cache miss)
3105 http fetch GET 200 https://registry.npmjs.org/@smithy/is-array-buffer/-/is-array-buffer-2.2.0.tgz 108094ms (cache miss)
3106 http fetch GET 200 https://registry.npmjs.org/@smithy/util-buffer-from/-/util-buffer-from-2.2.0.tgz 108104ms (cache miss)
3107 http fetch GET 200 https://registry.npmjs.org/@smithy/is-array-buffer/-/is-array-buffer-2.2.0.tgz 108106ms (cache miss)
3108 http fetch GET 200 https://registry.npmjs.org/@smithy/util-utf8/-/util-utf8-2.3.0.tgz 108123ms (cache miss)
3109 http fetch GET 200 https://registry.npmjs.org/@smithy/util-buffer-from/-/util-buffer-from-2.2.0.tgz 108698ms (cache miss)
3110 http fetch GET 200 https://registry.npmjs.org/@smithy/util-buffer-from/-/util-buffer-from-2.2.0.tgz 108699ms (cache miss)
3111 http fetch GET 200 https://registry.npmjs.org/@smithy/is-array-buffer/-/is-array-buffer-2.2.0.tgz 109174ms (cache miss)
3112 http fetch GET 200 https://registry.npmjs.org/@smithy/util-utf8/-/util-utf8-2.3.0.tgz 109295ms (cache miss)
3113 http fetch GET 200 https://registry.npmjs.org/glob-parent/-/glob-parent-5.1.2.tgz 109839ms (cache miss)
3114 http fetch GET 200 https://registry.npmjs.org/nanoid/-/nanoid-3.3.11.tgz 110143ms (cache miss)
3115 http fetch GET 200 https://registry.npmjs.org/postcss/-/postcss-8.4.31.tgz 110269ms (cache miss)
3116 http fetch GET 200 https://registry.npmjs.org/fast-xml-parser/-/fast-xml-parser-5.2.5.tgz 110384ms (cache miss)
3117 http fetch GET 200 https://registry.npmjs.org/@swc/helpers/-/helpers-0.5.5.tgz 110553ms (cache miss)
3118 http fetch GET 200 https://registry.npmjs.org/semver/-/semver-6.3.1.tgz 110697ms (cache miss)
3119 http fetch GET 200 https://registry.npmjs.org/debug/-/debug-3.2.7.tgz 111144ms (cache miss)
3120 http fetch GET 200 https://registry.npmjs.org/resolve/-/resolve-2.0.0-next.5.tgz 111166ms (cache miss)
3121 http fetch GET 200 https://registry.npmjs.org/doctrine/-/doctrine-2.1.0.tgz 111264ms (cache miss)
3122 http fetch GET 200 https://registry.npmjs.org/emoji-regex/-/emoji-regex-9.2.2.tgz 111319ms (cache miss)
3123 http fetch GET 200 https://registry.npmjs.org/doctrine/-/doctrine-2.1.0.tgz 111458ms (cache miss)
3124 http fetch GET 200 https://registry.npmjs.org/semver/-/semver-6.3.1.tgz 111574ms (cache miss)
3125 http fetch GET 200 https://registry.npmjs.org/@grpc/grpc-js/-/grpc-js-1.14.3.tgz 111832ms (cache miss)
3126 http fetch GET 200 https://registry.npmjs.org/debug/-/debug-3.2.7.tgz 111797ms (cache miss)
3127 http fetch GET 200 https://registry.npmjs.org/@types/node/-/node-22.19.3.tgz 111911ms (cache miss)
3128 http fetch GET 200 https://registry.npmjs.org/emoji-regex/-/emoji-regex-8.0.0.tgz 111895ms (cache miss)
3129 http fetch GET 200 https://registry.npmjs.org/glob-parent/-/glob-parent-5.1.2.tgz 112135ms (cache miss)
3130 http fetch GET 200 https://registry.npmjs.org/debug/-/debug-3.2.7.tgz 112236ms (cache miss)
3131 http fetch GET 200 https://registry.npmjs.org/form-data/-/form-data-4.0.4.tgz 112405ms (cache miss)
3132 http fetch GET 200 https://registry.npmjs.org/json-schema-traverse/-/json-schema-traverse-1.0.0.tgz 112716ms (cache miss)
3133 http fetch GET 200 https://registry.npmjs.org/form-data 109062ms (cache miss)
3134 silly packumentCache corgi:https://registry.npmjs.org/form-data set size:undefined disposed:false
3135 http fetch GET 200 https://registry.npmjs.org/js-yaml 109277ms (cache miss)
3136 silly packumentCache corgi:https://registry.npmjs.org/js-yaml set size:undefined disposed:false
3137 http fetch GET 200 https://registry.npmjs.org/tough-cookie 109282ms (cache miss)
3138 silly packumentCache corgi:https://registry.npmjs.org/tough-cookie set size:undefined disposed:false
3139 http fetch GET 200 https://registry.npmjs.org/mdast-util-to-hast 110013ms (cache miss)
3140 silly packumentCache corgi:https://registry.npmjs.org/mdast-util-to-hast set size:undefined disposed:false
3141 http fetch GET 200 https://registry.npmjs.org/codepage/-/codepage-1.15.0.tgz 114199ms (cache miss)
3142 http fetch GET 200 https://registry.npmjs.org/glob 110143ms (cache miss)
3143 silly packumentCache corgi:https://registry.npmjs.org/glob set size:undefined disposed:false
3144 http fetch GET 200 https://registry.npmjs.org/request 110281ms (cache miss)
3145 silly packumentCache corgi:https://registry.npmjs.org/request set size:undefined disposed:false
3146 http fetch GET 200 https://registry.npmjs.org/qs 110375ms (cache miss)
3147 silly packumentCache corgi:https://registry.npmjs.org/qs set size:undefined disposed:false
3148 http fetch GET 200 https://registry.npmjs.org/xlsx 110929ms (cache miss)
3149 silly packumentCache corgi:https://registry.npmjs.org/xlsx set size:undefined disposed:false
3150 silly packumentCache corgi:https://registry.npmjs.org/@next%2feslint-plugin-next cache-miss
3151 silly packumentCache corgi:https://registry.npmjs.org/sucrase cache-miss
3152 http fetch GET 200 https://registry.npmjs.org/sucrase 1639ms (cache miss)
3153 silly packumentCache corgi:https://registry.npmjs.org/sucrase set size:undefined disposed:false
3154 http fetch GET 200 https://registry.npmjs.org/ajv/-/ajv-8.17.1.tgz 116733ms (cache miss)
3155 http fetch GET 200 https://registry.npmjs.org/date-fns/-/date-fns-3.6.0.tgz 128413ms (cache miss)
3156 http fetch GET 200 https://registry.npmjs.org/typescript/-/typescript-5.9.3.tgz 131055ms (cache miss)
3157 http fetch GET 200 https://registry.npmjs.org/@next%2feslint-plugin-next 16090ms (cache miss)
3158 silly packumentCache corgi:https://registry.npmjs.org/@next%2feslint-plugin-next set size:undefined disposed:false
3159 silly packumentCache corgi:https://registry.npmjs.org/@eslint%2feslintrc cache-miss
3160 silly packumentCache corgi:https://registry.npmjs.org/eslint cache-miss
3161 http fetch GET 200 https://registry.npmjs.org/@eslint%2feslintrc 888ms (cache miss)
3162 silly packumentCache corgi:https://registry.npmjs.org/@eslint%2feslintrc set size:undefined disposed:false
3163 http fetch GET 200 https://registry.npmjs.org/eslint 2207ms (cache miss)
3164 silly packumentCache corgi:https://registry.npmjs.org/eslint set size:undefined disposed:false
3165 silly packumentCache corgi:https://registry.npmjs.org/react-markdown cache-miss
3166 silly packumentCache corgi:https://registry.npmjs.org/remark-rehype cache-miss
3167 http fetch GET 200 https://registry.npmjs.org/remark-rehype 1046ms (cache miss)
3168 silly packumentCache corgi:https://registry.npmjs.org/remark-rehype set size:undefined disposed:false
3169 http fetch GET 200 https://registry.npmjs.org/react-markdown 1633ms (cache miss)
3170 silly packumentCache corgi:https://registry.npmjs.org/react-markdown set size:undefined disposed:false
3171 silly packumentCache corgi:https://registry.npmjs.org/@cypress%2frequest cache-miss
3172 http fetch GET 200 https://registry.npmjs.org/@cypress%2frequest 1101ms (cache miss)
3173 silly packumentCache corgi:https://registry.npmjs.org/@cypress%2frequest set size:undefined disposed:false
3174 silly packumentCache corgi:https://registry.npmjs.org/request-promise-core cache-miss
3175 http fetch GET 200 https://registry.npmjs.org/request-promise-core 661ms (cache miss)
3176 silly packumentCache corgi:https://registry.npmjs.org/request-promise-core set size:undefined disposed:false
3177 silly packumentCache corgi:https://registry.npmjs.org/eslint-config-next cache-miss
3178 http fetch GET 200 https://registry.npmjs.org/eslint-config-next 8848ms (cache miss)
3179 silly packumentCache corgi:https://registry.npmjs.org/eslint-config-next set size:undefined disposed:false
3180 silly packumentCache corgi:https://registry.npmjs.org/@cypress%2frequest-promise cache-miss
3181 silly packumentCache corgi:https://registry.npmjs.org/node-telegram-bot-api cache-miss
3182 http fetch GET 200 https://registry.npmjs.org/@cypress%2frequest-promise 556ms (cache miss)
3183 silly packumentCache corgi:https://registry.npmjs.org/@cypress%2frequest-promise set size:undefined disposed:false
3184 http fetch GET 200 https://registry.npmjs.org/node-telegram-bot-api 638ms (cache miss)
3185 silly packumentCache corgi:https://registry.npmjs.org/node-telegram-bot-api set size:undefined disposed:false
3186 http fetch GET 200 https://registry.npmjs.org/@napi-rs/canvas-darwin-x64/-/canvas-darwin-x64-0.1.80.tgz 201427ms (cache miss)
3187 http fetch GET 200 https://registry.npmjs.org/next/-/next-14.2.35.tgz 273006ms (cache miss)
